-- phpMyAdmin SQL Dump
-- version 4.5.1
-- http://www.phpmyadmin.net
--
-- Host: 127.0.0.1
-- Generation Time: Dec 27, 2017 at 09:12 AM
-- Server version: 10.1.16-MariaDB
-- PHP Version: 5.6.24

SET SQL_MODE = "NO_AUTO_VALUE_ON_ZERO";
SET time_zone = "+00:00";


/*!40101 SET @OLD_CHARACTER_SET_CLIENT=@@CHARACTER_SET_CLIENT */;
/*!40101 SET @OLD_CHARACTER_SET_RESULTS=@@CHARACTER_SET_RESULTS */;
/*!40101 SET @OLD_COLLATION_CONNECTION=@@COLLATION_CONNECTION */;
/*!40101 SET NAMES utf8mb4 */;

--
-- Database: `logisticsbilling_new`
--

-- --------------------------------------------------------

--
-- Table structure for table `tbl_admin_login`
--

CREATE TABLE `tbl_admin_login` (
  `Admin_Id` tinyint(4) NOT NULL,
  `username` char(20) NOT NULL,
  `password` varchar(20) NOT NULL
) ENGINE=InnoDB DEFAULT CHARSET=latin1;

--
-- Dumping data for table `tbl_admin_login`
--

INSERT INTO `tbl_admin_login` (`Admin_Id`, `username`, `password`) VALUES
(1, 'admin', 'india');

-- --------------------------------------------------------

--
-- Table structure for table `tbl_banks`
--

CREATE TABLE `tbl_banks` (
  `Bank_Id` int(11) NOT NULL,
  `Bank_Name` char(20) NOT NULL,
  `Account_Name` char(20) NOT NULL,
  `Account_No` char(20) NOT NULL,
  `Branch_Address` char(20) NOT NULL,
  `IFSC_Code` char(20) NOT NULL,
  `Branch_Id` smallint(6) DEFAULT NULL
) ENGINE=InnoDB DEFAULT CHARSET=latin1;

--
-- Dumping data for table `tbl_banks`
--

INSERT INTO `tbl_banks` (`Bank_Id`, `Bank_Name`, `Account_Name`, `Account_No`, `Branch_Address`, `IFSC_Code`, `Branch_Id`) VALUES
(1, 'PNB', 'richa', '123456', 'powerhouse', '23sdf', 1),
(2, 'SBI', 'seema', '12345', 'Risali', '12saed', 1);

-- --------------------------------------------------------

--
-- Table structure for table `tbl_branchs`
--

CREATE TABLE `tbl_branchs` (
  `Branch_Id` smallint(6) NOT NULL,
  `Branch_Code` varchar(20) NOT NULL,
  `Branch_Name` char(50) NOT NULL,
  `Franchise_Name` varchar(100) NOT NULL,
  `Franchise_Logo` varchar(75) DEFAULT NULL,
  `Contact_Person` char(20) NOT NULL,
  `Address` char(150) NOT NULL,
  `Destination_Id` smallint(6) DEFAULT NULL,
  `GSTIN` varchar(20) NOT NULL,
  `Service_Tax_No` varchar(20) NOT NULL,
  `PAN_No` varchar(10) NOT NULL,
  `Contact_No` varchar(11) DEFAULT NULL,
  `Email` char(50) DEFAULT NULL,
  `Password` char(20) DEFAULT NULL,
  `Is_Active` tinyint(4) NOT NULL COMMENT '0-Inactive, 1-active'
) ENGINE=InnoDB DEFAULT CHARSET=latin1;

--
-- Dumping data for table `tbl_branchs`
--

INSERT INTO `tbl_branchs` (`Branch_Id`, `Branch_Code`, `Branch_Name`, `Franchise_Name`, `Franchise_Logo`, `Contact_Person`, `Address`, `Destination_Id`, `GSTIN`, `Service_Tax_No`, `PAN_No`, `Contact_No`, `Email`, `Password`, `Is_Active`) VALUES
(1, '1', 'KESHRI EXPRESS PRIVATE LIMITED', 'GMS Worldwide Express Private Limited', '1491923782.png', 'S P KESHRI', '106 Esskay Plaza, Near Anand Talkies, Moudhapara, Raipur-492001, Chhattisgarh', 1053, '22AAGCK2836D1ZY', 'AAGCK2836DSD001', 'AAGCK2836D', '07714004544', 'keshriexpress@gmail.com', '@abcd1234#$', 1),
(2, '2', 'M/S KESHRI EXPRESS PRIVATE LIMITED', 'Fr. On Dot Couriers & Cargo Ltd', '1502366393.jpg', 'MR YOGESH', '268 First Floor, Dhillon Complex, Supela, Bhilai-490023', 154, '22AAGCK2836D1ZY', 'AEJPC5121RSD001', 'AAGCK2836D', '9303340016', 'bhilai@ondotcouriers.in', '@abcd1234@##', 1),
(7, '3', 'KESHRI  EXPRESS PRIVATE LIMITED', 'GMS Worldwide Express Private Limited', '1493802672.png', 'MR PREM KUMAR DAHIRE', '106 ESSKAY PLAZA, NEAR ANAND TALKIES, MOUDHAPARA, RAIPUR', 1385, '22AAGCK2836D1ZY', 'AAGCK2836DSD001', 'AAGCK2836D', '07714004544', 'bemetara@gmsworldwide.com', '@abcd1234#$', 1),
(8, '4', 'KESHRI EXPRESS  PRIVATE LIMITED', 'GMS Worldwide Express Private Limited', '1493802941.png', 'MR YOGESH', '268 FIRST FLOOR, DHILLON COMPLEX, SUPELA, BHILAI', 154, '22AAGCK2836D1ZY', 'AAGCK2836DSD001', 'AAGCK2836D', '9303340016', 'bhilai@gmsworldwide.com', '@abcd1234#$', 1),
(11, '5', 'KESHRI EXPRESS PRIVATE  LIMITED', 'GMS Worldwide Express Pvt Ltd', '1493803173.png', 'MR NAGESH', '106 ESSKAY PLAZA, NEAR ANAND TALKIES, MOUDHAPARA, RAIPUR', 1387, '22AAGCK2836D1ZY', 'AAGCK2836DSD001', 'AAGCK2836D', '9926142214', 'rajim@gmsworldwide.com', '@abcd1234#$', 1),
(12, '6', 'KESHRI EXPRESS PVT LTD', 'GMS Worldwide Express Pvt Ltd', '1493888469.png', 'Mukesh Sahu', '106 ESSKAY PLAZA, NEAR ANAND TALKIES, MOUDHAPARA, RAIPUR', 1390, '22AAGCK2836D1ZY', 'AAGCK2836DSD001', 'AAGCK2836D', '7089168878', 'mahasamund@gmsworldwide.com', '@abcd1234#$', 1),
(13, '7', 'KESHRI EXPRESS PVT  LTD', 'GMS Worldwide Express Pvt Ltd', '1493888622.png', 'Mr Sunil Agarwal', '106 ESSKAY PLAZA, NEAR ANAND TALKIES, MOUDHAPARA, RAIPUR', 1379, '22AAGCK2836D1ZY', 'AAGCK2836DSD001', 'AAGCK2836D', '9165581693', 'saraipali@gmsworldwide.com', '@abcd1234#$', 1),
(14, '8', 'KESHRI EXPRESS  PVT LTD', 'GMS Worldwide Express Pvt Ltd', '1493888764.png', 'Mr Bindu', '106 ESSKAY PLAZA, NEAR ANAND TALKIES, MOUDHAPARA, RAIPUR', 1395, '22AAGCK2836D1ZY', 'AAGCK2836DSD001', 'AAGCK2836D', '9669848914', 'jashpur@gmsworldwide.com', '@abcd1234#$', 1),
(15, '9', 'KESHRI  EXPRESS PVT LTD', 'GMS Worldwide Express Pvt Ltd', '1493888925.png', 'Mr Santu Sahu', '106 ESSKAY PLAZA, NEAR ANAND TALKIES, MOUDHAPARA, RAIPUR', 1391, '22AAGCK2836D1ZY', 'AAGCK2836DSD001', 'AAGCK2836D', '9827422074', 'bilaspur@gmsworldwide.com', '@abcd1234#$', 1),
(20, '10', 'KESHRI  EXPRESS  PVT LTD', 'GMS WORLDWIDE EXPRESS PVT  LTD', '1493890721.png', 'O P GUPTA', '106 ESSKAY PLAZA, NEAR ANAND TALKIES, MOUDHAPARA, RAIPUR', 1397, '22AAGCK2836D1ZY', 'AAGCK2836DSD001', 'AAGCK2836D', '07714004544', 'bhatapara@gmsworldwide.com', '@abcd1234#$', 1),
(25, '11', 'KESHRI EXPRESS   PRIVATE LIMITED', 'GMS WORLDWIDE EXPRESS PVT LTD', '1495273046.png', 'S P KESHRI', '106 Esskay Plaza, Near Anand Talkies, Raipur', 3, '22AAGCK2836D1ZY', 'AAGCK2836DSD001', 'AAGCK2836D', '07714004544', 'ambikapur@gmsworldwide.com', '@abcd1234#$', 1),
(26, '12', 'SECURE EXPRESS PRIVATE LIMITED', '', '1496763418.', 'SANTOSH CHOUDHARY', '106 ESSKAY PLAZA, NEAR ANAND TALKIES, MOUDHAPARA, RAIPUR-492001', 1053, '', '', '', '8818942949', 'cg@secure.com', '@abcd1234#$', 1);

-- --------------------------------------------------------

--
-- Table structure for table `tbl_clients`
--

CREATE TABLE `tbl_clients` (
  `Client_Id` int(11) NOT NULL,
  `Joining_Date` date NOT NULL,
  `Client_Code` int(20) NOT NULL,
  `Client_Name` char(50) NOT NULL COMMENT 'point of contact in case of big company',
  `Destination_Id` smallint(6) DEFAULT NULL,
  `Address` char(200) DEFAULT NULL,
  `Billing_Address` char(200) NOT NULL,
  `Contact_No` varchar(11) DEFAULT NULL,
  `GST_Within_State` tinyint(4) NOT NULL COMMENT '1 for within state, 0 for not within state',
  `GSTIN_No` varchar(20) NOT NULL,
  `PAN_No` varchar(75) NOT NULL,
  `Insurance_Percent` float NOT NULL,
  `Fuel_Surcharge` float DEFAULT NULL,
  `Email` char(50) NOT NULL,
  `Password` char(20) NOT NULL,
  `Branch_Id` smallint(6) NOT NULL,
  `Is_Active` tinyint(1) NOT NULL
) ENGINE=InnoDB DEFAULT CHARSET=latin1;

--
-- Dumping data for table `tbl_clients`
--

INSERT INTO `tbl_clients` (`Client_Id`, `Joining_Date`, `Client_Code`, `Client_Name`, `Destination_Id`, `Address`, `Billing_Address`, `Contact_No`, `GST_Within_State`, `GSTIN_No`, `PAN_No`, `Insurance_Percent`, `Fuel_Surcharge`, `Email`, `Password`, `Branch_Id`, `Is_Active`) VALUES
(1, '2017-04-11', 1, 'IDBI BANK LTD (CIVIL LINE BRANCH)', 1053, 'Dev Tower , Nr Holy Heart School Civil Line Raipur 492001 (CG)', 'Dev Tower , Nr Holy Heart School Civil Line Raipur 492001 (CG)', '7714222801', 0, '22AABCI8842G1ZP', 'AABCI8842G', 0, 0, '1suresh.swain@idbi.co.in', '@abcd1234', 1, 1),
(2, '2017-04-11', 2, 'KOTAK MAHINDRA BANK LTD', 1053, 'Ground Floor, Dhand Compound, Block No 15, Plot No 17/40, Civil Lines, Raipur', 'Ground Floor, Dhand Compound, Block No 15, Plot No 17/40, Civil Lines, Raipur', '0771400123', 0, '22AAACK4409J1ZU ', 'AAACK4409J', 0, 20, '1raipur@kotak.net', '@abcd1234', 1, 1),
(3, '2017-04-12', 3, 'REAL ISPAT & POWER LTD ( BORJHARA PLANT)', 1053, 'BENDRI ROAD BORJHARA RAIPUR', 'BENDRI ROAD BORJHARA RAIPUR', '7714224111', 0, '22AABCR9986L1ZQ', 'AABCR9986L', 0, 10, '1real@realispat.com', '@abcd1234', 1, 1),
(4, '2017-04-12', 4, 'IDBI BANK LTD ( MOWA BRANCH)', 1053, 'MOWA BRANCH  C. G ELITE, GROUND FLOOR OPP. MANDI GATE PANDRI MOWA', 'MOWA BRANCH  C. G ELITE, GROUND FLOOR OPP. MANDI GATE PANDRI MOWA', '7716050026', 0, '22AABCI8842G1ZP', 'AABCI8842G', 2, 0, '1RAIPUR@IDBI.CO.IN', '@abcd1234', 1, 1),
(5, '2017-04-12', 5, 'IDBI BANK LTD ( FAFADIH BRANCH)', 1053, 'FAFADIH BRANCH RAIPUR', 'FAFADIH BRANCH RAIPUR', '9754202100', 0, '22AABCI8842G1ZP', 'AABCI8842G', 2, 0, '1ASHOK.SONI@IDBI.CO.IN', '@abcd1234', 1, 1),
(6, '2017-04-13', 6, 'UNION BANK OF INDIA', 1053, 'BHATIYA COMPLEX MAIN ROAD PANDRI RAIPUR', 'BHATIYA COMPLEX MAIN ROAD PANDRI RAIPUR', '9425242949', 0, '22AAACU0564G1ZR', 'AAACU0564G', 2, 20, '1raipur@uninbk.m', '@abcd1234', 1, 1),
(7, '2017-04-14', 7, 'METHODEX SYSYTEMS PVT LTD', 1053, 'Ashoka Millenium, Ring Rd No: 1, Priyadarshini Nagar Colony, New Rajendra Nagar, Raipur, Chhattisgarh 492001', '', '90090 61119', 0, '22AAACM1924E1Z5', '', 2, 20, 'testing@gmail.com', '123456', 1, 1),
(8, '2017-04-14', 8, 'MRC TRANSOLUTIONS PVT LTD', 1053, 'TATIBANDH RAIPUR', '', '8569451552', 0, '', '', 2, 0, 'mrc@raipurgmail.com', '@abcd1234', 1, 1),
(9, '2017-04-14', 9, 'ASHA BUSINESS CORPORATION', 1053, 'MOHBA BAZAR RAIPUR', 'MOHBA BAZAR RAIPUR', '8770902502', 0, '22ACHPJ3820E1Z7', 'ACHPJ3820E', 2, 20, 'agrimas@raipur.com', '@abcd1234', 1, 1),
(10, '2017-04-14', 10, 'TIRUPATI COPORATION PVT LTD', 1053, 'TATIBANDH RAIPUR', 'TATIBANDH RAIPUR', '8818887634', 0, '22AAECTO745NI1ZA', 'AAECTO745N', 2, 20, '1accounts@tirupatisteel.com', '@abcd1234', 1, 1),
(11, '2017-04-14', 11, 'C & S ELECTRIC LTD', 1053, 'MARUTI HEIGHT MOHBA BAZAR RAIPUR', 'MARUTI HEIGHT MOHBA BAZAR RAIPUR', '7714061404', 0, '22AAACC0909K1Z3', 'AAACC0909K', 2, 20, '1raipur@cselectric.co.in', '@abcd1234', 1, 1),
(12, '2017-04-14', 12, 'STARGAZE ENTERTAINMENT PVT.LTD', 1053, 'R K MALL MOHBA BAZAR RAIPUR', '', '9584646444', 0, '', '', 2, 20, '1GLTIZ@RAIPUR.COM', '@abcd1234', 1, 0),
(13, '2017-04-17', 13, 'REAL  ISPAT & POWER LTD (URLA PLANT)', 1053, 'PLOT NO 315 & 321,urla industrail Area Raipur493221', 'PLOT NO 315 & 321,urla industrail Area Raipur493221', '7713051000', 0, '22AABCR9986L1ZQ', 'AABCR9986L', 2, 10, '1steel@gktmt.com', '@abcd1234', 1, 1),
(14, '2017-04-17', 14, 'IDBI  BANK LTD (RAWABHATA BRANCH)', 1053, 'RAWABHATA BRANCH BLOCK6,WB DR KHUBCHAND BAGEL TRANSPORT NAGAR URLA INDUSTRIAL AREA RAIPUR', 'RAWABHATA BRANCH BLOCK6,WB DR KHUBCHAND BAGEL TRANSPORT NAGAR URLA INDUSTRIAL AREA RAIPUR', '8827189569', 0, '22AABCI8842G1ZP', 'AABCI8842G', 2, 0, '1idbi@gmail.com', '@abcd1234', 1, 1),
(15, '2017-04-20', 15, 'AGS TRANSACT TECHNOLOGIES PVT LTD', 1053, 'INDORE', '', '9826147494', 0, '', '', 2, 0, '1ags@indore.com', '@abcd1234', 1, 1),
(16, '2017-04-20', 16, 'ASHOK BROTHERS', 1053, 'M G ROAD RAIPUR', 'M G ROAD RAIPUR', '7714031655', 0, '22AAIFA3519J1ZP', 'AAIFA3519J', 2, 10, '1ashokbrothes@gmail.com', '@abcd1234', 1, 1),
(17, '2017-04-20', 17, 'AXIS ASSET MANAGEMENT CO LTD', 1053, 'RAHEJA TOWER JAIL ROAD FAFADIH RAIPUR', 'RAHEJA TOWER JAIL ROAD FAFADIH RAIPUR', '7716460615', 0, '', '', 2, 10, '1pratima.lakra@axismf.com', '@abcd1234', 1, 1),
(18, '2017-04-20', 18, 'BANK OF BARODA', 1053, 'K K ROAD MOUDHAPARA RAIPUR', 'K K ROAD MOUDHAPARA RAIPUR', '7712582360', 0, '22AAACB1534F2ZF', 'AAACB1534F', 2, 20, '1bankofbaroda@gmail.com', '@abcd1234', 1, 1),
(19, '2017-04-20', 19, 'BASIX SUB K ITRANSATION LTD', 1053, 'DEVENDRA NAGAR RAIPUR', 'DEVENDRA NAGAR RAIPUR', '7714526520', 0, '', '', 2, 10, 'basix@raipur.com', '@abcd1234', 1, 1),
(20, '2017-04-20', 20, 'SECURA FAST INNNG SOLUTION', 1053, '10/C 3 RD FLOOR PITHALIA COMPLEX K K ROAD RAIPUR', '', '7714023725', 0, '22ACYFS7873F1ZF', '', 2, 20, '1support@bindals.co', '@abcd1234', 1, 1),
(21, '2017-04-20', 21, 'BLUECHIP CORPORATE INVESTMENT CENTRE LTD', 1053, 'PANDRI BUS STAND RAIPUR', 'PANDRI, BUS STAND , RAIPUR', '7712437733', 0, '22AAACB4609B1ZI', 'AAACB4609B', 2, 10, '1raipur.accounts@bluechipindia.co.in', '@abcd1234', 1, 1),
(24, '2017-04-22', 24, 'BLUECHIP  CORPORATE INVESTMENT CENTRE LTD', 1053, 'INDORE BRANCH', 'INDORE BRANCH, INDORE', '0731452365', 0, '23AAACB4609B1ZG', 'AAACB4609B', 2, 0, '1indore@bluechip.com', '@abcd1234', 1, 1),
(25, '2017-04-22', 25, 'BLUECHIP  CORPORATE  INVESTMENT CENTRE LTD', 161, 'BHOPAL BRANCH', 'BHOPAL BRANCH, BHOPAL', '0755450253', 0, '23AAACB4609B1ZG', 'AAACB4609B', 2, 0, '1bhopal@bluechip.com', '@abcd1234', 1, 1),
(26, '2017-04-25', 26, 'CHHATTISHGARH DENTAL DEPOT', 1053, '142,Eskay Plaza Near Anand Talkies Raipur 492001 ( CG)', '142,Eskay Plaza Near Anand Talkies Raipur 492001 ( CG)', '9826117119', 0, '22AGGPG2235D1Z6', 'AGGPG2235D', 2, 0, '1cgdental@rediffmail.com', '@abcd1234', 1, 1),
(27, '2017-04-25', 27, 'DBH BUILDCON PVT LTD', 1053, 'SHUBHAM CORPORATE TELIBANDHA RAIPUR', 'SHUBHAM CORPORATE TELIBANDHA RAIPUR', '7714502520', 0, '22AAJFD8848E2ZD', 'AAJFD8848E', 2, 20, '1dbh@raipur.com', '@abcd1234', 1, 1),
(28, '2017-04-25', 28, 'DCB BANK LIMITED', 1053, 'G G. E. Road | Opposite to Shri  Balaji Hospital | Kumhari', 'G G. E. Road | Opposite to Shri  Balaji Hospital | Kumhari', '99079 87066', 0, '22AAACD1461F1ZC', 'AAACD1461F', 2, 20, '1sushma.kaser@dcbbank.com', '@abcd1234', 1, 1),
(29, '2017-04-25', 29, 'DCB  BANK LIMITED', 1053, 'Gani Plaza, Main Road, Devendra Nagar Raipur 492001', 'Gani Plaza, Main Road, Devendra Nagar Raipur 492001', '8959383046', 0, '22AAACD1461F1ZC', 'AAACD1461F', 2, 20, '1navin.vadhavan@dcbbank.com', '@abcd1234', 1, 1),
(30, '2017-04-25', 30, 'DELEX CARGO INDIA PVT LTD', 1053, 'TATIBANDH', 'TATIBANDH RAIPUR', '7714536250', 0, '', '', 2, 10, 'delex@raipur.com', '@abcd1234', 1, 1),
(31, '2017-04-26', 31, 'MUTHOOT FINANCE', 1053, 'DUTTA COMPLEX OPP ANUPAM GARDEN ABHOVE VARUN HONDA G E ROAD RAIPUR', 'DUTTA COMPLEX OPP ANUPAM GARDEN ABHOVE VARUN HONDA G E ROAD RAIPUR', '7714281112', 0, '', '', 2, 20, '1delhi@muthootgroup.com', '@abcd1234', 1, 1),
(32, '2017-04-27', 32, 'EDELWEISS TOKIO LIFE INSURANCE CO LTD', 1053, 'CHWALA TOWER 2 ND FLOOR SHANKAR NAGAR RAIPUR', 'CHWALA TOWER 2 ND FLOOR SHANKAR NAGAR RAIPUR', '7716523003', 0, '22AACCE2709H1Z4', 'AACCE2709H', 2, 10, 'EDEALWEISS@RAIPUR.COM', '@ABCD1234', 1, 1),
(33, '2017-04-27', 33, 'HOME FIRST CO INDIA PVT LTD', 1053, '203 NATIONAL CORPORATE PARK G E ROAD RAIPUR', '', '7715203256', 0, '', '', 2, 20, '1HFFC@RAIPUR.COM', '@abcd1234', 1, 1),
(34, '2017-04-27', 34, 'AERO CLUB WOODLAND', 1053, 'CITY CENTRE MALL PANDRI RAIPUR', 'CITY CENTRE MALL PANDRI RAIPUR', '7714526335', 0, '22AAFFA1530L1ZX', 'AAFFA1530L', 2, 0, '1woodland@citymall.com', '@abcd1234', 1, 1),
(35, '2017-04-27', 35, 'BANSAL AGRO TEA MFG PVT LTD', 1053, 'LODHI PARA CHOWK BESIDE MITTAL HOSPITAL RAIPUR', '', '1771452365', 0, '', '', 2, 20, '1BANSALTEA@YMAIL.COM', '@abcd1234', 1, 1),
(36, '2017-04-27', 36, 'GREEN ENVIRO INDUSTRAIL', 1053, 'MEGNETTO MALL TELIBANDHA RAIPUR', '', '9993096848', 0, '', '', 2, 20, '1geisinfo450@gmail.com', '@abcd1234', 1, 1),
(37, '2017-04-27', 37, 'GVK EMRI', 1053, 'C/o. New Govt Dental College, Rajbandha Maidan, Opposite Escorts Hospital, Raipur 492001, Chhattisgarh , India.', 'C/o. New Govt Dental College, Rajbandha Maidan, Opposite Escorts Hospital, Raipur 492001, Chhattisgarh , India.', '7712511000', 0, '22AAAAE2161R1ZR', 'AAAAE2161R', 2, 10, '1gvkemri@ymail.com', '@abcd1234', 1, 1),
(38, '2017-04-27', 38, 'DENA BANK', 1053, 'JAWAHAR NAGAR RAIPUR', '', '7714523652', 0, '', '', 2, 20, 'denabank@raipur.com', '@abcd1234', 1, 1),
(39, '2017-04-27', 39, 'IDBI  BANK LTD ( TATIBANDH BRANCH)', 1053, 'TATIBANDH BRANCH RAIPUR', 'TATIBANDH BRANCH RAIPUR', '7716532025', 0, '22AABCI8842G1ZP', 'AABCI8842G', 2, 0, 'idbibank@raipur.com', '@abcd1234', 1, 1),
(40, '2017-04-29', 40, 'ACCEL FRONTLINE GLOBAL IT SERVICES LTD', 159, 'M P NAGAR, BHOPAL', '', '9303139048', 0, '', '', 0, 0, '1bhopal@accel.com', '@abcd1234', 1, 1),
(41, '2017-04-29', 41, 'AXIS BANK LTD', 1053, 'SME PUJARI CHAMBERS, RAIPUR', 'SME PUJARI CHAMBERS, RAIPUR', '9717000002', 0, '22AAACU2414K1ZP', 'AAACU2414K', 0, 20, '1raipur@axis.com', '@abcd1234', 1, 1),
(43, '2017-04-29', 43, 'BAID STEEL PVT LTD', 1053, 'A/5, SHANTI NATH NAGAR, TATIBANDH, RAIPUR', 'KRISHNA COMPLEX, OPP KUTHEHARI, RAIPUR', '7712572301', 0, '22AADCB1680K1ZV', 'AADCB1680K', 0, 10, 'keshri_suresh@yahoo.co.in', '@abcd1234', 1, 1),
(44, '2017-04-29', 44, 'BANDHAN BANK LTD', 1053, 'KRISHNA COMPLEX, OPP KUTHEHARI, RAIPUR', 'KRISHNA COMPLEX, OPP KUTHEHARI, RAIPUR', '7712222177', 0, '', '', 0, 10, '1raipur@bandhanban.com', '@abcd1234', 1, 1),
(47, '2017-04-29', 46, 'RELIANCE NIPPON LIFE ASSET MANAGMENT LTD', 1053, 'Ground Floor Raj Villa Near Ghadi Chowk, Civil Line, Raipur ( c g) 492001', 'Ground Floor Raj Villa Near Ghadi Chowk, Civil Line, Raipur ( c g) 492001', '07714902521', 0, '', '', 0, 10, '1akanksha.shukla@relianceada.com', '@abcd1234', 1, 1),
(48, '2017-04-29', 47, 'EUREKA FOBES LTD (CCD)', 1053, 'CCD, ANAND NAGAR, RAIPUR', 'CCD, ANAND NAGAR, RAIPUR', '7714023047', 0, '22AAACE576F1ZU', 'AAACE576F', 0, 10, '1raipur@eureka.com', '@abcd1234', 1, 1),
(49, '2017-04-29', 48, 'EUREKA FOBES LTD(SALES)', 1053, 'ANAND NAGAR, RAIPUR', 'ANAND NAGAR, RAIPUR', '7714023047', 0, '22AAACU2414K1ZP', 'AAACU2414K', 0, 10, '1raipur@eureka.com', '@abcd1234', 1, 1),
(50, '2017-05-03', 49, 'EUREKA FOBES LTD(SERVICE)', 1053, 'ANAND NAGAR, RAIPUR', 'ANAND NAGAR, RAIPUR', '7714023047', 0, '22AAACU2414K1ZP', 'AAACU2414K', 0, 10, '1prakash@eureka.com', '@abcd1234', 1, 1),
(51, '2017-05-04', 50, 'SBI CAPITAL SECURITIES LD', 1053, 'KUTCHERY CHOWK JAIL ROAD RAIPUR', 'KUTCHERY CHOWK JAIL ROAD RAIPUR', '9827167849', 0, '22AAJCS3407M1ZB', 'AAJCS3407M', 2, 20, '1jairaj.sahu@sbicapsec.com', '@abcd1234', 1, 1),
(52, '2017-05-04', 51, 'HDFC BANK LTD ( DEVNRA NAGAR BRANCH)', 1053, 'DEVENDRA NAGAR RAIPUR', 'DEVENDRA NAGAR RAIPUR', '7712562635', 0, '22AAACH2702H1ZA', 'AAACH2702H', 2, 20, 'hdfcbank@raipur.com', '@abcd1234', 1, 1),
(53, '2017-05-04', 52, 'HDFC  BANK LTD ( CTG DEPTT)', 1053, 'CTG DEPTT SHANKAR NAGAR RAIPUR', 'CTG DEPTT SHANKAR NAGAR RAIPUR', '9303095200', 0, '22AAACH2702H1ZA', 'AAACH2702H', 2, 20, '1ashish.agrawal@hdfcbank.com', '@abcd1234', 1, 1),
(54, '2017-05-04', 53, 'HDFC BANK LTD ( SUNDER NAGAR BRANCH)', 1053, 'SUNDAR NAGAR BRANCH RAIPUR', 'SUNDAR NAGAR BRANCH RAIPUR', '7713562540', 0, '22AAACH2702H1ZA', 'AAACH2702H', 2, 20, '1ravish.shah1@hdfcbank.com', '@abcd1234', 1, 1),
(55, '2017-05-04', 54, 'HDFC  BANK  LTD (AUTO LOAN)', 1053, 'AUTO LOAN SHANKAR NAGAR RAIPUR', 'AUTO LOAN SHANKAR NAGAR RAIPUR', '7715623522', 0, '22AAACH2702H1ZA', 'AAACH2702H', 2, 20, 'hdfcbank@autoloan.com', '@abcd1234', 1, 1),
(56, '2017-05-08', 1, 'IDBI BANK LTD', 1379, 'SARAIPALLI BRANCH SARAIPALLI', 'SARAIPALLI BRANCH SARAIPALLI', '7049646576', 0, '22AABCI8842G1ZP', 'AABCI8842G', 2, 0, 'amulya.sahoo@idbi.co.in', '@abcd1234', 13, 1),
(57, '2017-05-10', 1, 'COMPUTECH ASSOCIATES', 154, 'ZONAL MARKET, SECTOR-10, BHILAI', '', '7882261992', 0, '', '', 0, 10, 'computech@gmail.com', '@abcd1234', 2, 1),
(58, '2017-05-10', 2, 'EVO TECH PVT LTD', 154, 'NEHRU NAGAR EAST', '', '7884075999', 0, '22AABCE2401P1ZZ', '', 0, 10, 'EVOTECH@GMAIL.COM', '@abcd1234', 2, 1),
(59, '2017-05-10', 3, 'VOSSLOH BEEKAY CASTING LTD', 154, 'Light Industrial Area, Bhilai', '', '7882285471', 0, '', '', 0, 10, 'vbk@gmail.com', '@abcd1234', 2, 1),
(60, '2017-05-10', 4, 'Golechha Chemicals', 154, 'Himalya Complex, Supela', '', '0788220408', 0, '22ADAPG1006B1ZV', '', 2, 10, 'golechha@gmail.com', '@abcd1234', 2, 1),
(61, '2017-05-10', 5, 'TATA PROJECTS LTD', 154, 'AMDI NAGAR, HUDCO', '', '9926729930', 0, '', '', 2, 10, 'tata@gmail.com', '@abcd1234', 2, 1),
(62, '2017-05-10', 6, 'P S STEEL TUBES PVT LTD', 154, '26 AKASH GANGA, SUPELA, BHILAI', '', '7884035222', 0, '22AABCP9233A1ZZ', '', 2, 10, 'pst@gmail.com', '@abcd1234', 2, 1),
(63, '2017-05-10', 7, 'KIRLOSKAR ELECTRIC CO. LTD', 183, '17-18, IT TOWER, COMMERCIAL COMPLEX, NEHRU NAGAR (E)', 'P.B. 5555, MALLESHWARAM, WEST, BENGALURU-560055', '9900739907', 1, '29AABCK2721Q1Z6', 'AABCK2721Q', 2, 10, 'kecl@gmail.com', '@abcd1234', 2, 1),
(64, '2017-05-10', 8, 'Associated Road Carriers Ltd.', 154, 'Near Gurudwara, New Khursipar, GE Road', '', '9302235898', 0, '22AACCA4861C1Z9', '', 2, 0, 'arc@gmail.com', '@abcd1234', 2, 1),
(65, '2017-05-10', 9, 'BEML LTD', 154, 'Bhilai Steel Plant Chowk', '', '7882223882', 0, '22AAACB8433D1Z8', '', 2, 10, 'beml@gmail.com', '@abcd1234', 2, 1),
(66, '2017-05-10', 10, 'M-TECH LUBES', 154, 'GE Raod, Supela,', '', '7882220444', 0, '22ABEFM5149D1ZM', '', 2, 10, 'global@gmail.com', '@abcd1234', 2, 1),
(67, '2017-05-10', 11, 'COAL CHEM', 154, 'Light Industrial Area, Bhilai', '', '7882285670', 0, '', '', 2, 10, 'coalchem@gmail.com', '@abcd1234', 2, 1),
(68, '2017-05-10', 12, 'IDBI BANK LTD (48)', 154, '19, PRIYA DARSHANI PARISAR, NEHRU NAGAR SQUARE,  BHILAI', '', '7882292274', 0, '', '', 0, 0, 'idbibhilai@gmail.com', '@abcd1234', 2, 1),
(69, '2017-05-10', 13, 'NAGRE CHEMICAL', 154, 'Industrial Area, Bhilai', '', '7884030561', 0, '', '', 0, 10, 'nagre@gmail.com', '@abcd1234', 2, 1),
(70, '2017-05-10', 14, 'KARVY STOCK BROKING LTD', 154, 'NEHRU NAGAR EAST', '', '7882295329', 0, '22AABCK5190K2ZI', '', 0, 10, 'karvybhilai@gmail.com', '@abcd1234', 2, 1),
(71, '2017-05-10', 15, 'BEEKAY ENGG. CORPORATION LTD', 154, '45/47 Industrial Estate, Bhilai', '', '7884082288', 0, '22AAOFB7198M1Z4', '', 0, 10, 'bkbhilai@gmail.com', '@abcd1234', 2, 1),
(72, '2017-05-10', 16, 'HDFC BANK LTD(SUPELABRANCH)', 154, 'SUPELA, BHILAI', '', '7884034000', 0, '22AAACH2702H1ZA', '', 0, 20, 'hdfcsupela@gmail.com', '@abcd1234', 2, 1),
(73, '2017-05-10', 17, 'Mudra Invetments', 154, '19/1, Kewal Shanti Bhawan, Nehru Nagar West', '', '7884050883', 0, '', '', 0, 10, 'mymudra@gmail.com', '@abcd1234', 2, 1),
(74, '2017-05-10', 18, 'SBICAP SECURITIES LTD', 154, 'BHILAI', '', '7882226733', 0, '', '', 0, 10, 'sbicapbhilai@gmail.com', '@abcd1234', 2, 1),
(76, '2017-05-10', 20, 'HDFC BANK LIMITED(BHILAI3)', 154, 'BHILAI-3 BRANCH, Near Life Line Hospital, Sirsa Square, Charoda,Bhilai Nagar, Bhilai, Chhattisgarh 490021', '', '18004254332', 0, '22AAACH2702H1ZA', '', 0, 20, 'hdfcbhilai3@gmail.com', '@abcd1234', 2, 1),
(77, '2017-05-10', 21, 'HDFC BANK LIMITED(SMRITI NAGARBRANCH)', 154, 'SMRITI NAGR BRANCH, 22 , Ground Floor, Commercial Complex, Chpl Dream Homes Apartment Smriti Nagar, Bhilai', '', '18004254332', 0, '22AAACH2702H1ZA', '', 0, 20, 'hdfcsmriti@gmail.com', '@abcd1234', 2, 1),
(78, '2017-05-10', 22, 'IDBI  BANK LTD (CHARODA BRANCH)', 154, 'CHARODA BRANCH, Vasundhara Nagar South, Bhilai Marshalling Yard, Bhilai, Chhattisgarh 490025', '', '18002001947', 0, '', '', 0, 0, 'idbbhilai3@gmail.com', '@abcd1234', 2, 1),
(79, '2017-05-10', 23, 'IDBI  BANK  LTD (NANDINI ROAD)', 154, 'NANDINI ROAD BRANCH, Power House, Nandani Road, District Durg, Bhilai, Chhattisgarh 490026', '', '7886996888', 0, '', '', 0, 0, 'idbinandiniroad@gmail.com', '@abcd1234', 2, 1),
(80, '2017-05-10', 24, 'MUTHOOT FINANCE LTD', 154, 'BHILAI', '', '7882297588', 0, '22AABCT0343B1Z8', '', 0, 10, 'muthoot@gmail.com', '@abcd1234', 2, 1),
(81, '2017-05-10', 25, 'Instruments Sales Corporation', 154, 'Dhillon Complex, Supela, Bhilai', '', '7884092501', 0, '', '', 0, 10, 'ISC@GMAIL.COM', '@abcd1234', 2, 1),
(82, '2017-05-10', 26, 'Bahubali Financial Services Private Limited', 154, 'Akash Ganga, Supela, Bhilai, Chhattisgarh 490023', '', '7884033791', 0, '22AACCB4882G1ZV', '', 0, 10, 'bahubali@gmail.com', '@abcd1234', 2, 1),
(83, '2017-05-10', 27, 'JAIKA AUTOMOBILE', 154, 'BHILAI', '', '7884085555', 0, '22AAACJ3178K1ZL', '', 0, 10, 'jaikabhilai@gmail.com', '@abcd1234', 2, 1),
(84, '2017-05-10', 28, 'AXIS BANK LTD (NEHRU NAGAR BHILAI)', 154, 'NEHRU NAGAR, BHILAI', '', '7882297120', 0, '', '', 0, 10, 'axisnn@gmail.com', '@abcd1234', 2, 1),
(85, '2017-05-10', 29, 'HDFC BANK LIMITED(WBO)', 154, 'BHILAI', '', '18004254332', 0, '22AAACH2702H1ZA', '', 0, 20, 'hdfcwbo@gmail.com', '@abcd1234', 2, 1),
(86, '2017-05-10', 30, 'Star Health Insurance Co. Ltd (BHILAI)', 154, '28, Commercial Complex, Behind Vijya Bank, Nehru Nagar, east, Bhilai', '', '7886499158', 0, 'AA220617024193K', '', 0, 10, 'starhealth@gmail.com', '@abcd1234', 2, 1),
(87, '2017-05-10', 31, 'SMC INSURNACE BROKERS PVT LTD', 154, 'BHILAI', '', '9303340016', 0, '', '', 0, 10, 'smcbhilai@gmail.com', '@abcd1234', 2, 1),
(88, '2017-05-10', 32, 'CARREERZINN', 154, '177 New Civik Center Bhilai', '', '7884091008', 0, '', '', 0, 10, 'CARREERZINN@GMAIL.COM', '@abcd1234', 2, 1),
(89, '2017-05-10', 33, 'SPARSH MULTISPECIALITY HOSPITAL', 1, 'BHILAI', '', '7884252222', 0, '', '', 0, 10, 'sparshhospital@gmail.com', '@abcd1234', 2, 1),
(90, '2017-05-10', 34, 'ARORA TRANSPORT', 154, 'BHILAI', '', '9303340016', 0, '', '', 0, 10, 'arora@gmail.com', '@abcd1234', 2, 1),
(91, '2017-05-11', 55, 'HDFC BANK   LTD ( C E DEPATT)', 1053, 'SHANKAR NAGAR RAIPUR', 'SHANKAR NAGAR RAIPUR', '78987877676', 0, '22AAACH2702H1ZA', 'AAACH2702H', 2, 20, 'hdfc@cedepatt.com', '@abcd1234', 1, 1),
(92, '2017-05-11', 56, 'HDFC BANK LTD (SHAILENDRA NAGAR BRANCH)', 1053, 'SHAILENDRA NAGAR BRANCH RAIPUR', 'SHAILENDRA NAGAR BRANCH RAIPUR', '6788676546', 0, '22AAACH2702H1ZA', 'AAACH2702H', 2, 20, 'HDFCBANK@SHILENDRA.COM', '@ABCD1234', 1, 1),
(93, '2017-05-11', 57, 'HDFC BANK LTD ( TATIBANDH BRANCH)', 1053, 'TATIBANDH RAIPUR', 'TATIBANDH RAIPUR', '9009986775', 0, '22AAACH2702H1ZA', 'AAACH2702H', 2, 20, '1sukant.patro@in.hdfcbank.com', '@ABCD1234', 1, 1),
(94, '2017-05-11', 58, 'HDFC BANK LTD  ( MOWA BRANCH)', 1053, 'MOWA RAIPUR', 'MOWA RAIPUR', '7895451525', 0, '22AAACH2702H1ZA', 'AAACH2702H', 2, 20, 'hdfcbank@mowa.com', '@abcd1234', 1, 1),
(95, '2017-05-11', 59, 'HDFC BANK LTD (TWO WHEELER LOAN)', 1053, 'SUNDER NAGAR RAIPUR', 'SUNDER NAGAR RAIPUR', '7489532430', 0, '22AAACH2702H1ZA', 'AAACH2702H', 2, 20, 'durgesh.thakur@hdfcbank.com', '@abcd1234', 1, 1),
(96, '2017-05-11', 60, 'HDFC BANK (RETAIL AGRI )', 1053, 'SHANKAR NAGAR RAIPUR', 'SHANKAR NAGAR RAIPUR', '8952365252', 0, '22AAACH2702H1ZA', 'AAACH2702H', 2, 20, 'hdfcbank@retailagri.com', '@abcd1234', 1, 1),
(97, '2017-05-11', 61, 'HDFC BANK LTD (PERSONAL LOAN)', 1053, 'SHANKAR NAGAR RAIPUR', 'SHANKAR NAGAR RAIPUR', '7489191890', 0, '22AAACH2702H1ZA', 'AAACH2702H', 2, 20, '1ajay.dhamecha@hdfcbank.com', '@abcd1234', 1, 1),
(98, '2017-05-11', 62, 'HDFC SECUIRITIES LTD', 1053, '2 nd Floor, DG Plaza Abhove HDFC Bank Jai Stambh Chowk Raipur', '2 nd Floor, DG Plaza Abhove HDFC Bank Jai Stambh Chowk Raipur', '8085320977', 0, '22AAACM8215R1ZD', 'AAACM8215R', 2, 20, '1raviprakash.singh@hdfcsec.com', '@abcd1234', 1, 1),
(99, '2017-05-11', 63, 'IDBI BANK LTD ( RAC DEPTT)', 1053, 'DEV TOWER CIVIL LINE', 'DEV TOWER CIVIL LINE', '9827156252', 0, '22AABCI8842G1ZP', 'AABCI8842G', 2, 0, 'idbibank@rac.com', '@abcd1234', 1, 1),
(100, '2017-05-11', 64, 'IDBI BANK LTD ( CURRANCY CHEST)', 1053, 'Currency Chest Block A1 Pujari Complex Pachpedi Naka Raipur 492001( CG)', 'Currency Chest Block A1 Pujari Complex Pachpedi Naka Raipur 492001( CG)', '9869080009', 0, '22AABCI8842G1ZP', 'AABCI8842G', 2, 0, '1vikas.joshi@idbi.co.in', '@abcd1234', 1, 1),
(101, '2017-05-11', 65, 'IDBI BANK LTD (AMLIDIH BRANCH)', 1053, 'RAJENDRA NAGAR AMLIDIH BRANCH RAIPUR', 'RAJENDRA NAGAR AMLIDIH BRANCH RAIPUR', '8795642515', 0, '22AABCI8842G1ZP', 'AABCI8842G', 2, 0, 'idbibank@amlidih.com', '@abcd1234', 1, 1),
(102, '2017-05-11', 66, 'IDBI BANK LTD (PUJARI COMPLEX)', 1053, 'PACHPEDINAKA RAIPUR', 'PACHPEDINAKA RAIPUR', '9896352541', 0, '22AABCI8842G1ZP', 'AABCI8842G', 2, 0, 'idbibank@pachpedinaka.com', '@abcd1234', 1, 1),
(103, '2017-05-13', 67, 'IDBI BANK LTD (SUNDER NAGAR BRANCH)', 1053, 'SUNDER NAGAR ROAD RAIPUR', 'SUNDER NAGAR ROAD RAIPUR', '9897645341', 0, '22AABCI8842G1ZP', 'AABCI8842G', 2, 0, 'idbibank@sundernagarbr.com', '@abcd12234', 1, 1),
(104, '2017-05-13', 68, 'IDBI BANK LTD (ACHOLI BRANCH)', 1053, 'ACHOLI RAIPUR', 'ACHOLI RAIPUR', '9897876565', 0, '22AABCI8842G1ZP', 'AABCI8842G', 2, 0, 'idbibank@acholi.com', '@abcd1234', 1, 1),
(105, '2017-05-13', 69, 'IDBI BANK LTD ( CHARODA BRANCH)', 1053, 'CHARODA RAIPUR', 'CHARODA RAIPUR', '9878765445', 0, '22AABCI8842G1ZP', 'AABCI8842G', 2, 0, 'idbi@charoda.com', '@abcd1234', 1, 1),
(106, '2017-05-13', 70, 'IDBI BANK LTD ( RAIKHEDA BRANCH)', 1053, 'RAIKHEDA RAIPUR', 'RAIKHEDA RAIPUR', '8978765765', 0, '22AABCI8842G1ZP', 'AABCI8842G', 2, 0, 'idbibank@raikedabranch.com', '@abcd1234', 1, 1),
(107, '2017-05-13', 71, 'IRIS COMPUTER', 1053, 'DEVENDRA NAGAR RAIPUR', '', '7898786778', 0, '', '', 2, 20, 'iriscomputer@raipur.com', '@abcd1234', 1, 1),
(108, '2017-05-13', 72, 'KAMAL STEELS', 1053, '308 CRYSTEL ARCADE SHANKAR NAGAR ROAD RAJEEV NAGAR RAIPUR', '308 CRYSTEL ARCADE SHANKAR NAGAR ROAD RAJEEV NAGAR RAIPUR', '7489666611', 0, '', '', 2, 0, 'kamal_steels303@yahoo.com', '@abcd1234', 1, 1),
(109, '2017-05-13', 73, 'KARVY  STOCK  BROKING LTD', 1053, ': 1st Floor, Surya Towers,Behind Shyam Plaza,, Pandhri, Ravi Nagar, Shukla Colony, Raipur, Chhattisgarh 492001', ': 1st Floor, Surya Towers,Behind Shyam Plaza,, Pandhri, Ravi Nagar, Shukla Colony, Raipur, Chhattisgarh 492001', '7716703900', 0, '22AABCK5190K2ZI', 'AABCK15190K', 2, 10, 'karystock@raipur.com', '@abcd1234', 1, 1),
(110, '2017-05-13', 74, 'KESHRI METAL LTD', 1053, '561, Urla Industrial Area, Raipur, Chhattisgarh 493221', '', '7712323105', 0, '', '', 2, 10, 'keshrimetal@raipur.com', '@abcd1234', 1, 1),
(111, '2017-05-13', 75, 'KOTAK MAHINDRA BANK LTD ( CITY PLAZA)', 1053, ' G E ROAD AMANAKA RAIPUR', 'Ground Floor, Dhand Compound, Block No 15, Plot No 17/40, Civil Lines, Raipur', '7714007453', 0, '22AAACK4409J1ZU', 'AAACK4409J', 2, 20, '1jank.isahu@kotakbank.com', '@abcd1234', 1, 1),
(112, '2017-05-13', 76, 'KOTAK MAHINDRA BANK LTD ( TELIBANDA BRANCH)H', 1053, 'TELIBANDH GE RAIPUR', 'Ground Floor, Dhand Compound, Block No 15, Plot No 17/40, Civil Lines, Raipur', '6787656456', 0, '22AAACK4409J1ZU', 'AAACK4409J', 2, 20, 'kotakmahindra@telibandha.com', '@abcd1234', 1, 1),
(113, '2017-05-13', 77, 'LAXMI VILASA BANK LTD', 1053, 'Textile Market, Pandri, Raipur, Chhattisgarh 492001', 'Textile Market, Pandri, Raipur, Chhattisgarh 492001', '78989678765', 0, '22AAACT4291P1Z1', 'AAACT4291P', 2, 10, 'laxmivilasa@raipur.com', '@abcd1234', 1, 1),
(114, '2017-05-13', 78, 'MAHAMAYA UNITRADE & PROJECTS', 1053, ' No.213,2nd Floor, Samta Shopping Arcade, Samta Colony, Raipur, Chhattisgarh 492001', ' No.213,2nd Floor, Samta Shopping Arcade, Samta Colony, Raipur, Chhattisgarh 492001', '7714023332', 0, '22AIMPG5425D1ZP', 'AIMPG5425D', 2, 10, 'mahamayaprojects@raipur.com', '@abcd1234', 1, 1),
(115, '2017-05-13', 79, 'MEDSAVE HEALTHCARE TPA LTD', 1053, '402, 4TH FLOOR CRYSTAL ARCADE, LODHIPARA CHOWK, SHANKAR NAGAR ROAD', '402, 4TH FLOOR CRYSTAL ARCADE, LODHIPARA CHOWK, SHANKAR NAGAR ROAD', '7714009218', 0, '07AABCS8148M1ZV', 'AABCS8148M', 2, 10, '1mhclraipur@medsave.in', '@abcd1234', 1, 1),
(116, '2017-05-13', 80, 'NEETA ENTERPRISES', 1053, 'Behind Durg Fuels, Ring Road No. 2, Gondwara, Raipur, Chattisgarh - 492001.', 'Behind Durg Fuels, Ring Road No. 2, Gondwara, Raipur, Chattisgarh - 492001.', '8253081260', 0, '', '', 2, 20, 'neetaenterprises@raipur.com', '@abcd1234', 1, 1),
(117, '2017-05-13', 81, 'PARLE AGRO PVT LTD', 1053, '512,513 5TH FLOOR NATIONAL CORPORATE PARK G E ROAD RAIPUR', '512,513 5TH FLOOR NATIONAL CORPORATE PARK G E ROAD RAIPUR', '9630096773', 0, '22AAACP8416G1ZP', 'AAACP8416G', 2, 10, 'parle@raipur.com', '@abcd1234', 1, 1),
(118, '2017-05-13', 82, 'PUJA MARKETING', 1053, 'G E Road, Near Doongaji Colony, G E Road, Raipur, Chhattisgarh 492010', '', '7712255364', 0, '22ADCPG64320F1Z7', '', 2, 10, 'pujamarketing@raipur.com', '@abcd1234', 1, 1),
(119, '2017-05-13', 83, 'RAJASTHAN PATRIKA PVT LTD', 1053, 'HARSIT CORPORATE TATIBANDH RAIPUR', '', '7713051972', 0, '22AAACR7856G2ZC', '', 2, 10, '1rasthanpatrika@gmail.com', '@abcd1234', 1, 1),
(120, '2017-05-13', 84, 'REAL ISPAT & POWER LTD (CIVIL LINE)', 1053, ' Near Idbi Bank,, Vrindavan, Civil Lines, Raipur, Chhattisgarh 492001', ' Near Idbi Bank,, Vrindavan, Civil Lines, Raipur, Chhattisgarh 492001', '7714224000', 0, '22AABCR9986L1ZQ', 'AABCR9986L', 2, 10, '1real@realispat.com', '@abcd1234', 1, 1),
(121, '2017-05-13', 35, 'HDFC BANK LIMITED(RISHALI)', 154, 'RISHALI BHILAI', '', '7884035050', 0, '22AAACH2702H1ZA', '', 2, 20, 'HDFCRISHALI@GMAIL.COM', '@abcd1234', 2, 1),
(122, '2017-05-13', 85, 'Satyom Enterprises Private Limited', 1053, '15, Durga College Complex, Bilaspur - Raipur Expy, Station Road, Moudhapara, Raipur, Chhattisgarh 492001', '15, Durga College Complex, Bilaspur - Raipur Expy, Station Road, Moudhapara, Raipur, Chhattisgarh 492001', '7024242754', 0, '22AAQCS6394G1ZX', 'AAQCS6394G', 2, 10, '1satyom@satyomindia.com', '@abcd1234', 1, 1),
(123, '2017-05-13', 86, 'SHREE KRISHNA STEELS', 1053, 'JAWHAR NAGAR RAIPUR', 'JAWHAR NAGAR RAIPUR', '9827132700', 0, '22ACJPA2528E1ZB', 'ACJPA2528E', 2, 20, '1info@krishnasteels.com', '@ABCD1234', 1, 1),
(124, '2017-05-13', 87, 'SHANKAR GRAPHICS', 1053, 'OPP RAJKUMAR COLLEGE G E ROAD RAIPUR', '', '9406300729', 0, '', '', 2, 0, 'shankargraphics@raipur.com', '@abcd1234', 1, 1),
(125, '2017-05-13', 88, 'SOUTH INDIAN BANK ( RAIPUR BRANCH)', 1053, 'AJIT TOWER, RAM SAGAR PARA RAIPUR', 'AJIT TOWER, RAM SAGAR PARA RAIPUR', '7714031825', 0, '22AABCT0022F2Z7', 'AABCT0022F', 2, 10, 'southindiabank@raipur.com', 'abcd1234', 1, 1),
(126, '2017-05-13', 89, 'SPECTS WORLD PVT LTD', 1053, 'LAL GANGA SHOPPING MALL RAIPUR', 'LAL GANGA SHOPPING MALL RAIPUR', '7712236735', 0, '22AAECS6770J1Z6', 'AAECS6770J', 2, 10, '1raipurlalganga@himalayaoptical.com', '@ABCD1234', 1, 1),
(127, '2017-05-13', 90, 'CONTACARE EYE HOSPITAL', 1053, 'Pandri Road, Near Mandi Gate, Loadhipara Chowk, Pandri Tarai, Raipur, Chhattisgarh 492004', 'Pandri Road, Near Mandi Gate, Loadhipara Chowk, Pandri Tarai, Raipur, Chhattisgarh 492004', '7714289000', 0, '', '', 2, 10, 'vasaneyecare@raipur.com', '@abcd1234', 1, 1),
(128, '2017-05-15', 91, 'NOSLAR INTERNATIONAL LTD', 1053, 'FAFADIH CHOWK RAMA GARAGE SAMRAT TALKIES GALI RAIPUR', 'FAFADIH CHOWK RAMA GARAGE SAMRAT TALKIES GALI RAIPUR', '7716452037', 0, '22AACCN1916B1Z8', 'AACCN1916B', 2, 20, 'noslar@raipur.com', '@abcd1234', 1, 1),
(129, '2017-05-15', 92, 'THE MUTHOOT GROUP', 1053, 'DUTTA COMPLEX OPP ANUPAM GARDEN G E ROAD RAIPUR', 'DUTTA COMPLEX OPP ANUPAM GARDEN G E ROAD RAIPUR', '7714261112', 0, '', '', 2, 20, 'mutootgroup@raipur.com', '@abcd1234', 1, 1),
(130, '2017-05-15', 93, 'MANAPURAM FINANCE LIMITED', 1053, 'ASWANI NAGAR VERMA HOUSE MAHADEV GHAT ROAD RAIPUR', 'ASWANI NAGAR VERMA HOUSE MAHADEV GHAT ROAD RAIPUR', '7489548691', 0, '22AABCM6882E1ZL', 'AABCM6882E', 2, 20, '1322484@manappuram.com', '@abcd1234', 1, 1),
(131, '2017-05-15', 36, 'HARSH JAIN (DURG)', 357, 'DURG', '', '9303340016', 0, '', '', 2, 10, 'harshjain@gmail.com', '@abcd1234', 2, 1),
(132, '2017-05-15', 37, 'MADHYANI AUTO (DURG)', 357, 'DURG', '', '9303340016', 0, '', '', 2, 10, 'madhyaniauto@gmail.com', '@abcd1234', 2, 1),
(133, '2017-05-15', 94, 'THE NATIONAL SMALL INDUSTRIES CORPORATION LTD', 1053, '204 , A BLOCK CRISTAL ARCAD LODHI PARA RAIPUR', '', '7698557340', 0, '', '', 2, 20, '1nsic@raipur.com', '@abcd1234', 1, 1),
(134, '2017-05-15', 38, 'MUTHOOT FINANCE LTD (DURG)', 357, 'DURG', '', '9303340016', 0, '22AABCT0343B1Z8', '', 2, 10, 'muthootfinance@gmail.com', '@abcd1234', 2, 1),
(135, '2017-05-15', 39, 'HDFC BANK LIMITED(WBO)DURG', 357, 'DURG', 'DURG', '9303340016', 0, '22AAACH2702H1ZA', 'AAACH2702H', 2, 20, 'hdfcdurg@gmail.com', '@abcd1234', 2, 1),
(136, '2017-05-15', 40, 'Ujjivan Small Finance Bank Ltd.', 357, 'DURG', '', '9302938319', 0, '', '', 2, 10, 'ujjivan@gmail.com', '@abcd1234', 2, 1),
(137, '2017-05-15', 95, 'VST INDUSTRIES LIMITED', 1053, 'F 3/SHRIRAM NAGAR PHASE 1 NEAR T V TOWER RAIPUR', '', '7867564534', 0, '', '', 2, 10, '1vstindustries@raipur.com', '@abcd1234', 1, 1),
(138, '2017-05-15', 41, 'SUNNY STATIONARY AND TELECOM', 154, 'NEHRU NAGAR, BHILAI', '', '9303340016', 0, '', '', 2, 10, 'sunny@gmail.com', '@abcd1234', 2, 1),
(139, '2017-05-15', 42, 'Neha Medical', 154, 'NEHRU NAGAR, BHILAI', '', '9303340016', 0, '', '', 2, 10, 'nehamedical@gmail.com', '@abcd1234', 2, 1),
(140, '2017-05-15', 43, 'Saourabh STD PCO', 154, 'Gole Market, Vaishali Nagar, Bhilai', '', '9303340016', 0, '', '', 2, 10, 'saorabh@gmail.com', '@abcd1234', 2, 1),
(141, '2017-05-15', 44, 'Creative Computer', 154, 'NEHRU NAGAR, BHILAI', '', '9303340016', 0, '', '', 2, 10, 'creative@gmail.com', '@abcd1234', 2, 1),
(142, '2017-05-15', 45, 'SM Telecommunication', 154, 'Zonal Market, Sector-10, Bhilai', '', '9303340016', 0, '', '', 2, 10, 'smt@gmail.com', '@abcd1234', 2, 1),
(143, '2017-05-15', 46, 'Himalya Enterprises', 154, 'Supela, Bhilai', '', '9303340016', 0, '', '', 2, 10, 'himalya@gmail.com', '@abcd1234', 2, 1),
(145, '2017-05-15', 47, 'Star Mobile', 154, 'Rishali', '', '9303340016', 0, '', '', 2, 10, 'starmobile@gmail.com', '@abcd1234', 2, 1),
(146, '2017-05-15', 48, 'Darge MObile', 154, '`BHILAI', '', '9303340016', 0, '', '', 2, 10, 'darge@gmail.com', '@abcd1234', 2, 1),
(147, '2017-05-15', 49, 'Bharat General Stores', 154, 'Bhilai', '', '9303340016', 0, '', '', 2, 10, 'BHARATGENERAL@GMAIL.COM', '@abcd1234', 2, 1),
(148, '2017-05-15', 96, 'INNOSOURCE SERVICES PVT LTD', 1053, 'MAGNETO OFFIZO MAGNETO MALL TELIBANDHA G E ROAD', 'MAGNETO OFFIZO MAGNETO MALL TELIBANDHA G E ROAD', '9806667047', 0, '22AAECI0979D1ZU', 'AAECI0979D', 2, 20, '1prakashn@innov.in', '@abcd1234', 1, 1),
(149, '2017-05-15', 97, 'HDFC STANDARD LIFE INSURANCE COMPANY LTD', 1053, 'PUJARI CHEMBER PACHPEDI NAKA RAIPUR', 'PUJARI CHEMBER PACHPEDI NAKA RAIPUR', '7713050234', 0, '22AAACH8755L1ZC', 'AAACH8755L', 2, 20, '1hdfclife@raipur.com', '@abcd1234', 1, 1),
(150, '2017-05-15', 98, 'HDFC BANK LTD (GUDHIYARI BRANCH)', 1053, 'Opp.Mahaveer School Gudhiyari Raipur', 'Opp.Mahaveer School Gudhiyari Raipur', '9111007573', 0, '22AAACH2702H1ZA', 'AAACH2702H', 2, 25, '1suman.agrawal@hdfcbank.com', '@abcd1234', 1, 1),
(151, '2017-05-15', 99, 'STAR UNION DAI CHI LIFE INSURANCE', 1053, 'PUJARI CHAMBER PACHPEDI NAKA RAIPUR', 'PUJARI CHAMBER PACHPEDI NAKA RAIPUR', '7489548691', 0, '22AALCS3949Q1ZM', 'AALCS3949Q', 2, 20, '1vijay.suryawanshi@sudlife.in', '@abcd1234', 1, 1),
(152, '2017-05-15', 2, 'Fullerton India Credit Company Ltd.(SARAIPALI BRAN', 1379, 'SARAIPALLI', 'SARAIPALLI', '9981132413', 0, '22AAACD1707C1ZL', 'AAACD1707C', 2, 0, 'durga.swain@fullertonindia.com', '@abcd1234', 13, 1),
(153, '2017-05-15', 1, 'KOTAK MAHINDRA BANK LTD (SUPELA BRANCH)', 154, 'UTTAR GANGOTRI, SUPELA, BHILAI', 'Ground Floor, Dhand Compound, Block No 15, Plot No 17/40, Civil Lines, Raipur', '7884340105', 0, '22AAACK4409J1ZU', 'AAACK4409J', 0, 20, 'supela@kotak.com', '@abcd1234', 8, 1),
(154, '2017-05-15', 2, 'KOTAK MAHINDRA BANK LTD (NEHRU NAGAR BRANCH)', 154, 'NEHRU NAGAR, BHILAI', 'Ground Floor, Dhand Compound, Block No 15, Plot No 17/40, Civil Lines, Raipur', '9999999999', 0, '22AAACK4409J1ZU', 'AAACK4409J', 0, 20, 'nehrunagar@kotak.com', '@abcd1234', 8, 1),
(155, '2017-05-15', 3, 'HDFC STADARD LIFE INSURANCE CO. LTD (BHILAI)', 154, 'Supela, Bhilai', 'Supela, Bhilai', '7884035643', 0, '22AAACH8755L1ZC', 'AAACH8755L', 0, 20, 'bhilai@hdfclife.com', '@abcd1234', 8, 1),
(156, '2017-05-15', 3, 'Fullerton India Credit Company Ltd.(PITHORA BRANCH', 1379, 'PITHORA', 'PITHORA', '9630015931', 0, '22AAACD1707C1ZL', 'AAACD1707C', 2, 0, 'manas.sahoo@fullertonindia.com', '@abcd1234', 13, 1),
(157, '2017-05-15', 4, 'HDFC BANK LTD (SARAIPALLI BRANCH)', 1379, 'SARAIPALLI', 'SARAIPALLI', ' 9098881114', 0, '22AAACH2702H1ZA', 'AAACH270H', 2, 20, 'Himanshu.Bhoi@hdfcbank.com', '@abcd1234', 13, 1),
(158, '2017-05-15', 1, 'KOTAK MAHINDRA BANK LTD (BILASPUR BRANCH)', 1391, 'HIgh Court Road, Bilaspur', 'Ground Floor, Dhand Compound, Block No 15, Plot No 17/40, Civil Lines, Raipur', '7752429605', 0, '22AAACK4409J1ZU', 'AAACK4409J', 0, 20, 'bilaspur@kotak.com', '@abcd1234', 15, 1),
(159, '2017-05-15', 2, 'KOTAK MAHINDRA BANK LTD (MAGARPARA BRANCH)', 1391, 'Magarpara Raod, Opp KIMS Hospital, Bilaspur', 'Ground Floor, Dhand Compound, Block No 15, Plot No 17/40, Civil Lines, Raipur', '7752430430', 0, '22AAACK4409J1ZU', 'AAACK4409J', 0, 20, 'magarpara@kotak.com', '@abcd1234', 15, 1),
(160, '2017-05-15', 3, 'KOTAK MAHINDRA BANK LTD (TFE BILASPUR)', 1391, 'BILASPUR', 'Ground Floor, Dhand Compound, Block No 15, Plot No 17/40, Civil Lines, Raipur', '7752429605', 0, '22AAACK4409J1ZU', 'AAACK4409J', 0, 20, 'tfebilaspur@gmail.com', '@abcd1234', 15, 1),
(161, '2017-05-15', 4, 'KOTAK MAHINDRA BANK LTD (NAILA)', 1391, 'National Highway 200, Old Chandania Para, Janjgir', 'Ground Floor, Dhand Compound, Block No 15, Plot No 17/40, Civil Lines, Raipur', '0000000000', 0, '22AAACK4409J1ZU', 'AAACK4409J', 0, 20, 'naila@kotal.com', '@abcd1234', 15, 1),
(162, '2017-05-15', 5, 'KOTAK MAHINDRA BANK LTD (AMBIKAPUR BRANCH)', 3, 'Brahma Road, Ambikapur-497001', 'Ground Floor, Dhand Compound, Block No 15, Plot No 17/40, Civil Lines, Raipur', '0000000000', 0, '22AAACK4409J1ZU', 'AAACK4409J', 0, 20, 'ambikapur@kotak.com', '@abcd1234', 15, 1),
(163, '2017-05-15', 6, 'KOTAK MAHINDRA BANK LTD (BHATAPARA BRANCH)', 1397, 'Nayaganj Ward, Bhatapara', 'Ground Floor, Dhand Compound, Block No 15, Plot No 17/40, Civil Lines, Raipur', '0000000000', 0, '22AAACK4409J1ZU', 'AAACK4409J', 0, 20, 'bhatapara@kotak.com', '@abcd1234', 15, 1),
(164, '2017-05-16', 19, 'Reliance Nippon Life Insurance Company Ltd', 154, '28, Commercial Complex, nehru Nagarm Bhilai', '', '7883204662', 0, '22AADCA1410E1ZP', '', 0, 10, 'rclbhilai@gmail.com', '@abcd1234', 2, 1),
(165, '2017-05-16', 1, 'IDBI BANK LTD ( JASHPUR NAGAR BRANCH)', 1395, 'JASHPUR NAGAR', 'JASHPUR NAGAR', '9993527983', 0, '22AABCI8842G1ZP', 'AABCI8842G', 2, 0, 'idbi@jashpur.co.in', '@abcd1234', 14, 1),
(166, '2017-05-16', 1, 'HDFC BANK LTD ( RAJIM BRANCH)', 1387, 'RAJIM', 'RAJIM', '9893625362', 0, '22AAACH2702H1ZA', 'AAACH2702H', 2, 20, 'hdfcbank@rajim.com', '@abcd1234', 11, 1),
(167, '2017-05-16', 2, 'IDBI BANK LTD ( RAJIM BRANCH)', 1387, 'RAJIM', 'RAJIM', '9826536524', 0, '22AABCI8842G1ZP', 'AABCI8842G', 2, 0, 'idbibank@rajim.com', '@abcd1234', 11, 1),
(168, '2017-05-16', 3, 'DCB BANK LTD (KURRA BRANCH)', 1387, 'KURRA RAJIM', 'KURRA RAJIM', '9302051511', 0, '22AAACD1461F1ZC', 'AAACD1461F', 2, 20, 'dushyant.chaturvedi@dcbbank.com', '@abcd1234', 11, 1),
(169, '2017-05-16', 4, 'CORPORATION BANK ( ABHANPUR BRANCH)', 1387, 'ABHANPUR RAJIM', 'ABHANPUR', '9825636542', 0, '22AAACC7245E1Z5', 'AAACC7245E', 2, 10, 'corporationbank@rajim.com', '@abcd1234', 11, 1),
(170, '2017-05-16', 5, 'HDFC BANK LTD ( GOUTAM KUMAR VERMA)', 1387, 'RAJIM', 'RAJIM', '9836545362', 0, '22AAACH2702H1ZA', 'AAACH2702H', 2, 20, 'goutamkumar@hdfcbank.com', '@abcd1234', 11, 1),
(171, '2017-05-16', 1, 'DCB BANK LTD ( BEMETARA BRANCH)', 1385, 'BEMETARA', 'BEMETARA', '7865235251', 0, '22AAACD1461F1ZC', 'AAACD1461F', 2, 20, 'dcbbank@bemetara.com', '@abcd1234', 7, 1),
(172, '2017-05-16', 2, 'IDBI BANK LTD ( BEMETARA BRANCH)', 1385, 'BEMETARA', 'BEMETARA', '9823653254', 0, '22AABCI8842G1ZP', 'AABCI8842G', 2, 0, 'idbibank@bemetara.com', '@abcd1234', 7, 1),
(173, '2017-05-16', 3, 'HDFC BANK LTD ( BEMETARA BRANCH)', 1385, 'BEMETARA', 'BEMETARA', '9827456321', 0, '22AAACH2702H1ZA', 'AAACH2702H', 2, 20, 'hdfcbank@bemetara.com', '@abcd1234', 7, 1),
(174, '2017-05-16', 4, 'KOTAK MAHINDRA BANK LTD ( BEMETARA BRANCH)', 1385, 'BEMETARA', 'Ground Floor, Dhand Compound, Block No 15, Plot No 17/40, Civil Lines, Raipur', '9827536251', 0, '22AAACK4409J1ZU', 'AAACK4409J', 2, 20, 'kotak@bemetara.com', '@abcd1234', 7, 1),
(175, '2017-05-16', 1, 'HDFC BANK LTD ( MAHASAMUND BRANCH)', 1390, 'MAHASAMUND', 'MAHASAMUND', '9826523529', 0, '22AAACH2702H1ZA', 'AAACH2702H', 2, 20, 'hdfcbank@mahasamund.com', '@abcd1234', 12, 1),
(176, '2017-05-16', 2, 'IDBI BANK LTD ( MAHASAMUND BRANCH)', 1390, 'MAHASAMUND', 'MAHASAMUND', '98931016754', 0, '22AABCI8842G1ZP', 'AABCI8842G', 2, 0, 'idbibank@mahasamund.com', '@abcd1234', 12, 1),
(177, '2017-05-16', 3, 'DCB BANK LTD ( MAHASAMUND BRANCH)', 1390, 'MAHASAMUND', 'MAHASAMUND', '8823009823', 0, '22AAACD1461F1ZC', 'AAACD1461F', 2, 20, 'kanhucharan.bisoi@dcbbank.com', '@abcd1234', 12, 1),
(178, '2017-05-16', 4, 'KOTAK MAHINDRA BANK LTD ( MAHASAMUND BRANCH)', 1390, 'MAHASAMUND', 'Ground Floor, Dhand Compound, Block No 15, Plot No 17/40, Civil Lines, Raipur', '9865456780', 0, '22AAACK4409J1ZU', 'AAACK4409J', 2, 20, 'kotakmahindra@mahasamund.com', '@abcd1234', 12, 1),
(179, '2017-05-16', 5, 'CHOLAMANDALAM INVESTMENT   AND FINANCE COMPANY LTD', 1390, 'MAHASAMUMND', 'MAHASAMUMND', '9876546789', 0, '22AAACC1226H1ZF', 'AAACC1226H', 2, 10, 'cholamandalam@mahasamund.com', '@abcd1234', 12, 1),
(180, '2017-05-16', 1, 'CHOLAMANDALAM INVESTMENT AND FINANCE COMPANY LTD (', 1397, 'BHATAPARA', 'BHATAPARA', '9890786756', 0, '22AAACC1226H1ZE', 'AAACC1226H', 2, 20, 'cholamandalam@bhatapara.com', '@abcd1234', 20, 1),
(181, '2017-05-16', 2, 'KOTAK MAHINDRA BANK LTD ( BHATAPARA BRANCH)', 1397, 'BHATAPARA', 'Ground Floor, Dhand Compound, Block No 15, Plot No 17/40, Civil Lines, Raipur', '8978656498', 0, '22AAACK4409J1ZU', 'AAACK4409J', 2, 20, 'kotak@bhatapara.com', '@abcd1234', 20, 1),
(182, '2017-05-19', 6, 'ICICI BANK LTD ( MAHASAMUND BRANCH)', 1390, 'MAHASAMUND', 'MAHASAMUND', '8956254515', 0, '', '', 2, 10, 'icici@mahasamund.com', '@abcd1234', 12, 1),
(183, '2017-05-19', 7, 'IDBI BANK LTD ( AARANG BRANCH)', 1390, 'AARANG', 'AARANG', '7089892431', 0, '22AABCI8842G1ZP', 'AABCI8842G', 2, 0, 'idbi@aarang.com', '@abcd1234', 12, 1),
(184, '2017-05-19', 100, 'MPS TELECOM PVT LTD', 1053, 'DEVENDRA NAGAR RAIPUR', '', '8349201659', 0, '', '', 2, 0, '1mps@raipur.cpom', '@abcd1234', 1, 1),
(185, '2017-05-19', 101, 'ZENITH AGRIZONE PVT LTD', 1053, '507 MEGNETO MALL OFFIZO MAGNETO MALL G E ROAD G E ROAD TELIBANDHA RAIPUR', '', '9823456231', 0, '', '', 2, 20, '1zenith@raipur.com', '@abcd1234', 1, 1),
(186, '2017-05-19', 102, 'HDFC BANK LTD ( OPRATION)', 1053, 'SUNDER NAGAR  RAIPUR', 'SUNDER NAGAR  RAIPUR', '9329471229', 0, '22AAACH2702H1ZA', 'AAACH2702H', 2, 20, '1sriramprasad.nemani@hdfcbank.com', '@abcd1234', 1, 1),
(187, '2017-05-20', 103, 'IDBI BANK LTD ( TELIBANDHA BRANCH)', 1053, 'C 1 Aishwarya Chambers Vip Road Raipur 492001 ( CG)', 'C 1 Aishwarya Chambers Vip Road Raipur 492001 ( CG)', '07716672507', 0, '22AABCI8842G1ZP', 'AABCI8842G', 2, 0, '1raj.vardhan@idbi.co.in', '@abcd1234', 1, 1),
(188, '2017-05-20', 1, 'KOTAK MAHINDRA BANK LTD (AMBIKAPUR)', 3, 'BRANHMA ROAD, AMBIKAPUR', 'Ground Floor, Dhand Compound, Block No 15, Plot No 17/40, Civil Lines, Raipur', '3322740138', 0, '22AAACK4409J1ZU', 'AAACK4409J', 0, 20, 'abpkotak@gmail.com', '@abcd1234', 25, 1),
(189, '2017-05-22', 104, 'CHEMINOVA INDIA LTD', 1053, 'GITANJALI NAGAR RAIPUR', 'GITANJALI NAGAR RAIPUR', '7714042006', 0, '22AFFPA4368F1ZX', 'AFFPA4368F', 2, 10, '1cheminova@raipur.com', '@abcd1234', 1, 1),
(190, '2017-05-22', 105, 'AXIS SECURITIES LTD', 1053, 'PANDRI RAIPUR', 'PANDRI RAIPUR', '9826354201', 0, '', '', 2, 10, '1axissec@raipur.com', '@abcd1234', 1, 1),
(191, '2017-05-27', 4, 'BLUECHIP CORPORATE INVESTMENT CENTRE LTD (BHILAI)', 154, 'BHILAI BRANCH', 'BHILAI BRANCH', '9303340016', 0, '22AAACB4609B1ZI', 'AAACB4609B', 0, 10, 'bhilai@bluchip.com', '@abcd1234', 8, 1),
(192, '2017-05-29', 2, 'BLUECHIP CORPORATE INVESTMENT CENTRE LTD ( AMBIKAP', 3, 'AMBIKAPUR', 'AMBIKAPUR', '9826754236', 0, '22AAACB4609B1ZI', 'AAACB4609B', 2, 10, 'ambikapur@bluechip.com', '@abcd1234', 25, 1),
(193, '2017-05-29', 106, 'SOHAIL BHAI', 1053, 'NOORANI CHOWK RAJA  TALAB RAIPUR', '', '9896655251', 0, '', '', 2, 0, '1sohail@gmswoldwide.com', '@abcd1234', 1, 1),
(195, '2017-05-30', 50, 'CASH SALE', 154, 'BHILAI', '', '9303340016', 0, '', '', 0, 0, 'BHILAI@ONDOT.INFO', '@abcd1234', 2, 1),
(196, '2017-06-07', 1, 'ICICI PRUDENTIAL LIFE INSURANCE CO LTD (RAIPUR BRA', 1053, 'UNIT NO 301 3 RD FLOOR ACE GLOBAL OPP. MINOCHA PETROL PUMP TELIBANDHA RAIPUR', '', '9826985551', 0, '', '', 2, 25, 'iciciraipur@pru.com', '@abcd1234', 26, 1),
(197, '2017-06-07', 2, 'ICICI PRUDENTIAL LIFE INSURANCE CO LTD ( BHILAI BR', 154, 'GRACE PLAZA COMPLEX PLOT NO 19 SHOP NO 109 110 1ST FLOOR PRIYADARSHINI PARISAR NEHRU NAGAR BHILAI', '', '9832556231', 0, '', '', 2, 25, 'iciciprulife@bhilai.com', '@abcd1234', 26, 1),
(198, '2017-06-07', 3, 'ICICI PRUDENTIAL LIFE INSURANCE CO LTD ( BILASPUR', 185, '3RD FLOOR SURYA CHAMBER PLOT NO A/09 VYAPAR VIHAR BILASPUR', '', '9865325456', 0, '', '', 2, 25, 'iciciprulife@bilaspur.com', '@abcd1234', 26, 1),
(199, '2017-06-07', 4, 'ICICI PRUDENTIAL LIFE INSURANCE CO LTD ( KORBA BRA', 714, 'K M COMPLEX TRANSPORT NAGAR POWER HOUSE ROAD KORBA', '', '9827561235', 0, '', '', 2, 25, 'iciciprulife@korba.com', '@abcd1234', 26, 1),
(200, '2017-06-07', 5, 'ICICI PRUDENTIAL LIFE INSURANCE CO LTD (RAJNANDGAO', 1077, '2ND FLOOR WAKRATUND COMPLEX BASANTPUR ROAD SAHDEV NAGAR RAJNANDGAON', '', '9865312456', 0, '', '', 2, 25, 'icicipru@rjn.com', '@abcd1234', 26, 1),
(201, '2017-06-07', 6, 'ICICI PRUDENTIAL LIFE INSURANCE CO LTD (RAIGARH BR', 1070, 'KRISHNA SHOPPING MALL 3RD FLOOR NO 26 & 27 JAGATPUR,RAIGARH', '', '9865245689', 0, '', '', 2, 25, 'iciciprulife@raigarh.com', '@abcd1234', 26, 1),
(202, '2017-06-07', 7, 'ICICI PRUDENTIAL LIFE INSURANCE CO LTD ( AMBIKAPUR', 3, 'AXIS BANK BUILDING, M G ROAD BANARASI CHOWK AMBIKAPUR', '', '9827956412', 0, '', '', 2, 25, 'iciciprulife@ambikapur.com', '@abcd1234', 26, 1),
(203, '2017-06-07', 8, 'ICICI PRUDENTIAL LIFE INSURANCE CO LTD (JAGDALPUR', 565, 'LAXMAN AVENUE,BALAJEE WARD JAGDALPUR', '', '9893156231', 0, '', '', 2, 25, 'iciciprulife@jagdalpur.com', '@abcd1234', 26, 1),
(204, '2017-06-07', 9, 'ICICI PRUDENTIAL LIFE INSURANCE CO LTD ( DHAMTARI', 330, 'SUNEELAM PLOT NO 30 B 1ST FLOOR OPP CALTEX PETROL PUMP BASTAR ROAD DHAMTARI', '', '98923156895', 0, '', '', 2, 25, 'iciciprulife@dhamtari.com', '@abcd1234', 26, 1),
(205, '2017-06-07', 10, 'ICICI PRUDENTIAL LIFE INSURANCE CO LTD (JANJGIRI B', 1401, 'MLT COMPLEX GROND FLOOR SHOP NO 2 NEW CHAMPA ROAD JANJGIRI', '', '9896745365', 0, '', '', 2, 25, 'iciciprulife@janjgiri.com', '@abcd1234', 26, 1),
(206, '2017-06-07', 11, 'ICICI PRUDENTIAL LIFE INSURANCE CO LTD ( MANENDRAG', 1053, 'NEAR KAMLA MEMORIAL HOSPITAL NADIPAR AMBIKAPUR ROAD WARD NO 21 MANENDRAGARH', '', '9893656123', 0, '', '', 2, 25, 'iciciprulife@manendragarh.com', '@abcd1234', 26, 1),
(207, '2017-06-14', 107, 'STEEL MINT', 1053, '301 JEEVAN PARISAR RAJEEV NAGAR RAIPUR', '', '9770056666', 0, '', '', 2, 0, '1raipur@stellmint.com', '@abcd1234', 1, 1),
(208, '2017-06-20', 108, 'NARDEY ACADEMY', 1053, '102 NATIONAL CORPORATE PARK RAIPUR', '', '7471121267', 0, '', '', 2, 10, '1nerdyacademy@gmail.com', '@abcd1234', 1, 1),
(209, '2017-07-02', 109, 'HDFC BANK LTD (BHANPURI BRANCH)', 1053, 'BHANPURI RAIPUR', 'BHANPURI RAIPUR', '9825642512', 0, '22AAACH2702H1ZA', 'AAACH2702H', 2, 20, '1hdfcbank@bhanpuribranch.com', '@abcd1234', 1, 1),
(210, '2017-07-02', 110, 'HDFC BANK LTD ( Emering Enterprises Group)', 1053, 'CHAWLA TOWER SHANKAR NAGAR RAIPUR', 'Emering Enterprises Group, CHAWLA TOWER SHANKAR NAGAR RAIPUR', '8109307780', 0, '22AAACH2702H1ZA', 'AAACH2702H', 2, 20, '1reeturaj.ganguly@hdfcbank.com', '@abcd1234', 1, 1),
(211, '2017-07-04', 5, 'IDBI BANK LTD (NEHRU NAGAR)', 154, '19,NEW ERA NEHRU NAGAR SQUARE BHILAI', '', '9303340016', 0, '22AABCI8842G1ZP', '', 0, 0, 'BHILAI@IDBIBANK.CO', '@ABCD1234', 8, 1),
(212, '2017-07-04', 6, 'IDBI BANK LTD(BHILAI CHARODA BRANCH)', 154, 'G E ROAD BHILAI-3 CHARODA BHILAI', 'G E ROAD BHILAI-3 CHARODA BHILAI', '9303340016', 0, '22AABCI8842G1ZP', 'AABCI8842G', 0, 0, 'Bbhilai3@idbibank.co', '@abcd1234', 8, 1),
(213, '2017-07-04', 7, 'IDBI BANK LTD (NANDINI ROAD)', 154, 'NANDINI ROAD POWER HOUSE BHILAI', 'NANDINI ROAD POWER HOUSE BHILAI', '9303340016', 0, '22AABCI8842G1ZP', 'AABCI8842G', 0, 0, 'bhilainr@idbibank.co', '@abcd1234', 8, 1),
(214, '2017-07-07', 8, 'IDBI BANK LTD ( DURG BRANCH)', 357, 'STATION ROAD DURG', '', '7716542565', 0, '22AABCI8842G1ZP', '', 2, 0, 'idbibank@durg.com', '@abcd1234', 8, 1),
(215, '2017-07-07', 9, 'NAC MIT', 154, 'COMMERCIAL COMPLEX NEHRU NAGAR BHILAI', '', '9329021310', 0, '', '', 2, 20, 'nacmit@bhilai.com', '@abcd1234', 8, 0),
(216, '2017-07-08', 10, 'FRONT LINE', 154, 'shop no 221,1st floor chuhan estate bhilai', '', '9999111444', 0, '', '', 0, 0, 'bhilai@frontline.com', '@abcd1234', 8, 1),
(217, '2017-07-08', 11, 'BHARAT STEEL', 154, 'sashi tower,near ganpati motors ge raod bhilai', 'sashi tower,near ganpati motors ge raod bhilai', '8602443667', 0, '', '', 0, 0, 'bhilai@bharatsteel.com', '@abcd1234', 8, 1),
(218, '2017-07-17', 111, 'ANDHRA BANK', 1053, 'PANDRI BRANCH RAIPUR', 'PANDRI BRANCH RAIPUR', '9825652541', 0, '', '', 2, 20, '1raipur@andhrabank.com', '@abcd1234', 1, 1),
(219, '2017-07-17', 112, 'KOTAK MAHINDRA BANK LTD ( G E ROAD)', 1053, 'G E ROAD RAIPUR', 'Ground Floor, Dhand Compound, Block No 15, Plot No 17/40, Civil Lines, Raipur', '98952651254', 0, '22AAACK4409J1ZU', 'AAACK4409J', 2, 20, '1kotak@geroadbranch.com', '@abcd1234', 1, 1),
(220, '2017-07-17', 113, 'HDFC BANK LTD (BBWC)', 1053, 'SUNDAR NAGAR, RAIPUR', 'BBWC, SUNDAR NAGAR, RAIPUR', '85224520122', 0, '22AAACH2702H1ZA', 'AAACH2702H', 2, 20, '1BBWC@SUNDARNAGAR.COM', '@ABCD1234', 1, 1),
(221, '2017-07-19', 12, 'MUTHOOT FINANCE LTD  ( RISHALI )', 154, 'krishna takies raod rishali', 'krishna takies raod rishali', '9999988888', 0, '', '', 0, 0, 'bhilai@muthootfinance.com', '@abcd1234', 8, 1),
(222, '2017-07-19', 13, 'K SALES', 154, 'ethiraj tower shop no 214 sastri nagar', 'ethiraj tower shop no 214 sastri nagar', '9997774444', 0, '', '', 0, 0, 'bhilai@ksales.com', '@abcd1234', 8, 1),
(223, '2017-07-21', 114, 'NSB CAPITAL MARKET(P) LTD', 1053, '2nd Floor Nagdev Plaza Katchery Chowk Raipur', '2nd Floor Nagdev Plaza Katchery Chowk Raipur', '9852240001', 0, '', '', 2, 20, '1nsbcapital2017@gmail.com', '@xyz321', 1, 1),
(225, '2017-08-12', 115, 'KOTAK MAHINDRA BANK (TFE)', 1053, '2ND FLOOR, CITY PLAZA,', 'Ground Floor, Dhand Compound, Block No 15, Plot No 17/40, Civil Lines, Raipur', '1111111111', 0, '22AAACK4409J1ZU', 'AAACK4409J', 0, 20, '1tfe@kotak.com', '@abcd1234', 1, 1),
(227, '2017-08-22', 14, 'Reliance  Nippon Life Insurance Company Ltd', 154, '28,comm.complex nehru nagar bhilai', '28,comm.complex nehru nagar bhilai', '1111122222', 0, '22AADCA1410E1ZP', 'AADCA1410E', 0, 10, 'rel@bhilai.com', '@ABCD1234', 8, 1),
(228, '2017-08-22', 15, 'MUTHOOT FINANCE LTD [DURG]', 154, 'STATION ROAD DURG', 'STATION ROAD DURG', '3332111455', 0, '22AABCTO343B1ZB', 'AABCTO343B', 0, 10, 'MUTHOOT@BHILAI.COM', '@ABCD1234', 8, 1),
(229, '2017-08-22', 16, 'STAR HEALTH INSURANCE COMPANY LTD', 154, '28,COMM.COMPLEX NEHRU NAGAR BHILAI', '28,COMM.COMPLEX NEHRU NAGAR BHILAI', '9877444120', 0, '22AAJCS4517L1Z8', 'AAJCS4517L', 0, 10, 'STAR@BHILAI.COM', '@ABCD1234', 8, 1),
(230, '2017-08-22', 17, 'JAIKA AUTOMOBILES AND FINANCE PVT LTD', 154, 'G E RAOD SUPELA BHILAI', 'G E RAOD SUPELA BHILAI', '7888229650', 0, '22AAACJ3178K1ZL', 'AAACJ3178K', 0, 10, 'JAIKA@BHILAI.COM', '@ABCD1234', 8, 1),
(231, '2017-08-22', 18, 'BAHUBALI FIANANCIAL SERVICES PVT LTD', 154, 'AKASH GANGA SUPELA BHILAI', 'AKASH GANGA SUPELA BHILAI', '7884033791', 0, '22AACCB4882G1ZV', 'AACCB4882G', 0, 10, 'BAHUBALIFINANCE@BHILAI.COM', '@ABCD1234', 8, 1),
(233, '2017-08-22', 20, 'BEEKAY ENGG.CORPORATION LTD', 154, '45/47 INDUSTRIAL ESTATE BHILAI', '45/47 INDUSTRIAL ESTATE BHILAI', '7884082200', 0, '22AAOFB7198M1Z4', 'AAOFB7198M', 0, 10, 'BEEKAY@BHILAI.COM', '@ABCD1234', 8, 1),
(234, '2017-08-22', 21, 'KARVY STOCK  BROKING LTD', 154, 'NEHRU NAGAR EAST BHILAI', 'NEHRU NAGAR EAST BHILAI', '9987774545', 0, '22AABCK5190K2ZI', 'AABCK5190K', 0, 10, 'KARVY@BHILAI.COM', '@ABCD1234', 8, 1),
(235, '2017-08-22', 22, 'BHARTH EARTH MOVERS LTD', 154, 'EXPANTION BUDG. BSP BHILAI', 'EXPANTION BUDG. BSP BHILAI', '7882223882', 0, '22AAACB8433D1ZB', 'AAACB8433D', 0, 10, 'BHILAI@BEML.COM', '@ABCD1234', 8, 1),
(236, '2017-08-22', 23, 'ASSOCIATED ROAD CARRIERS LTD', 154, 'NEW KHURSIPAR NEAR GURDWARA BHILAI', 'NEW KHURSIPAR NEAR GURDWARA BHILAI', '7882281596', 0, '22AACCA4861C1Z9', 'AACCA4861C', 0, 10, 'ARC@BHILAI.COM', '@ABCD1234', 8, 1),
(237, '2017-08-22', 24, 'KIRLOSKAR  ELECTRIC COMPANY LTD', 154, '17-18, IT TOWER, COMMERCIAL COMPLEX, NEHRU NAGAR (E),', '17-18, IT TOWER, COMMERCIAL COMPLEX, NEHRU NAGAR (E),', '7899887744', 0, '22AABCK2721Q1ZK', 'AABCK2721Q', 0, 10, 'KECL@BHILA.COM', '@ABCD1234', 8, 1),
(238, '2017-08-23', 25, 'P S  STEEL TUBES PVT LTD', 154, '26,27 AKASH GANGA SUPELA BHILAI', '26,27 AKASH GANGA SUPELA BHILAI', '7884035222', 0, '22AABCP9233A1ZZ', 'AABCP9233A', 0, 10, 'PSSTEEL@BHILAI.COM', '@ABCD1234', 8, 1),
(239, '2017-08-23', 26, 'DILIP GOLECHHA', 154, 'HIMALAYA COMLEX SUPELA BHILAI', 'HIMALAYA COMLEX SUPELA BHILAI', '7882220408', 0, '22ADAPG1006B1ZV', 'ADAPG1006B', 0, 10, 'GOLECHHA@BHILAI.COM', '@ABCD1234', 8, 1),
(240, '2017-08-23', 27, 'EVO TECH PVT  LTD', 154, '17/18,IT COMPLEX NEHRU NAGAR BHILAI', '17/18,IT COMPLEX NEHRU NAGAR BHILAI', '7883225256', 0, '22AABCE2401P1ZZ', 'AABCE2401P', 0, 10, 'EVOTECH@BHILAI.COM', '@ABCD1234', 8, 1),
(242, '2017-08-23', 29, 'HDFC BANK LTD [ SUPELA BRANCH ]', 154, 'CHOUHAN ESTATE GROUND FLOOR G E ROAD BHILAI', 'CHOUHAN ESTATE GROUND FLOOR G E ROAD BHILAI', '7884034004', 0, '22AAACH2702H1ZA', 'AAACH2702H', 0, 20, 'HDFCSUPELA@BHILAI.COM', '@ABCD1234', 8, 1);
INSERT INTO `tbl_clients` (`Client_Id`, `Joining_Date`, `Client_Code`, `Client_Name`, `Destination_Id`, `Address`, `Billing_Address`, `Contact_No`, `GST_Within_State`, `GSTIN_No`, `PAN_No`, `Insurance_Percent`, `Fuel_Surcharge`, `Email`, `Password`, `Branch_Id`, `Is_Active`) VALUES
(243, '2017-08-23', 30, 'HDFC BANK LTD  [ WBO BHILAI ]', 154, '2ND FLOOR, CHOUHAN ESTATE G E ROAD BHILAI', '2ND FLOOR, CHOUHAN ESTATE G E ROAD BHILAI', '7888444455', 0, '22AAACH2702H1ZA', 'AAACH2702H', 0, 20, 'HDFCWBO@BHILAI.COM', '@ABCD1234', 8, 1),
(244, '2017-08-23', 31, 'HDFC BANK LTD  [ SMRITI NAGAR BRANCH ]', 154, '22,COMMERCIAL COMPLEX CHPL DREAM HOMESMRITI NAGAR BHILAI', '22,COMMERCIAL COMPLEX CHPL DREAM HOMESMRITI NAGAR BHILAI', '7884444411', 0, '22AAACH2702H1ZA', 'AAACH2702H', 0, 20, 'HDFC@BHILAI.COM', '@ABCD1234', 8, 1),
(245, '2017-08-23', 32, 'HDFC BANK LTD  [ RISHALI BRANCH ]', 154, 'KRISHNA TAKIES ROAD RISHALI BHILAI', 'KRISHNA TAKIES ROAD RISHALI BHILAI', '7886555755', 0, '22AAACH2702H1ZA', 'AAACH2702H', 0, 20, 'HDFCRISHALI@BHILAI.COM', '@ABCD1234', 8, 1),
(246, '2017-08-23', 33, 'HDFC BANK LTD  [ WBO DURG ]', 154, 'STATION ROAD DURG', 'STATION ROAD DURG', '7884445552', 0, '22AAACH2702H1ZA', 'AAACH2702H', 0, 20, 'HDFCWBO@DURG.COM', '@ABCD1234', 8, 1),
(247, '2017-08-23', 19, 'MUTHOOT FINANCE LTD [ BHILAI ]', 154, 'NEHRU NAGAR BHILAI', 'NEHRU NAGAR BHILAI', '7788779898', 0, '22AABCT0343B1ZB', 'AABCT0343B', 0, 10, 'MUTHOOT@BHILAI.COM', '@ABCD1234', 8, 1),
(248, '2017-08-23', 28, 'HDFC BANK LTD [ BHILAI CHARODA BRANCH ]', 154, 'NEAR LIFE LINE HOSPITAL G E ROAD BHILAI -3', 'NEAR LIFE LINE HOSPITAL G E ROAD BHILAI -3', '7886452211', 0, '22AAACH2702H1ZA', 'AAACH2702H', 0, 20, 'HDFCCHARODA@BHILAI.COM', '@ABCD1234', 8, 1),
(249, '2017-08-25', 6, 'CHOLAMANDALAM INVESTMENT COMPANY LTD ( RAJIM)', 1387, 'RAJIM', 'RAJIM', '9893125652', 0, '22AAACC1226H1ZF', 'AAACC1226H', 2, 20, 'cholamandalam@rajim.com', '@abcd1234', 11, 1),
(250, '2017-09-04', 34, 'SMC INSURANCE BROKERS PVT LTD', 154, 'NEHRU NAGAR BHILAI', 'NEHRU NAGAR BHILAI', '9303340016', 0, '22AACCR1402Q1ZK', 'AACCR1402Q', 0, 10, 'SMCBHILAI@GMAIL.COM', '@ABCD1234', 8, 1),
(251, '2017-09-09', 116, 'Flight Despatch Couriers & Cargo (I) Pvt. Ltd.', 319, '781, D.B. Gupta Road, Near Faiz Road, Karol Bagh,', '781, D.B. Gupta Road, Near Faiz Road, Karol Bagh,', '9312270611', 1, '07AAACF2025M1ZT', 'AAACF2025M', 0, 0, '1fdcdel@gmail.com', '@abcd1234', 1, 1),
(252, '2017-09-09', 117, 'PARAGON WORLDWIDE EXPRESS', 319, 'F-139, Mayapuri Industrial Area, Phase-||, New Delhi-64', 'F-139, Mayapuri Industrial Area, Phase-||, New Delhi-64', '1128114032', 0, '07AMXPS0629N2Z4', 'AMXPS0629N', 0, 0, '1paragoan@gmsdelhi.com', '@abcd1234', 1, 1),
(253, '2017-09-14', 118, 'CASH SALE RAIPUR', 1053, 'ESSKAY PLAZA MOUDHAPARA RAIPUR', '', '9893101226', 0, '', '', 2, 0, '1Raipur@gmsworldwide.com', '@abcd1234', 1, 1),
(254, '2017-10-03', 8, 'KARVY DATA MANAGEMENT SERVICES LIMITED', 1390, 'PRITAM PRID COMPLEX MAHASAMUND', 'PRITAM PRID COMPLEX MAHASAMUND', '7224934221', 1, '19AADCK4066C1ZO', 'AADCK4066C', 2, 10, 'shyamkumar081193@gmail.com', '@abcd1234', 12, 1),
(255, '2017-10-03', 7, 'HDFC BANK LTD (UMA SHANKAR SAHU)', 1387, 'RAJIM', 'RAJIM', '8817077170', 0, '22AAACH2702H1ZA', 'AAACH2702H', 2, 20, 'uma.sahu@hdfcbank.com', '@abcd1234', 11, 1),
(256, '2017-10-03', 8, 'HDFC BANK LTD (DHARMENDRA PATEL)', 1387, 'RAJIM', 'RAJIM', '7566667169', 0, '22AAACH2702H1ZA', 'AAACH2702H', 2, 20, 'dharmendra.patel1@in.hdfcbank.com', '@abcd1234', 11, 1),
(257, '2017-10-03', 119, 'SBI FUNDS MANAGEMENT PRIVATE LIMITED', 1053, 'RAJ VILLA,OPP.GHASIDASSANGRAHALAY NEAR RAJ BHAVAN,CIVIL LINES,GHADI CHOWK RAIPUR', 'RAJ VILLA,OPP.GHASIDASSANGRAHALAY NEAR RAJ BHAVAN,CIVIL LINES,GHADI CHOWK RAIPUR', '9977033993', 0, '22AAACS7339D1ZO', 'AAACS7339D', 2, 10, '1cleatus.moylan@sbimf.com', '@ABCD1234', 1, 1),
(258, '2017-10-06', 120, 'JAIKA INSURANCE BROKERAGE PRIVATE LIMITED', 1053, 'G E ROAD TATIABNDH RAIPUR 492001', 'G E ROAD TATIABNDH RAIPUR 492001', '7716682200', 0, '22AABCJ4280F1ZY', 'AABCJ4280F', 2, 20, '1customercare@insurance.jaika.com', '@abcd1234', 1, 1),
(259, '2017-10-12', 121, 'JEWELZ', 1053, '82 SHAKESPEARE SARANI KOLKATA 700017', '82 SHAKESPEARE SARANI KOLKATA 700017', '9804557103', 1, '19ACFPA1063L1ZR', 'ACFPA1063L', 2, 0, 'zafar@logistics.jewelzindia.in', '@ABCD1234', 1, 1);

-- --------------------------------------------------------

--
-- Table structure for table `tbl_consignments`
--

CREATE TABLE `tbl_consignments` (
  `Consignment_Id` int(11) NOT NULL,
  `Consignment_No` bigint(20) NOT NULL COMMENT 'Consignment_No can be duplicate ',
  `Destination_Id` smallint(6) NOT NULL,
  `Mode` tinyint(1) NOT NULL COMMENT '1 for dox, 2 for non dox',
  `No_Of_Pieces` smallint(6) NOT NULL DEFAULT '1',
  `Send_By` tinyint(4) NOT NULL,
  `Total_Weight_In_KG` float NOT NULL,
  `Insured_Value` int(11) NOT NULL,
  `Subtotal` float NOT NULL,
  `Discount_Rs` float DEFAULT NULL,
  `Discount_Percent` float DEFAULT NULL,
  `Total_Amount` float NOT NULL,
  `Other_Charges` float NOT NULL,
  `Insurance_Other_Charges` float NOT NULL,
  `Client_id` int(11) DEFAULT NULL,
  `Branch_Id` smallint(6) DEFAULT NULL,
  `Operator_Id` smallint(6) DEFAULT NULL,
  `Date_Of_Submit` date NOT NULL
) ENGINE=InnoDB DEFAULT CHARSET=latin1;

-- --------------------------------------------------------

--
-- Table structure for table `tbl_destinations`
--

CREATE TABLE `tbl_destinations` (
  `Destination_Id` smallint(6) NOT NULL,
  `Destination_Code` varchar(20) NOT NULL,
  `Destination_Name` varchar(50) NOT NULL,
  `State_Id` tinyint(4) NOT NULL
) ENGINE=InnoDB DEFAULT CHARSET=latin1;

--
-- Dumping data for table `tbl_destinations`
--

INSERT INTO `tbl_destinations` (`Destination_Id`, `Destination_Code`, `Destination_Name`, `State_Id`) VALUES
(1, 'BHI', 'BHILAI3', 35),
(2, 'ABH', 'ABOHAR', 23),
(3, 'ABP', 'AMBIKAPUR', 35),
(4, 'ABR', 'AMBUR', 5),
(5, 'ABT', 'AMBEHTA', 27),
(6, 'ADBD', 'ADILABAD', 3),
(7, 'ADNK', 'ADDANKI', 3),
(8, 'ADO', 'ADONI', 3),
(9, 'AGJ', 'ALIGANJ', 27),
(10, 'AGMLY', 'ANGAMALY', 17),
(11, 'AGR', 'AGRA', 27),
(12, 'AGT', 'AGARTALA', 26),
(13, 'AJM', 'AJMER', 24),
(14, 'AJN', 'AJNALA', 23),
(15, 'AJR', 'ANJAR', 7),
(16, 'AJRA', 'AJRA', 2),
(17, 'AKB', 'AKBARPUR', 27),
(18, 'AKKAL', 'AKKALKOT', 2),
(19, 'AKL', 'AKOLA', 2),
(20, 'AKOT', 'AKOT', 2),
(21, 'AKPLI', 'ANAKAPALLI', 3),
(22, 'AKPT', 'ANAKAPUTHUR', 5),
(23, 'ALA', 'AMILA', 27),
(24, 'ALG', 'ALIGARH', 27),
(25, 'ALGM', 'ALANGULAM', 5),
(26, 'ALI', 'ALIBAG', 2),
(27, 'ALNR', 'ALANDUR', 5),
(28, 'ALPRM', 'AMALAPURAM', 3),
(29, 'ALTUR', 'ALTUR', 5),
(30, 'ALVA', 'ALUVA', 17),
(31, 'ALW', 'ALWAR', 24),
(32, 'AMALN', 'AMALNER', 2),
(33, 'AMB', 'AMBALA', 12),
(34, 'AMBAD', 'AMBAD', 2),
(35, 'AMBC', 'AMBALA CITY', 23),
(36, 'AMBCA', 'AMBALA CANTT', 23),
(37, 'AMBEJ', 'AMBEJOGAI', 2),
(38, 'AMBG', 'AMBEGAON', 2),
(39, 'AMBH', 'AMBALA HUB', 23),
(40, 'AMBR', 'AMBEDKAR NAGAR', 27),
(41, 'AMBUR', 'AMBUR', 5),
(42, 'AMD', 'AHMEDABAD', 7),
(43, 'AMER', 'AMRAVATI', 2),
(44, 'AMG', 'AHMEDGARH', 23),
(45, 'AMIN', 'AMINAGAR SARAI', 27),
(46, 'AMJI', 'AMJIKARAI', 5),
(47, 'AML', 'AMLOH', 23),
(48, 'AMLO', 'AMILO', 27),
(49, 'AMN', 'AHEMAD NAGAR', 2),
(50, 'AMOR', 'ARMOOR', 3),
(51, 'AMR', 'AMROHA', 27),
(52, 'AMRAO', 'AMRAOTI', 2),
(53, 'AMRLI', 'AMRELI', 7),
(54, 'AMTI', 'AMETHI', 27),
(55, 'AN', 'ANANTNAG', 14),
(56, 'ANAN', 'ANANDAPUR', 22),
(57, 'AND', 'ANAND', 7),
(58, 'ANDS', 'ANANDPUR SAHIB', 23),
(59, 'ANG', 'ANAPARTHI', 3),
(60, 'ANJAN', 'ANJANGAON', 2),
(61, 'ANK', 'ANKLESHWAR', 7),
(62, 'ANKL', 'ANKOLA', 16),
(63, 'ANL', 'AONLA', 27),
(64, 'ANPS', 'ANUPSHAHR', 27),
(65, 'ANR', 'AHMEDNAGAR', 2),
(66, 'ANTU', 'ANTU', 27),
(67, 'ANU', 'ANUGUL', 22),
(68, 'AP', 'AIRPORT OFFICE 30', 30),
(69, 'APKM', 'ALAPAKKAM', 5),
(70, 'ARA', 'ARRAH', 11),
(71, 'ARDH', 'AMRAUDHA', 27),
(72, 'ARES', 'ARMAPUR ESTATE', 27),
(73, 'ARI', 'ARARIA', 11),
(74, 'ARSK', 'ARSIKERE', 16),
(75, 'ARUPU', 'ARUPUKOTTAI', 5),
(76, 'ARVI', 'ARVI', 2),
(77, 'ARYA', 'AURAIYA', 27),
(78, 'ARYL', 'ARIYALUR', 5),
(79, 'ASAN', 'ASANSOL', 4),
(80, 'ASHTI', 'ASHTI', 2),
(81, 'ASN', 'ASSANDH', 12),
(82, 'ASR', 'AMRITSAR', 23),
(83, 'ATH', 'ATHNI', 16),
(84, 'ATHN', 'ATHANI', 5),
(85, 'ATL', 'ATUL', 7),
(86, 'ATLI', 'ATRAULIA', 27),
(87, 'ATPR', 'ANANTAPUR', 3),
(88, 'ATR', 'ATTUR', 5),
(89, 'ATRL', 'ATRAULI', 27),
(90, 'AUR', 'AURANGABAD (U.P.)', 27),
(91, 'AVAD', 'AVADI', 5),
(92, 'AVNIS', 'AVNISH ROAD', 5),
(93, 'AWR', 'AWAGARH', 27),
(94, 'AYD', 'AYODHYA', 27),
(95, 'AYR', 'ADYAR', 16),
(96, 'AZG', 'AZAMGARH', 27),
(97, 'AZL', 'AIZOL', 20),
(98, 'BAB', 'BABINA', 27),
(99, 'BABU', 'BABUGARH', 27),
(100, 'BAD', 'BARMER', 24),
(101, 'BAH', 'BAH', 27),
(102, 'BAI', 'BANKI', 22),
(103, 'BAJ', 'BAJNA', 27),
(104, 'BAJPU', 'BAJPUR', 28),
(105, 'BALAP', 'BALAPUR', 2),
(106, 'BALE', 'BALESHWAR', 22),
(107, 'BALLA', 'BALLARPUR', 2),
(108, 'BAN', 'BANDA', 27),
(109, 'BAR', 'BARNALA', 23),
(110, 'BARAM', 'BARAMATI', 2),
(111, 'BARAU', 'BARAUT', 27),
(112, 'BARSH', 'BARSHI', 2),
(113, 'BAV', 'BHAVNAGAR', 7),
(114, 'BBK', 'BARABANKI', 27),
(115, 'BBL', 'BARBIL', 22),
(116, 'BBLI', 'BOBBILI', 3),
(117, 'BBN', 'BHUBAN', 22),
(118, 'BBRU', 'BABERU', 27),
(119, 'BBSR', 'BHUBANESWAR', 22),
(120, 'BBU', 'BHABUA', 11),
(121, 'BCH', 'BHARUCH', 7),
(122, 'BCW', 'BACHHRAWAN', 27),
(123, 'BDGJ', 'BAHADURGANJ', 27),
(124, 'BDH', 'BADOHI', 27),
(125, 'BDI', 'BADDI', 13),
(126, 'BDK', 'BHADRAK', 22),
(127, 'BDKI', 'BINDKI', 27),
(128, 'BDL', 'BADLAPUR', 2),
(129, 'BDLDA', 'BUDHLADA', 23),
(130, 'BDN', 'BUDAUN', 27),
(131, 'BDNA', 'BUDHANA', 27),
(132, 'BDO', 'BALDEO', 27),
(133, 'BDQ', 'BARODA', 7),
(134, 'BDR', 'BHADAUR', 23),
(135, 'BEA', 'BEAWAR', 24),
(136, 'BEED', 'BEED', 2),
(137, 'BEG', 'BEGOWAL', 23),
(138, 'BGA', 'BODH GAYA', 11),
(139, 'BGH', 'BAHADURGARH', 12),
(140, 'BGJ', 'BENIGANJ', 27),
(141, 'BGK', 'BAGALKOT', 16),
(142, 'BGMU', 'BANGARMAU', 27),
(143, 'BGN', 'BANSGAON', 27),
(144, 'BGP', 'BHAGALPUR', 11),
(145, 'BGPT', 'BAGHPAT', 27),
(146, 'BGR', 'BALANGIR', 22),
(147, 'BGRM', 'BILGRAM', 27),
(148, 'BGRP', 'BANGARAPET', 16),
(149, 'BGS', 'BEGUSARAI', 11),
(150, 'BHADR', 'BHADRAVATI', 2),
(151, 'BHAG', 'BHAGWANPUR', 28),
(152, 'BHAGU', 'BHAGUR', 2),
(153, 'BHAND', 'BHANDARA', 2),
(154, 'BHIL', 'BHILAI', 35),
(155, 'BHIND', 'BHIND', 23),
(156, 'BHIRM', 'BHIMAVARAM', 3),
(157, 'BHJ', 'BAHJOI', 27),
(158, 'BHL', 'BHILWARA', 24),
(159, 'BHO', 'BHOPAL', 6),
(160, 'BHOKA', 'BHOKARDAN', 2),
(161, 'BHOPA', 'BHOPAL', 6),
(162, 'BHOR', 'BHOR', 2),
(163, 'BHR', 'BAHERI', 27),
(164, 'BHRW', 'BHARWARI', 27),
(165, 'BHUJ', 'BHUJ', 7),
(166, 'BID', 'BIDAR', 16),
(167, 'BIL', 'BILSI', 27),
(168, 'BITH', 'BITHOOR', 27),
(169, 'BJN', 'BIJNOR', 27),
(170, 'BJP', 'BIJAPUR', 16),
(171, 'BKH', 'BHIKHI', 23),
(172, 'BKN', 'BIKANER', 24),
(173, 'BKP', 'BIKAPUR', 27),
(174, 'BKR', 'BARKHERA', 27),
(175, 'BKW', 'BHIKHIWIND', 23),
(176, 'BKWR', 'BAKEWAR', 27),
(177, 'BLA', 'BALLIA', 27),
(178, 'BLB', 'BALLABGARH', 12),
(179, 'BLGJ', 'BARHALGANJ', 27),
(180, 'BLMOR', 'BELLIMORA', 2),
(181, 'BLMP', 'BALRAMPUR', 27),
(182, 'BLPR', 'BELPAHAR', 22),
(183, 'BLR', 'BANGALORE', 16),
(184, 'BLRI', 'BILARI', 27),
(185, 'BLS', 'BILASPUR (1)', 35),
(186, 'BLT', 'BALOTRA', 24),
(187, 'BLU', 'BALUGAON', 22),
(188, 'BLY', 'BAREILLY', 27),
(189, 'BM', 'BHAWANI MANDI', 24),
(190, 'BMNL', 'BOMMANAHALLI', 16),
(191, 'BNG', 'BONGAIGAON', 10),
(192, 'BNJA', 'BANGA', 23),
(193, 'BNK', 'BANKA', 11),
(194, 'BNKI', 'BANKI', 27),
(195, 'BNS', 'BANSWARA', 24),
(196, 'BOK', 'BOKARO', 15),
(197, 'BOT', 'BOTAD', 7),
(198, 'BPAT', 'BHAWANIPATNA', 22),
(199, 'BPD', 'BARIPADA', 22),
(200, 'BPR', 'BILASPUR (HP)', 12),
(201, 'BPT', 'BARPETA', 10),
(202, 'BPTL', 'BAPTLA', 3),
(203, 'BRA', 'BURLA', 22),
(204, 'BRCH', 'BAHRAICH', 27),
(205, 'BRGH', 'BARGARH', 22),
(206, 'BRGN', 'BARAGAON', 27),
(207, 'BRH', 'BARH', 11),
(208, 'BRLA', 'BABRALA', 27),
(209, 'BRPR', 'BIRPUR', 11),
(210, 'BRSD', 'BORSAD', 7),
(211, 'BRT', 'BAROTIWALA', 23),
(212, 'BRV', 'BHADRAVATI', 16),
(213, 'BRW', 'BARWALA', 12),
(214, 'BRY', 'BELLARY', 16),
(215, 'BSD', 'BILSANDA', 27),
(216, 'BSDH', 'BANSDIH', 27),
(217, 'BSF', '11SHARIF', 11),
(218, 'BSI', 'BANSI', 27),
(219, 'BSL', 'BISAULI', 27),
(220, 'BSN', 'BARSANA', 27),
(221, 'BSPR', 'BISALPUR', 27),
(222, 'BSPUP', 'BILASPUR (U.P.)', 27),
(223, 'BST', 'BASTI', 27),
(224, 'BSW', 'BISWAN', 27),
(225, 'BTD', 'BHATINDA', 23),
(226, 'BTGJ', 'BHARATGANJ', 27),
(227, 'BTH', 'BETTIAH', 11),
(228, 'BTHN', 'BHARTHANA', 27),
(229, 'BTK', 'BHATKAL', 16),
(230, 'BTL', 'BATALA', 23),
(231, 'BTP', 'BHARATPUR', 24),
(232, 'BTY', 'BYATARAYANAPURA', 16),
(233, 'BUDH', 'BAUDH', 22),
(234, 'BUDHG', 'BUDHGAON', 2),
(235, 'BUL', 'BULANDSHAHR', 27),
(236, 'BULDH', 'BULDHANA', 2),
(237, 'BUNDI', 'BUNDI', 24),
(238, 'BUR', 'BURDWAN', 4),
(239, 'BWD', 'BHIWADI', 24),
(240, 'BWG', 'BHAWANIGARH', 23),
(241, 'BWL', 'BAWAL', 12),
(242, 'BWN', 'BHIWANI', 12),
(243, 'BWND', 'BHIWANDI', 2),
(244, 'BWNR', 'BHAGWANT NAGAR', 27),
(245, 'BXR', 'BUXAR', 11),
(246, 'BYDG', 'BYADGI', 16),
(247, 'CCU', 'KOLKATA', 4),
(248, 'CDM', 'CHIDAMBARAM', 5),
(249, 'CDP', 'CUDDAPAH', 3),
(250, 'CDPR', 'CHANDPUR', 27),
(251, 'CDVRM', 'CHODAVARAM', 3),
(252, 'CGL', 'CHENGALPATTU', 5),
(253, 'CGNR', 'CHENGANNOOR', 17),
(254, 'CHAKA', 'CHAKAN', 2),
(255, 'CHAM', 'CHAMBHA', 13),
(256, 'CHAN', 'CHANDAUSI (UP)', 27),
(257, 'CHAND', 'CHANDVAD', 2),
(258, 'CHB', 'CHHIBRAMAU', 27),
(259, 'CHD', 'CHARODA', 35),
(260, 'CHELI', 'CHALISGAON', 2),
(261, 'CHENN', 'CHENNAI (RO)', 5),
(262, 'CHGN', 'CHIRAGAON', 13),
(263, 'CHI', 'CHENNAI', 5),
(264, 'CHIDA', 'CHIDAMBARAM', 5),
(265, 'CHIKH', 'CHIKHALDARA', 2),
(266, 'CHINC', 'CHINCHANI', 2),
(267, 'CHK', 'CHEEKA', 12),
(268, 'CHL', 'CHAIL', 27),
(269, 'CHM', 'CHOMU', 24),
(270, 'CHNR', 'CHUNAR', 27),
(271, 'CHOP', 'CHOPDA', 2),
(272, 'CHR', 'CHITRAKOOT', 27),
(273, 'CHT', 'CHITTORGARH', 24),
(274, 'CHU', 'CHURU', 24),
(275, 'CHW', 'CHIRAWA', 24),
(276, 'CJB', 'COIMBATORE', 5),
(277, 'CKA', 'CHAKIA', 27),
(278, 'CKD', 'CHIKODI', 16),
(279, 'CKDD', 'CHARKHI DADRI', 12),
(280, 'CKL', 'CHIKHLI', 7),
(281, 'CKM', 'CHIKAMAGLUR', 16),
(282, 'CLGJ', 'COLONELGANJ', 27),
(283, 'CLT', 'CALICUT', 17),
(284, 'CMLI', 'CHENNIMALAI', 5),
(285, 'CNDL', 'CHANDAULI', 27),
(286, 'CNPT', 'CHANNAPATNA', 16),
(287, 'CNR', 'CANANORE', 5),
(288, 'CNRP', 'CHANNARAYAPATNA', 16),
(289, 'COIMB', 'COIMBATORE', 5),
(290, 'COK', 'COCHIN', 17),
(291, 'CON', 'COONOOR', 5),
(292, 'CPN', 'CHOPAN', 27),
(293, 'CPR', 'CHAPRA', 11),
(294, 'CPRL', 'CHHAPRAULI', 27),
(295, 'CPT', 'CHILAKALURIPETA', 3),
(296, 'CRLA', 'CHIRALA', 3),
(297, 'CTD', 'CHITRADURGA', 16),
(298, 'CTK', 'CUTTACK', 22),
(299, 'CTKM', 'CHITLAPAKKAM', 5),
(300, 'CTP', 'CHATRAPUR', 22),
(301, 'CTR', 'CHITTOR', 3),
(302, 'CUD', 'CUDDALORE', 5),
(303, 'CUDDA', 'CUDDALORE', 5),
(304, 'DAD', 'DADRA', 2),
(305, 'DAHAN', 'DAHANU', 2),
(306, 'DAL', 'DALHOSIE', 13),
(307, 'DARWH', 'DARWHA', 2),
(308, 'DAU', 'DAUSA', 24),
(309, 'DAUND', 'DAUND', 2),
(310, 'DBD', 'DHANBAD', 15),
(311, 'DBG', 'DARBHANGA', 11),
(312, 'DBN', 'DERA BABA NANAK', 23),
(313, 'DBR', 'DIBRUGARH', 10),
(314, 'DBS', 'DERABASSI', 23),
(315, 'DDL', 'DANDELI', 16),
(316, 'DDN', 'DEHRADUN', 28),
(317, 'DDR', 'DADRI (U.P.)', 27),
(318, 'DEHRA', 'DEHRADUN', 28),
(319, 'DEL', 'DELHI', 30),
(320, 'DEO', 'DEOLI', 24),
(321, 'DEOLA', 'DEOLALI', 2),
(322, 'DEONI', 'DEONI', 2),
(323, 'DESAI', 'DESAIGANJ (VADASA)', 2),
(324, 'DEW', 'DEWAS', 6),
(325, 'DGDR', 'DHRANGADHRA', 7),
(326, 'DGH', 'DEBAGARH', 22),
(327, 'DGL', 'DINDIGUL', 5),
(328, 'DGVR', 'DIGVIJAYGRAM', 7),
(329, 'DHA', 'DHARUHERA', 12),
(330, 'DHAM', 'DHAMTARI', 35),
(331, 'DHAMA', 'DHAMANGAON RAILWAY', 2),
(332, 'DHARA', 'DHARANGAON', 2),
(333, 'DHIM', 'DHIMAPUR', 21),
(334, 'DHM', 'DHARAMSALA', 13),
(335, 'DHN', 'DHANAULA', 23),
(336, 'DHRM', 'DHARAMPUR', 13),
(337, 'DHU', 'DHURI', 23),
(338, 'DHULE', 'DHULE', 2),
(339, 'DHW', 'DHARWAR', 16),
(340, 'DIB', 'DIBIYAPUR', 27),
(341, 'DIGRA', 'DIGRAS', 2),
(342, 'DIN ', 'DIMAPUR', 21),
(343, 'DINDI', 'DINDIGAL (HUB)', 5),
(344, 'DJI', 'DAMANJODI', 22),
(345, 'DKL', 'DHENKANAL', 22),
(346, 'DLP', 'DHOLPUR', 24),
(347, 'DLW', 'DHILWAN', 23),
(348, 'DMJI', 'DHEMAJI', 10),
(349, 'DMK', 'DHARAMKOT', 23),
(350, 'DMPR', 'DHAMPUR', 27),
(351, 'DMR', 'DHARMA NAGAR', 26),
(352, 'DNA', 'DINA NAGAR', 23),
(353, 'DNR', 'DHANERA', 7),
(354, 'DOD', 'DOD BALLAPUR', 16),
(355, 'DONE', 'DONE', 3),
(356, 'DRB', 'DIRBA', 23),
(357, 'DRG', 'DURG', 35),
(358, 'DRH', 'DASARAHALLI', 16),
(359, 'DRO', 'DEORIA', 27),
(360, 'DRPR', 'DHARAPUR', 10),
(361, 'DRWL', 'DHARIWAL', 23),
(362, 'DUNG', 'DUNGARPUR', 24),
(363, 'DUR', 'DURGAPUR', 4),
(364, 'DVG', 'DAVANAGERE', 16),
(365, 'DWD', 'DHARWAD', 16),
(366, 'DWK', 'DWARKA', 7),
(367, 'ELN', 'ELLENABAD', 12),
(368, 'ELR', 'ELURU', 3),
(369, 'ERAND', 'ERANDOL', 2),
(370, 'ERD', 'ERODE', 5),
(371, 'ERODE', 'ERODE', 5),
(372, 'ETH', 'ETAH', 27),
(373, 'ETHA', 'EDATHUA', 17),
(374, 'ETW', 'ETAWAH', 27),
(375, 'f', 'KURARA', 27),
(376, 'FAIZP', 'FAIZPUR', 2),
(377, 'FBD', 'FARIDABAD', 12),
(378, 'FBT', 'FORBESGANJ', 11),
(379, 'FRQ', 'FARUKHABAD', 27),
(380, 'FRT', 'FARIDKOT', 23),
(381, 'FTB', 'FATEHABAD', 12),
(382, 'FTBUP', 'FATEHABAD', 27),
(383, 'FTC', 'FATEHGARH CHURIAN', 23),
(384, 'FTH', 'FATEHGARH', 27),
(385, 'FTP', 'FATEHPUR', 27),
(386, 'FTRS', 'FATEHPUR SIKRI', 27),
(387, 'FTS', 'FATEHGARH SAHIB', 23),
(388, 'FZB', 'FAIZABAD', 27),
(389, 'FZD', 'FIROZABAD', 27),
(390, 'FZL', 'FAZILKA ', 12),
(391, 'FZR', 'FEROZEPUR', 23),
(392, 'GADCH', 'GADCHIROLI', 2),
(393, 'GANAP', 'GANAPATHY', 5),
(394, 'GAND', 'GANDHIDHAM', 7),
(395, 'GANDH', 'GANDHINAGAR', 7),
(396, 'GANDP', 'GANDHIPURAM', 5),
(397, 'GB', 'GAURI BAZAR', 27),
(398, 'GBG', 'GULBARGA', 16),
(399, 'GDA', 'GHARAUNDA', 12),
(400, 'GDB', 'GIDDERBAHA', 23),
(401, 'GDG', 'GADAG', 16),
(402, 'GDK', 'GODAVARIKANI', 3),
(403, 'GDL', 'GONDAL', 7),
(404, 'GDR', 'GODHRA', 7),
(405, 'GDRI', 'GADARAI', 3),
(406, 'GDWD', 'GUDIWADA', 3),
(407, 'GGN', 'GURGAON', 12),
(408, 'GGNB', 'GURGAON BANSAL', 12),
(409, 'GGNH', 'GURGAON HUB', 12),
(410, 'GGNS', 'GURGAON SELF', 12),
(411, 'GGW', 'GANGAWATI', 16),
(412, 'GHN', 'GOHANA', 12),
(413, 'GIRID', 'GIRIDIH', 15),
(414, 'GJL', 'GAJRAULA', 27),
(415, 'GJM', 'GANJAM', 22),
(416, 'GJWK', 'GAJUWAKA', 3),
(417, 'GKK', 'GOKAK', 16),
(418, 'GKL', 'GOKUL', 27),
(419, 'GKP', 'GORAKHPUR', 27),
(420, 'GLB', 'GULABPURA', 24),
(421, 'GMT', 'PONNERI', 5),
(422, 'GMU', 'GOPAMAU', 27),
(423, 'GND', 'GONDA', 27),
(424, 'GNGH', 'GANGOH', 27),
(425, 'GNNR', 'GUNNAUR', 27),
(426, 'GNP', 'GUNUPUR', 22),
(427, 'GNPR', 'GYANPUR', 27),
(428, 'GNR', 'GANAUR(12)', 12),
(429, 'GNRP', 'GHANAUR(23)', 23),
(430, 'GNVRM', 'GANNAVARAM', 3),
(431, 'GOP', 'GOPALGANJ', 11),
(432, 'GOR', 'GORAYA', 23),
(433, 'GPGJ', 'GOPIGANJ', 27),
(434, 'GPLR', 'GOPALPUR', 22),
(435, 'GRSR', 'GURSARAI', 27),
(436, 'GRT', 'GARAUTHA', 27),
(437, 'GSGJ', 'GAUSGANJ', 27),
(438, 'GSI', 'GHOSI', 27),
(439, 'GSP', 'GAJSINGHPUR', 24),
(440, 'GTK', 'GANGTOK', 25),
(441, 'GTKL', 'GUNTAKAL', 3),
(442, 'GTR', 'GUNTUR', 3),
(443, 'GUDU', 'GUDURU', 3),
(444, 'GUHAG', 'GUHAGAR', 2),
(445, 'GUR', 'GURDASPUR', 23),
(446, 'GURJ', 'GURSAHAIGANJ', 27),
(447, 'GWL', 'GWALIOR', 6),
(448, 'GWT', 'GUWAHATI', 10),
(449, 'GYA', 'GAYA', 11),
(450, 'GYSG', 'GYALSHING', 25),
(451, 'GZB', 'GHAZIABAD', 27),
(452, 'GZPR', 'GHAZIPUR (U.P.)', 27),
(453, 'HADGA', 'HADGAON', 2),
(454, 'HAJI', 'HAJIPUR', 11),
(455, 'HAL ', 'HALDWANI', 28),
(456, 'HALDW', 'HALDWANI', 28),
(457, 'HAM', 'HAMIRPUR (HP)', 13),
(458, 'HAN', 'HANSI', 12),
(459, 'HAP', 'HAPUR', 27),
(460, 'HAR', 'HARDOI', 27),
(461, 'HAT', 'HATHRAS', 27),
(462, 'HAZAR', 'HAZARIBAGH', 15),
(463, 'HBL', 'HUBLI', 16),
(464, 'HDGH', 'HAIDERGARH', 27),
(465, 'HG', 'HANUMANGARH', 24),
(466, 'HINGA', 'HINGANGHAT', 2),
(467, 'HINGO', 'HINGOLI', 2),
(468, 'HKD', 'HIRAKUD', 22),
(469, 'HKND', 'HANMAKONDA', 3),
(470, 'HKR', 'HUKERI', 16),
(471, 'HLL', 'HALOL', 7),
(472, 'HLT', 'HINJILICUT', 22),
(473, 'HLUR', 'HALDAUR', 27),
(474, 'HMNR', 'HIMATNAGAR', 7),
(475, 'HMP', 'HAMIRPUR (U.P.)', 27),
(476, 'HNC', 'HINDAUN', 24),
(477, 'HND', 'HANDIA', 27),
(478, 'HNG', 'HANGAL', 16),
(479, 'HNPR', 'HINDUPUR', 3),
(480, 'HNVR', 'HONAVAR', 16),
(481, 'HO', 'HEAD OFFICE', 30),
(482, 'HOJA', 'HOJAI', 10),
(483, 'HOS', 'HOSHIARPUR', 23),
(484, 'HOSHA', 'HOSHANGABAD', 6),
(485, 'HRD', 'HARIDWAR', 28),
(486, 'HRDP', 'HARIPAD', 17),
(487, 'HRH', 'HARIHAR', 16),
(488, 'HSK', 'HOSKOTE', 16),
(489, 'HSN', 'HASSAN', 16),
(490, 'HSP', 'HOSPET', 16),
(491, 'HSR', 'HISSAR', 12),
(492, 'HUR', 'HOSUR', 5),
(493, 'HVR', 'HAVERI', 16),
(494, 'HY319', 'PATANCHERU', 3),
(495, 'HYD', 'HYDERBAD', 3),
(496, 'HYD01', 'BASHEER BAGH', 3),
(497, 'HYD03', 'PARADISE', 3),
(498, 'HYD04', 'KHAIRATABAD', 3),
(499, 'HYD07', 'TARNAKA', 3),
(500, 'HYD11', 'BOWEN PALLY', 3),
(501, 'HYD12', 'BEGUM BAZAR', 3),
(502, 'HYD13', 'AMBERPET', 3),
(503, 'HYD14', 'KOMPALLY', 3),
(504, 'HYD16', 'AMEER PET', 3),
(505, 'HYD18', 'MOOSAPET', 3),
(506, 'HYD23', 'KACHIGUDA', 3),
(507, 'HYD25', 'PADMARAO NAGAR', 3),
(508, 'HYD28', 'MASAVTANK', 3),
(509, 'HYD29', 'HIMAYAT NAGAR', 3),
(510, 'HYD33', 'JUBILEE HILLS', 3),
(511, 'HYD34', 'BANJARA HILLS', 3),
(512, 'HYD36', 'MALAKPET', 3),
(513, 'HYD37', 'PRASHANT NAGAR', 3),
(514, 'HYD38', 'S R NAGAR', 3),
(515, 'HYD39', 'RAMATHAPUR', 3),
(516, 'HYD40', 'MOULALI', 3),
(517, 'HYD42', 'BALANAGAR', 3),
(518, 'HYD48', 'MUSHEERABAD', 3),
(519, 'HYD50', 'SANATH NAGAR', 3),
(520, 'HYD51', 'CHERLAPALLY', 3),
(521, 'HYD55', 'JEEVIMETLA', 3),
(522, 'HYD60', 'DILSUK NAGAR', 3),
(523, 'HYD61', 'KUSHAIGUDA', 3),
(524, 'HYD70', 'L B NAGAR', 3),
(525, 'HYD72', 'KUKATPALLY', 3),
(526, 'HYD77', 'KATTEDAN', 3),
(527, 'HYD82', 'PANJAGUTTA', 3),
(528, 'HYD95', 'KOTI', 3),
(529, 'HYDSW', 'SWISS AIR', 3),
(530, 'IDR', 'IDAR', 7),
(531, 'IGL', 'IGLAS', 27),
(532, 'IGP', 'IGATPURI', 2),
(533, 'IJLD', 'IRINJALAKUDA', 17),
(534, 'IKJ', 'ICHALKARANJI', 2),
(535, 'IKN', 'IKAUNA', 27),
(536, 'IMF', 'IMPHAL', 18),
(537, 'IND', 'INDORE', 6),
(538, 'INDAP', 'INDAPUR', 2),
(539, 'INDOR', 'INDORE', 6),
(540, 'INDRI', 'INDRI', 23),
(541, 'ITA', 'ITANAGAR', 9),
(542, 'ITARS', 'ITARASI', 6),
(543, 'IXC', 'CHANDIGARH', 29),
(544, 'IXD', 'ALLAHABAD', 27),
(545, 'IXG', 'BELGAUM', 16),
(546, 'IXJ', 'JAMMU', 14),
(547, 'IXM', 'MADURAI', 5),
(548, 'IXU', 'AURANGABAD', 2),
(549, 'JAG', 'JAGADHRI', 12),
(550, 'JAIS', 'JAIS', 27),
(551, 'JAL', 'JALGAON', 2),
(552, 'JALA', 'JALAUN', 27),
(553, 'JALNA', 'JALNA', 2),
(554, 'JAM', 'JAMSHEDPUR', 15),
(555, 'JAMKH', 'JAMKHD', 2),
(556, 'JAMMU', 'JAMMU', 14),
(557, 'JAN', 'JAINAGAR', 11),
(558, 'JAWHA', 'JAWHAR', 2),
(559, 'JAYSI', 'JAYSINGPUR', 2),
(560, 'JBD', 'JAHANGIRABAD', 27),
(561, 'JBL', 'JABALPUR', 6),
(562, 'JBN', 'JOGBANI', 11),
(563, 'JDA', 'JODA', 22),
(564, 'JDP', 'JODHPUR', 24),
(565, 'JDR', 'JAGDALPUR', 35),
(566, 'JEJUR', 'JEJURI', 2),
(567, 'JFB', 'JAFRABAD', 7),
(568, 'JGN', 'JAGRAON', 23),
(569, 'JGP', 'JAHANGIRPUR', 27),
(570, 'JGPT', 'JAGGAIAHPET', 3),
(571, 'JGSR', 'JAGATSINGHAPUR', 22),
(572, 'JGTL', 'JAGITAL', 3),
(573, 'JHA', 'JHAJHA', 11),
(574, 'JHANS', 'JHANSI', 6),
(575, 'JHJ', 'JHAJJAR', 12),
(576, 'JHN', 'JAHANABAD', 11),
(577, 'JHS', 'JHANSI', 27),
(578, 'JIND', 'JIND', 12),
(579, 'JINTU', 'JIMTUR', 2),
(580, 'JJDP', 'JAM JODHPUR', 7),
(581, 'JJK', 'JHINJHAK', 27),
(582, 'JJN', 'JHUNJHUNU', 24),
(583, 'JJNA', 'JHINJHANA', 27),
(584, 'JLB', 'JALALABAD (PB.)', 23),
(585, 'JLD', 'JALDA', 22),
(586, 'JLLD', 'JALALABAD (UP)', 27),
(587, 'JLORE', 'JALORE', 24),
(588, 'JLP', 'JALALPUR', 27),
(589, 'JLR', 'JALANDHAR', 23),
(590, 'JLS', 'JALESWAR', 22),
(591, 'JLU', 'JHALU', 27),
(592, 'JMN', 'JAMNAGAR', 7),
(593, 'JMP', 'JAMALPUR', 11),
(594, 'JMU', 'JAMUI', 11),
(595, 'JND', 'JIND', 12),
(596, 'JNGO', 'JUNAGARH(22)', 22),
(597, 'JNP', 'JAUNPUR', 27),
(598, 'JNR', 'JHANJHARPUR', 11),
(599, 'JOTHI', 'JOTHIPALAYAM', 5),
(600, 'JOYA', 'JOYA', 27),
(601, 'JPR', 'JAIPUR', 24),
(602, 'JRGD', 'JHARSUGUDA', 22),
(603, 'JRNA', 'JASRANA', 27),
(604, 'JRT', 'JORHAT', 10),
(605, 'JRWL', 'JARWAL', 27),
(606, 'JSD', 'JASDAN', 7),
(607, 'JSMLR', 'JAISALMER', 24),
(608, 'JSNR', 'JASWANTNAGAR', 27),
(609, 'JSR', 'JASSUR (HP)', 23),
(610, 'JTI', 'JATANI', 22),
(611, 'JTU', 'JAITU', 23),
(612, 'JUN', 'JUNAGADH', 7),
(613, 'JUNNA', 'JUNNAR', 2),
(614, 'JUSI', 'JHUSI', 27),
(615, 'JWR', 'JEWAR', 27),
(616, 'KADI', 'KADI', 7),
(617, 'KAGAL', 'KAGAL', 2),
(618, 'KAL', 'KALA AMB', 13),
(619, 'KALAM', 'KALAMB', 2),
(620, 'KALPI', 'KALPI', 27),
(621, 'KALWA', 'KALWAN', 2),
(622, 'KANCH', 'KANCHIPURAM', 5),
(623, 'KANKA', 'KANKAVLI', 2),
(624, 'KANNA', 'KANNAD', 2),
(625, 'KAP', 'KAPURTHALA', 23),
(626, 'KAR', 'KARUR', 5),
(627, 'KARAB', 'KHARAR', 23),
(628, 'KARAN', 'KARANJA', 2),
(629, 'KARIM', 'KARIMNAGAR', 3),
(630, 'KARJA', 'KARJAT', 2),
(631, 'KARMA', 'KARMALA', 2),
(632, 'KARUR', 'KARUR', 5),
(633, 'KAS ', 'KASGANJ', 27),
(634, 'KAT', 'KATHUA', 14),
(635, 'KATOL', 'KATOL', 2),
(636, 'KATPA', 'KATPADI', 5),
(637, 'KATR', 'KATRA (U.P.)', 27),
(638, 'KBT', 'KANTABANJI', 22),
(639, 'KCM', 'KANCHEEPURAM', 5),
(640, 'KDA', 'KHADDA', 27),
(641, 'KDG', 'KODIGENAHALLI', 16),
(642, 'KDH', 'KORDHA', 22),
(643, 'KDKR', 'KANDUKUR', 3),
(644, 'KDP', 'KADIPUR', 27),
(645, 'KDR', 'KADODARA', 7),
(646, 'KDRK', 'KUNDARKI', 27),
(647, 'KGA', 'KHAGA', 27),
(648, 'KGL', 'KHAGAUL', 11),
(649, 'KGR', 'KHAGARIA', 11),
(650, 'KHAIR', 'KHAIR', 27),
(651, 'KHAN', 'KHANPUR (U.P.)', 27),
(652, 'KHAPA', 'KHAPA', 2),
(653, 'KHAR', 'KHARIAR', 22),
(654, 'KHD', 'KHEDA', 7),
(655, 'KHED', 'KHED', 2),
(656, 'KHERD', 'KHERD', 2),
(657, 'KHJ', 'KHURJA', 27),
(658, 'KHL', 'KARHAL', 27),
(659, 'KHN', 'KHANNA', 23),
(660, 'KHNR', 'KHANAPUR', 16),
(661, 'KHO', 'KOHIMA', 21),
(662, 'KHOP', 'KHOPOLI', 2),
(663, 'KHRL', 'KHARELA', 27),
(664, 'KHULD', 'KHULDABAD', 2),
(665, 'KHUT', 'KHUTAR', 27),
(666, 'KICHH', 'KICHHA/PANT NAGAR', 28),
(667, 'KINWA', 'KINWAT', 2),
(668, 'KIR', 'KIRATPUR', 27),
(669, 'KJR', 'KENDUJHAR', 22),
(670, 'KKD', 'KAKINADA', 3),
(671, 'KKL', 'KARAIKAL', 33),
(672, 'KKP', 'KOTKAPURA', 23),
(673, 'KKR', 'KURUKSHETRA', 12),
(674, 'KKRL', 'KAKRALA', 27),
(675, 'KLB', 'KHALILABAD', 27),
(676, 'KLJ', 'KAMALGANJ', 27),
(677, 'KLK', 'KALKA', 13),
(678, 'KLKH', 'KALKA HUB', 12),
(679, 'KLL', 'KALOL', 7),
(680, 'KLM', 'KOLLAM', 17),
(681, 'KLP', 'KOLHAPUR', 2),
(682, 'KLPR', 'KAIKALPUR', 3),
(683, 'KLPT', 'KALPETTA', 17),
(684, 'KLTR', 'KOLATHUR', 5),
(685, 'KLU', 'KULLU', 13),
(686, 'KLVD', 'KALAVAD', 7),
(687, 'KMBL', 'KHAMBHALIA', 7),
(688, 'KMBT', 'KHAMBHAT', 7),
(689, 'KMK', 'KHEM KARAN', 23),
(690, 'KMM', 'KHAMMAM', 3),
(691, 'KMR', 'KHAMARIA', 27),
(692, 'KMSD', 'KARAMSAD', 7),
(693, 'KMT', 'KUMTA', 16),
(694, 'KMU', 'KAIMUR', 11),
(695, 'KNA', 'KARANJIA', 22),
(696, 'KNC', 'KONCH', 27),
(697, 'KNG', 'KANGRA', 13),
(698, 'KNGD', 'KANHANGAD', 17),
(699, 'KNGR', 'KENGERI', 16),
(700, 'KNJ', 'KANNAUJ', 27),
(701, 'KNJB', 'KUNJABAN', 26),
(702, 'KNL', 'KARNAL', 12),
(703, 'KNNR', 'KANNUR', 17),
(704, 'KNP', 'KANPUR', 27),
(705, 'KNPH', 'KANPUR HUB', 27),
(706, 'KNPR', 'KENDRAPARA', 22),
(707, 'KNR', 'KANNUR', 16),
(708, 'KNT', 'KANTH', 27),
(709, 'KNTI', 'KANTI', 11),
(710, 'KODOL', 'KODOLI', 2),
(711, 'KOL', 'KOLAR', 16),
(712, 'KONPL', 'KONDAPALLI', 3),
(713, 'KOPAR', 'KOPARGAON', 2),
(714, 'KOR', 'KORBA', 35),
(715, 'KOS', 'KOSIKALAN', 27),
(716, 'KOT', 'KOTA', 24),
(717, 'KOTT', 'KOTTAYAM', 5),
(718, 'KOVIL', 'KOVILPATTI', 5),
(719, 'KPD', 'KATPADI', 5),
(720, 'KPGJ', 'KOPAGANJ', 27),
(721, 'KRBD', 'KHAIRABAD', 27),
(722, 'KRDY', 'KAMAREDDY', 3),
(723, 'KRGJ', 'KAURIAGANJ', 27),
(724, 'KRI', 'KARARI', 27),
(725, 'KRL', 'KURALI', 23),
(726, 'KRNA', 'KAIRANA', 27),
(727, 'KRPR', 'KARTARPUR', 23),
(728, 'KRPT', 'KORAPUT', 22),
(729, 'KRWR', 'KARWAR', 16),
(730, 'KSD', 'KESHOD', 7),
(731, 'KSG', 'KISHANGARH', 24),
(732, 'KSGA', 'KESINGA', 22),
(733, 'KSGD', 'KASARGOD', 17),
(734, 'KSLN', 'KUSHALNAGAR', 16),
(735, 'KSMB', 'KAUSHAMBI (U.P.)', 27),
(736, 'KSN', 'KUSHINAGAR', 27),
(737, 'KSNI', 'KISHNI', 27),
(738, 'KSNJ', 'KISHANGANJ', 11),
(739, 'KSP', 'KASHIPUR', 28),
(740, 'KTD', 'KOTDWAR', 28),
(741, 'KTGR', 'KOTAGIRI', 5),
(742, 'KTKR', 'KOTTARAKKARA', 17),
(743, 'KTL', 'KAITHAL', 12),
(744, 'KTLI', 'KHATAULI', 27),
(745, 'KTP', 'KOTPUTLI', 24),
(746, 'KTR', 'KATIHAR', 11),
(747, 'KTTR', 'KOTTUR', 5),
(748, 'KUDAL', 'KUDAL', 2),
(749, 'KUN', 'KUNDLI', 12),
(750, 'KUNDA', 'KUNDA', 27),
(751, 'KUNWD', 'KUNDALWADI', 2),
(752, 'KUR', 'KURNOOL', 3),
(753, 'KURL', 'KURAOLI', 27),
(754, 'KURUN', 'KURUNDVAD', 2),
(755, 'KUSM', 'KUSMARA', 27),
(756, 'KVR', 'KOVVUR', 3),
(757, 'KVT', 'KOVILPATTI', 5),
(758, 'KYKM', 'KAYAMKULAM', 17),
(759, 'KZPT', 'KAZIPET', 3),
(760, 'LAD', 'LADWA', 12),
(761, 'LAK', 'LAKHMIPUR KHERI', 27),
(762, 'LAL', 'LALRU', 23),
(763, 'LALG', 'LALGANJ', 11),
(764, 'LALKU', 'LALKUAN', 28),
(765, 'LANJA', 'LANJA', 2),
(766, 'LAR', 'LAR', 27),
(767, 'LATUR', 'LATUR', 2),
(768, 'LDH', 'LUDHIANA', 23),
(769, 'LGJ', 'LALGANJ', 27),
(770, 'LGR', 'LINGSUGUR', 16),
(771, 'LHPR', 'LAHARPUR', 27),
(772, 'LKI', 'LAKHISARAI', 11),
(773, 'LKN', 'LAKHNA', 27),
(774, 'LKO', 'LUCKNOW', 27),
(775, 'LLT', 'LALITPUR', 27),
(776, 'LMB', 'LIMBDI', 7),
(777, 'LNG', 'LONGOWAL', 23),
(778, 'LOHA', 'LOHA', 2),
(779, 'LONAR', 'LONAR', 2),
(780, 'LONAV', 'LONAVALA', 2),
(781, 'LONI', 'LONI', 27),
(782, 'LRG', 'LEHRAGAGA', 23),
(783, 'LZA', 'ALAPUZHA', 17),
(784, 'MADU2', 'MADURAI 2', 5),
(785, 'MADU3', 'MADURAI 3', 5),
(786, 'MADUR', 'MADURAI', 5),
(787, 'MAHAB', 'MAHABALESHWAR', 2),
(788, 'MAHAD', 'MAHAD', 2),
(789, 'MAHOW', 'MAHOW', 6),
(790, 'MAIN', 'MAINPURI', 27),
(791, 'MAL', 'MALANPUR', 6),
(792, 'MALEG', 'MALEGAON', 2),
(793, 'MALKA', 'MALKAPUR', 2),
(794, 'MAMBA', 'WEST MAMBALAM', 5),
(795, 'MAN', 'MANDI', 23),
(796, 'MANCH', 'MANCHAR', 2),
(797, 'MAND', 'MANDSOUR', 6),
(798, 'MANDI', 'MANDIDEEP', 6),
(799, 'MANE', 'MANESAR', 23),
(800, 'MANMA', 'MANMAD', 2),
(801, 'MANS', 'MANSAR', 2),
(802, 'MANSA', 'MANSA', 13),
(803, 'MANWA', 'MANWATH', 2),
(804, 'MATHE', 'MATHERAN', 2),
(805, 'MAU', 'MAUR', 23),
(806, 'MBD', 'MORADABAD', 27),
(807, 'MBNGR', 'MAHABOOBNAGAR', 3),
(808, 'MC', 'MERTA CITY', 24),
(809, 'MCH', 'MACHHIWARA', 23),
(810, 'MCRL', 'MACHIRIYAL', 3),
(811, 'MDB', 'MADHUBANI', 11),
(812, 'MDD', 'MUNDGOD', 16),
(813, 'MDG', 'MUDIGERE', 16),
(814, 'MDGJ', 'MADHOGANJ', 27),
(815, 'MDGR', 'MADHOGARH', 27),
(816, 'MDKR', 'MADIKERI', 16),
(817, 'MDP', 'MADHEPURA', 11),
(818, 'MDPR', 'MAHADEVAPURA', 16),
(819, 'MDR', 'MADDUR', 16),
(820, 'MDVL', 'MADURAVOYAL', 5),
(821, 'MDY', 'MANDYA', 16),
(822, 'METT', 'METTUR', 5),
(823, 'METTU', 'METTUPALAYAM', 5),
(824, 'MGG', 'MANDI GOVIND GARH', 23),
(825, 'MGJ', 'MURLIGANJ', 11),
(826, 'MGN', 'MANGAN', 25),
(827, 'MGR', 'MAGHAR', 27),
(828, 'MHB', 'MAHOBA', 27),
(829, 'MHBN', 'MAHABAN', 27),
(830, 'MHGJ', 'MAHARAJGANJ', 11),
(831, 'MHI', 'MAHOLI (U.P.)', 27),
(832, 'MHJ', 'MAHRAJGANJ', 27),
(833, 'MHL', 'MOHALI', 23),
(834, 'MHS', 'MAHESANA', 7),
(835, 'MHV', 'MAHUVA', 7),
(836, 'MHW', 'MAHWA', 24),
(837, 'MIP', 'MANIKPUR', 27),
(838, 'MIRAJ', 'MIRAJ', 2),
(839, 'MJH', 'MAJITHA', 23),
(840, 'MJLR', 'MAJHAULI RAJ', 27),
(841, 'MKG', 'MALKANGIRI', 22),
(842, 'MKN', 'MUKERIAN', 23),
(843, 'MKRN', 'MAKRANA', 24),
(844, 'MKT', 'MUKTSAR', 23),
(845, 'MKU', 'MAKHU', 23),
(846, 'MLBD', 'MALIHABAD', 27),
(847, 'MLD', 'MANGALDOI', 10),
(848, 'MLK', 'MALERKOTLA', 23),
(849, 'MLNI', 'MAILANI', 27),
(850, 'MLP', 'MAHILPUR (23)', 23),
(851, 'MLPRM', 'MALAPPURAM', 17),
(852, 'MLR', 'MANGALORE', 16),
(853, 'MLT', 'MALOUT', 23),
(854, 'MLWN', 'MALLAWAN', 27),
(855, 'MMNR', 'MARAIMALAINAGAR', 5),
(856, 'MNDR', 'MITHAPUR', 7),
(857, 'MNDV', 'MANDVI', 7),
(858, 'MNDW', 'MANDAWAR', 27),
(859, 'MNGR', 'MANGROL', 7),
(860, 'MNL', 'MANALI', 5),
(861, 'MNO', 'MANDI DABWALI', 12),
(862, 'MNPL', 'MANIPAL', 16),
(863, 'MNS', 'MANESAR', 12),
(864, 'MNV', 'MANVI', 16),
(865, 'MNVR', 'MANAVADAR', 7),
(866, 'MODI', 'MODINAGAR', 27),
(867, 'MOG', 'MOGA', 23),
(868, 'MOR', 'MORINDA', 23),
(869, 'MORSH', 'MORSHI', 2),
(870, 'MOT', 'MOTIPUR', 11),
(871, 'MPZH', 'MOOVATTUPUZHA', 17),
(872, 'MRDN', 'MURADNAGAR', 27),
(873, 'MRGJ', 'MIRGANJ', 11),
(874, 'MRJ', 'MIRGANJ', 27),
(875, 'MRN', 'MORENA', 23),
(876, 'MRT', 'MEERUT', 27),
(877, 'MRZP', 'MIRZAPUR', 27),
(878, 'MSN', 'MESANA', 7),
(879, 'MTH', 'MATHURA', 27),
(880, 'MTM', 'MACHILIPATNAM', 3),
(881, 'MTR', 'MOTIHARI', 11),
(882, 'MUM', 'MUMBAI', 2),
(883, 'MUN', 'MUNGER', 11),
(884, 'MUND', 'MUNDRA', 7),
(885, 'MUNT', 'MOUNT ABO', 24),
(886, 'MUS', 'MUSSOORIE', 28),
(887, 'MUSSO', 'MUSSORIE', 28),
(888, 'MWA', 'MAIRWA', 11),
(889, 'MWN', 'MAWANA', 7),
(890, 'MYS', 'MYSORE', 16),
(891, 'MZF', 'MUZAFFARNAGAR', 27),
(892, 'MZP', 'MUZAFFARPUR', 11),
(893, 'NAD', 'ANAND', 2),
(894, 'NAGDA', 'NAGDA', 6),
(895, 'NAH', 'NAHARLAGON', 3),
(896, 'NAMAK', 'NAMAKAL', 5),
(897, 'NAN', 'NANGAL', 23),
(898, 'NANDE', 'NANDED', 2),
(899, 'NANDG', 'NANDGAON', 2),
(900, 'NANDU', 'NANDURA', 2),
(901, 'NAR', 'NARWANA', 12),
(902, 'NATH', 'NATHDWARA', 24),
(903, 'NBH', 'NABHA', 23),
(904, 'NBZR', 'NAI BAZAR', 27),
(905, 'NDA', 'NOIDA', 27),
(906, 'NDD', 'NADIAD', 7),
(907, 'NDSE', 'NDSE', 30),
(908, 'NDVL', 'NIDADAVOLE', 3),
(909, 'NDYL', 'NANDYAL', 3),
(910, 'NEEMU', 'NEEMUCH', 6),
(911, 'NEGER', 'NEGERCOIL', 5),
(912, 'NEW', 'NEW SIDDAPUDUR', 5),
(913, 'NEY', 'NEYVELI', 5),
(914, 'NGH', 'NAYAGARH', 22),
(915, 'NGN', 'NAGINA', 27),
(916, 'NGND', 'NALGONDA', 3),
(917, 'NGON', 'NAGAON', 10),
(918, 'NGP', 'NAGPUR', 2),
(919, 'NGR', 'NAGAUR', 24),
(920, 'NGT', 'NAGAPATTINAM', 5),
(921, 'NGWT', 'NORTH GUWAHATI', 10),
(922, 'NHN', 'NAHAN', 13),
(923, 'NHR', 'NOHAR', 24),
(924, 'NIL', 'NILOKHERI', 12),
(925, 'NIMB', 'NIMBAHERA', 24),
(926, 'NJB', 'NAJIBABAD', 27),
(927, 'NJGD', 'NANJANGUD', 16),
(928, 'NKD', 'NAKODAR', 23),
(929, 'NKH', 'NOKHA', 24),
(930, 'NKJ', 'NARKATIAGANJ', 11),
(931, 'NKL', 'NAMAKKAL', 5),
(932, 'NLB', 'NALBARI', 10),
(933, 'NLG', 'NALAGARH ( HP)', 13),
(934, 'NLR', 'NELLORE', 3),
(935, 'NMC', 'NAMCHI', 25),
(936, 'NPN', 'NIPANI', 16),
(937, 'NPP', 'NAUPADA', 22),
(938, 'NPT', 'NUAPATNA', 22),
(939, 'NRL', 'NARNAUL', 12),
(940, 'NRML', 'NIRMAL', 3),
(941, 'NRNG', 'NARAINGARH', 12),
(942, 'NRP', 'NABARANGAPUR', 22),
(943, 'NRSP', 'NARSAPUR', 3),
(944, 'NRSTM', 'NARSIPATNAM', 3),
(945, 'NRT', 'NARASAROPET', 3),
(946, 'NSD', 'NASIRABAD', 24),
(947, 'NSK', 'NASHIK', 2),
(948, 'NTL', 'NAINITAL', 28),
(949, 'NUL', 'NARNUL', 13),
(950, 'NVS', 'NAVASARI', 7),
(951, 'NWD', 'NAWADA', 11),
(952, 'NWG', 'NAWALGARH', 24),
(953, 'NWS', 'NAWANSHAHR', 23),
(954, 'NYBR', 'NAYABAZAR', 25),
(955, 'NZB', 'NIZAMABAD', 3),
(956, 'NZMD', 'NIZAMABAD', 27),
(957, 'ONG', 'ONGOLE', 3),
(958, 'ORAI', 'ORAI', 27),
(959, 'ORB', 'OBRA', 27),
(960, 'OSMAN', 'OSMANABAD', 2),
(961, 'OTPLM', 'OTTAPPALM', 17),
(962, 'OTY', 'OOTY', 5),
(963, 'OZAR', 'OZAR', 2),
(964, 'PACHO', 'PACHORA', 2),
(965, 'PADRA', 'PADRA', 7),
(966, 'PAITH', 'PAITHAN', 2),
(967, 'PALI', 'PALI (MAH.)', 2),
(968, 'PALIR', 'PALI (RAJ.)', 24),
(969, 'PAPAN', 'PAPANAYAKAR PALAYAM', 5),
(970, 'PARBH', 'PARBHANI', 2),
(971, 'PAT', 'PATNA', 11),
(972, 'PATG', 'PATNAGARH', 22),
(973, 'PBND', 'PORBANDAR', 7),
(974, 'PCLR', 'POLICHALUR', 5),
(975, 'PCPR', 'PACHPERWA', 27),
(976, 'PDKT', 'PUDUKKOTTAI', 5),
(977, 'PDN', 'PEDANA', 3),
(978, 'PDP', 'PADMAPUR(22)', 22),
(979, 'PDPL', 'PEDDAPALLI', 3),
(980, 'PDPM', 'PEDDAPURAM', 3),
(981, 'PDPR', 'PADAMPUR(RAJ.)', 24),
(982, 'PDR', 'PRODDATUR', 3),
(983, 'PDY', 'PONDICHERRY', 33),
(984, 'PED', 'PEDDAPURAM', 3),
(985, 'PERIY', 'PERIYANAIKAN PALAYAM', 5),
(986, 'PEW', 'PEHOWA', 12),
(987, 'PGDI', 'PERUNGUDI', 5),
(988, 'PGRLA', 'PIDIGURALLA', 3),
(989, 'PHALT', 'PHALTAN', 2),
(990, 'PHG', 'PHAGWARA', 23),
(991, 'PHL', 'PHILLAUR', 23),
(992, 'PHN', 'PUKHRAYAN', 27),
(993, 'PHSU', 'PAHASU', 27),
(994, 'PHUL', 'PHULPUR', 27),
(995, 'PIL', 'PILANI', 24),
(996, 'PILI', 'PILIBANGA', 24),
(997, 'PIMPR', 'PIMPRI CHINCHWAD', 2),
(998, 'PIN', 'PINJORE', 12),
(999, 'PITH', 'PITHAMPUR', 6),
(1000, 'PITHA', 'PITHAMPUR', 6),
(1001, 'PKD', 'PARLAKHEMUNDI', 22),
(1002, 'PKI', 'PANIKOII', 22),
(1003, 'PKL', 'PANCHKULA', 12),
(1004, 'PLBN', 'PHULBANI', 22),
(1005, 'PLBT', 'PILIBHIT', 27),
(1006, 'PLD', 'PHALODI', 24),
(1007, 'PLKD', 'PALAKKAD', 17),
(1008, 'PLKL', 'PALAKOL', 3),
(1009, 'PLKW', 'PILKHUWA', 27),
(1010, 'PLNP', 'PALANPUR', 7),
(1011, 'PLP', 'PALAMPUR (HP)', 13),
(1012, 'PLVK', 'PALAVAKKAM', 5),
(1013, 'PLW', 'PALWAL', 12),
(1014, 'PMML', 'PAMMAL', 5),
(1015, 'PNP', 'PANIPAT', 12),
(1016, 'PNPR', 'PURANPUR', 27),
(1017, 'PNPS', 'PANPOSH', 22),
(1018, 'PNQ', 'PUNE', 2),
(1019, 'PNW', 'PINDWARA', 24),
(1020, 'POHAN', 'POHANA', 28),
(1021, 'POLAD', 'POLADPUR', 2),
(1022, 'POML', 'POONAMALLEE', 5),
(1023, 'POND1', 'PONDICHERRY 1', 5),
(1024, 'POND2', 'PONDICHERRY 2', 5),
(1025, 'POND3', 'PONDICHERRY 3', 5),
(1026, 'POND4', 'PONDICHERRY 4', 5),
(1027, 'POND6', 'PONDICHERRY 6', 5),
(1028, 'PONDI', 'PONDICHERRY (AREA OF', 5),
(1029, 'PRI', 'PURI', 22),
(1030, 'PRN', 'PURNIA', 11),
(1031, 'PRN\\K', 'PADRAUNA', 27),
(1032, 'PRR', 'PORUR', 5),
(1033, 'PRT', 'PANRUTI', 5),
(1034, 'PRW', 'PURWA', 27),
(1035, 'PSK', 'PUSHKAR', 24),
(1036, 'PTL', 'PATIALA', 23),
(1037, 'PTLD', 'PETLAD', 7),
(1038, 'PTM', 'PATTAMUNDAI', 22),
(1039, 'PTN', 'PATRAN', 23),
(1040, 'PTPG', 'PRATAPGARH', 27),
(1041, 'PTQ', 'PATHANKOT', 23),
(1042, 'PTS', 'PONTA SAHIB', 13),
(1043, 'PTT', 'PATTI', 23),
(1044, 'PUDUK', 'PUDUKOTTAI', 5),
(1045, 'PULGA', 'PUL8N', 2),
(1046, 'PUSAD', 'PUSAD', 2),
(1047, 'PWN', 'PARWANOO', 13),
(1048, 'PYNR', 'PAYYANNUR', 17),
(1049, 'QDN', 'QADIAN', 23),
(1050, 'RABLY', 'RAE BARELI', 27),
(1051, 'RAD', 'RADAUR', 12),
(1052, 'RAHUR', 'RAHURI', 2),
(1053, 'RAI', 'RAIPUR', 35),
(1054, 'RAJA', 'RAJAPLAYAM', 5),
(1055, 'RAJAP', 'RAJAPUR', 2),
(1056, 'RAMN', 'RAMNAGAR', 5),
(1057, 'RAMNA', 'RAMNAGAR', 28),
(1058, 'RAMTE', 'RAMTEK', 2),
(1059, 'RAN', 'RANCHI', 15),
(1060, 'RANIP', 'RANIPET', 5),
(1061, 'RANP', 'RANIP', 7),
(1062, 'RAT', 'RATLAM', 6),
(1063, 'RATHI', 'RATHINAPURI', 5),
(1064, 'RATNA', 'RATNAGIRI', 2),
(1065, 'RAVER', 'RAVER', 2),
(1066, 'RBR', 'RANIBENNUR', 16),
(1067, 'RBSH', 'RAMPUR BUSHAR', 13),
(1068, 'RCR', 'RAICHUR', 16),
(1069, 'RDP', 'RUDRAPUR', 27),
(1070, 'RGH', 'RAIGARH', 35),
(1071, 'RGN', 'RAISINGHNAGAR', 24),
(1072, 'RHN', 'RAHON', 23),
(1073, 'RISHI', 'RISHIKESH', 28),
(1074, 'RISOD', 'RISOD', 2),
(1075, 'RJGR', 'RAJGIR', 11),
(1076, 'RJM', 'RAJAM', 3),
(1077, 'RJN', 'RAJNANDGAON', 35),
(1078, 'RJP', 'RAJPURA', 23),
(1079, 'RJPL', 'RAJPIPLA', 7),
(1080, 'RJPM', 'RAJAPALAYAM', 5),
(1081, 'RJUL', 'RAJULA', 7),
(1082, 'RJY', 'RAAJAMUNDRY', 3),
(1083, 'RKL', 'ROURKELA', 22),
(1084, 'RKOT', 'RAIKOT', 23),
(1085, 'RKS', 'RISHIKESH', 28),
(1086, 'RKT', 'RAJKOT', 7),
(1087, 'RM', 'RAMGANJ MANDI', 24),
(1088, 'RMCRM', 'RAMACHANDRPURAM', 3),
(1089, 'RMG', 'RAMGARH', 15),
(1090, 'RMN', 'RAMAN', 23),
(1091, 'RMNG', 'RAMANAGARAM', 16),
(1092, 'RMNR', 'RAMNAGAR', 27),
(1093, 'RMOL', 'RAMOL', 7),
(1094, 'RMP', 'RAMPUR', 27),
(1095, 'RMPH', 'RAMAPUR (H.P.)', 13),
(1096, 'RMPP', 'RAMPURA PHUL', 23),
(1097, 'RMPR', 'RAMAPURAM', 5),
(1098, 'RNG', 'RANGIA', 10),
(1099, 'RNGP', 'RANGPO', 25),
(1100, 'RNK', 'RENUKOOT', 27),
(1101, 'RNPR', 'RANIPUR', 27),
(1102, 'ROH', 'ROHINI-2 (30)', 30),
(1103, 'ROH-2', 'ROHINI-2', 30),
(1104, 'ROH2', 'ROHINI-2', 30),
(1105, 'ROO', 'ROHROO', 13),
(1106, 'ROORK', 'ROORKEE', 28),
(1107, 'ROP', 'ROPAR', 23),
(1108, 'RPR', 'RUPNAGAR', 23),
(1109, 'RPT', 'WALAJAPET', 5),
(1110, 'RRK', 'ROORKEE', 28),
(1111, 'RRP', 'RAIRANGPUR', 22),
(1112, 'RSD', 'RAJSAMAND', 24),
(1113, 'RTG', 'RATANGARH', 24),
(1114, 'RTQ', 'ROHTAK', 12),
(1115, 'RUD', 'RUDARPUR', 28),
(1116, 'RUR', 'RURA', 27),
(1117, 'RVPM', 'RAVULAPALEM', 3),
(1118, 'RWR', 'REWARI', 12),
(1119, 'RYD', 'RAYAGADA', 22),
(1120, 'RZL', 'ROZOLU', 3),
(1121, 'SAG', 'SAGAR', 6),
(1122, 'SAGAR', 'SAGAR', 16),
(1123, 'SAIBA', 'SAIBABA COLONY', 5),
(1124, 'SAL', 'SALON (U.P.)', 27),
(1125, 'SALIG', 'SALIGRAMAM II', 5),
(1126, 'SAM ', 'SAMANA', 23),
(1127, 'SANGA', 'SANGAMNER', 2),
(1128, 'SANGO', 'SANGOLE', 2),
(1129, 'SANK', 'SANKESHWAR', 16),
(1130, 'SAR', 'SARAN', 11),
(1131, 'SATAN', 'SATANA', 2),
(1132, 'SATNA', 'SATNA (M.P.)', 6),
(1133, 'SAVDA', 'SAVDA', 2),
(1134, 'SAVNE', 'SAVNER', 2),
(1135, 'SBD', 'SAHIBABAD', 27),
(1136, 'SBH', 'SAMBHA', 14),
(1137, 'SBKM', 'SEMBAKKAM', 5),
(1138, 'SBM', 'SHAHABAD MARKANDA', 24),
(1139, 'SBP', 'SAMBALPUR', 22),
(1140, 'SBR', 'SIBSAGAR', 10),
(1141, 'SBTH', 'SUBATHU', 13),
(1142, 'SCN', 'SACHIN', 7),
(1143, 'SDBD', 'SADABAD', 27),
(1144, 'SDG', 'SINDGI', 16),
(1145, 'SDH', 'SOUTH 30 HUB', 30),
(1146, 'SDL', 'SANDILA', 27),
(1147, 'SDNR', 'SINDHNUR', 16),
(1148, 'SDPR', 'SAIDPUR', 27),
(1149, 'SDS', 'SADULSHAHAR', 24),
(1150, 'SDSR', 'SARDARSHAHAR', 24),
(1151, 'SDT', 'SADAT', 27),
(1152, 'SEC', 'SECUNDERABAD', 3),
(1153, 'SEKOR', 'SEKORE', 6),
(1154, 'SFPR', 'SAFIPUR', 27),
(1155, 'SGGN', 'SHIGGAON', 16),
(1156, 'SGH', 'SIDDHARTHNAGAR', 27),
(1157, 'SGN', 'SRIGANGA NAGAR', 24),
(1158, 'SGP', 'SIRUGUPPA', 16),
(1159, 'SGR', 'SANGRUR', 23),
(1160, 'SGTM', 'SINGTAM', 25),
(1161, 'SGW', 'SAGWARA', 24),
(1162, 'SHAHA', 'SHAHADE', 2),
(1163, 'SHEO', 'SHEOGANJ', 24),
(1164, 'SHI', 'SHAHI', 27),
(1165, 'SHIRD', 'SHIRDI', 2),
(1166, 'SHIRU', 'SHIRUR', 2),
(1167, 'SHIVA', 'SHIVAJINAGAR', 2),
(1168, 'SHJ', 'SHAHGANJ', 27),
(1169, 'SHK', 'SHAHKOT', 23),
(1170, 'SHL', 'SHILLONG', 19),
(1171, 'SHM', 'SHAMLI', 27),
(1172, 'SHN', 'SOHNA', 12),
(1173, 'SHP', 'SHAHPURA', 24),
(1174, 'SHPR', 'SAHASPUR', 27),
(1175, 'SHPUR', 'SAHANPUR', 27),
(1176, 'SHR', 'SHAHPUR', 27),
(1177, 'SHRIV', 'SHRIVARDHAN', 2),
(1178, 'SHRS', 'SAHARSA', 11),
(1179, 'SIK', 'SIKAR', 24),
(1180, 'SIL', 'SILVASA', 2),
(1181, 'SILLO', 'SILLOD', 2),
(1182, 'SINGA', 'SINGANALLUR', 5),
(1183, 'SINNA', 'SINNAR', 2),
(1184, 'SIR', 'SIRHIND', 23),
(1185, 'SIRO', 'SIROHI', 24),
(1186, 'SIRSI', 'SIRSI (KARNATAKA)', 16),
(1187, 'SIT', 'SITAPUR', 27),
(1188, 'SITRA', 'SITRA', 5),
(1189, 'SJG', 'SUJANGARH', 24),
(1190, 'SJN', 'SAHAJAHAN PUR (RAJ.)', 24),
(1191, 'SJNUP', 'SHAHJAHANPUR (U.P.)', 27),
(1192, 'SJWA', 'SAHJANWA', 27),
(1193, 'SKB', 'SHIKOHABAD', 27),
(1194, 'SKBD', 'SIKANDRABAD', 27),
(1195, 'SKDR', 'SIKANDRA', 27),
(1196, 'SKLM', 'SRIKAKULAM', 3),
(1197, 'SKLP', 'SAKLESHPUR', 16),
(1198, 'SKM', 'SIKKIM', 25),
(1199, 'SKN', 'SHANKARGARH', 27),
(1200, 'SKNR', 'SIKANDERPUR', 27),
(1201, 'SKT', 'SHERKOT', 27),
(1202, 'SKTR', 'SHAKTINAGAR', 16),
(1203, 'SLG', 'SILIGURI', 4),
(1204, 'SLM', 'SALEM', 5),
(1205, 'SLN', 'SOLAN', 13),
(1206, 'SLP', 'SHOLAPUR', 2),
(1207, 'SLPR', 'SALEMPUR', 27),
(1208, 'SLR', 'SILCHAR', 10),
(1209, 'SM', 'SARAI MIR', 27),
(1210, 'SMB', 'SAMBHAL', 27),
(1211, 'SMDP', 'SRI MADHOPUR', 24),
(1212, 'SMG', 'SHIMOGA', 16),
(1213, 'SML', 'SHIMLA', 13),
(1214, 'SMLK', 'SAMALKHA', 12),
(1215, 'SMLKT', 'SAMALKOT', 3),
(1216, 'SMP', 'SWAIMADHOPUR', 24),
(1217, 'SMT', 'SAMTHAR', 27),
(1218, 'SNB', 'SONBHADRA', 27),
(1219, 'SNDI', 'SANDI', 27),
(1220, 'SNG', 'SANGLI', 2),
(1221, 'SNKM', 'SHENBAKKAM', 5),
(1222, 'SNP', 'SONEPAT', 12),
(1223, 'SNPR', 'SONEPUR', 11),
(1224, 'SNU', 'SANAUR', 23),
(1225, 'SONA', 'SONAPUR', 22),
(1226, 'SPD', 'SANPADA', 2),
(1227, 'SPL', 'SUPAUL', 11),
(1228, 'SRDG', 'SARDULGARH', 23),
(1229, 'SRE', 'SAHARANPUR', 27),
(1230, 'SRG', 'SHERGARH', 27),
(1231, 'SRI', 'SRINAGAR', 14),
(1232, 'SRIVA', 'SRIVALLIPUTHUR', 5),
(1233, 'SRL', 'SAMRALA', 23),
(1234, 'SRM', 'SASARA', 11),
(1235, 'SRNA', 'SURENDRANAGAR', 7),
(1236, 'SRO', 'SORO', 22),
(1237, 'SRP', 'SRIPERUMBUDUR', 5),
(1238, 'SRS', 'SIRSA (12)', 12),
(1239, 'SRSI', 'SIRSI (UP)', 27),
(1240, 'SRT', 'SURAT', 7),
(1241, 'SRTH', 'SIRATHU', 27),
(1242, 'SRWN', 'SURIYAWAN', 27),
(1243, 'SSGJ', 'SIRSAGANJ', 27),
(1244, 'SSL', 'SISAULI', 27),
(1245, 'SSWN', 'SAHASWAN', 27),
(1246, 'STG', 'SURATGARH', 24),
(1247, 'STL', 'SULTANPUR LODHI', 23),
(1248, 'STM', 'SITAMARHI', 11),
(1249, 'STN', 'SATNA', 27),
(1250, 'STP ', 'SATTENAPALLI', 3),
(1251, 'STPR', 'SAMASTIPUR', 11),
(1252, 'STWR', 'SAHATWAR', 27),
(1253, 'SUAR', 'SUAR', 27),
(1254, 'SUL', 'SULTANPUR', 27),
(1255, 'SUM', 'SUMERPUR', 24),
(1256, 'SUN', 'SUNAM (23)', 23),
(1257, 'SUNG', 'SUNDARGARH', 22),
(1258, 'SVK', 'SIVAKASI', 5),
(1259, 'SVN', 'SAVANUR', 16),
(1260, 'SWN', 'SIWAN', 11),
(1261, 'SWR', 'SAHAWAR', 27),
(1262, 'SWS', 'SHRAWASTI', 27),
(1263, 'SXR', 'SRI NAGAR', 14),
(1264, 'TALOD', 'TALODE', 2),
(1265, 'TAN ', 'TANUKU', 3),
(1266, 'TANJO', 'TANJORE', 5),
(1267, 'TAR', 'TARAORI', 12),
(1268, 'TASGA', 'TASGAON', 2),
(1269, 'TATA', 'TATABAD', 5),
(1270, 'TBHT', 'TALBEHAT', 27),
(1271, 'TDL', 'TUNDLA', 27),
(1272, 'TDPZ', 'THODUPUZHA', 17),
(1273, 'TENKA', 'TENKASI', 5),
(1274, 'TEZ', 'TEZPUR', 10),
(1275, 'TGR', 'TALGRAM', 27),
(1276, 'THEOG', 'THEOG', 13),
(1277, 'THIN', 'THINELVELI', 5),
(1278, 'THINE', 'THINELVELI', 5),
(1279, 'THIRU', 'THIRUCHENGODU', 5),
(1280, 'THLR', 'THIRUVALLUR', 5),
(1281, 'THN', 'THANE', 2),
(1282, 'THUDI', 'THUDIALUR', 5),
(1283, 'THVM', 'THIRUVANTHAPURAM', 17),
(1284, 'TIR ', 'TIRUPUR', 5),
(1285, 'TIRUK', 'TIRUKATTUPALLI', 5),
(1286, 'TLSRY', 'THALASSERRY', 17),
(1287, 'TMI', 'TIRUVANNAMALAI', 5),
(1288, 'TMK', 'TUMKUR', 16),
(1289, 'TMRM', 'TAMBARAM', 5),
(1290, 'TND', 'TANDA', 27),
(1291, 'TNGD', 'THANGADH', 7),
(1292, 'TNJ', 'THANJAVUR', 5),
(1293, 'TNLI', 'TENALI', 3),
(1294, 'TOH', 'TOHANA', 12),
(1295, 'TON', 'TONK', 24),
(1296, 'TPG', 'TADEPALLIGUDEM', 3),
(1297, 'TPTI', 'TIRUPATHI', 3),
(1298, 'TPTR', 'TADIPATRI', 3),
(1299, 'TRI2', 'TRICHY 2', 5),
(1300, 'TRI3', 'TRICHY 3', 5),
(1301, 'TRI4', 'TRICHY 4', 5),
(1302, 'TRIC', 'TRICHY 1', 5),
(1303, 'TRICR', 'TRICHUR', 17),
(1304, 'TRICY', 'TRICHY', 5),
(1305, 'TRK', 'TARIKERE', 16),
(1306, 'TRPR', 'TRIPRAYAR', 17),
(1307, 'TRV', 'TRIVANDRUM', 17),
(1308, 'TRZ', 'TIRUCHIRAPPALLI', 5),
(1309, 'TSK', 'TINSUKIA', 10),
(1310, 'TUMSA', 'TUMSAR', 2),
(1311, 'TUR', 'TIRUR', 17),
(1312, 'TUT', 'THOOTHUKKUDI', 5),
(1313, 'TUTIC', 'TUTICORIN', 5),
(1314, 'TVKD', 'TIRUVERKADU', 5),
(1315, 'TVL', 'TIRUNELVELI', 5),
(1316, 'TVLA', 'TIRUVALLA', 17),
(1317, 'TVLR', 'TIRUVALLUR', 5),
(1318, 'TVR', 'THIRUVARUR', 5),
(1319, 'TVTR', 'TIRUVOTTIYUR', 5),
(1320, 'TWB', 'TALWANDI BHAI', 23),
(1321, 'UDHAM', 'UDHAMPUR', 14),
(1322, 'UDN', 'UDHANA', 7),
(1323, 'UDP', 'UDAIPUR', 24),
(1324, 'UDPI', 'UDUPI', 16),
(1325, 'UJJAI', 'UJJAIN', 6),
(1326, 'ULS', 'ULHAS NAGAR', 2),
(1327, 'UMRED', 'UMRED', 2),
(1328, 'UNA', 'UNA', 13),
(1329, 'UNJ', 'UNJHA', 7),
(1330, 'UNN', 'UNNAO', 27),
(1331, 'UOLY', 'UPPIDAMANGALAM', 5),
(1332, 'UPLT', 'UPLETA', 7),
(1333, 'VADAP', 'VADAPALANI', 5),
(1334, 'VADO', 'VADODARA', 7),
(1335, 'VDKR', 'VADAKARA', 17),
(1336, 'VDLR', 'VANDALUR', 5),
(1337, 'VDNR', 'VIRUDHUNAGAR', 5),
(1338, 'VELLO', 'VELLORE', 5),
(1339, 'VIDIS', 'VIDISHA', 6),
(1340, 'VILLI', 'VILLIVAKKAM', 5),
(1341, 'VILLU', 'VILLUPURAM', 5),
(1342, 'VIRU', 'VIRUNAGAR', 5),
(1343, 'VIRUD', 'VIRUDHACHALAM', 5),
(1344, 'VJA', 'VIJAYAWADA', 3),
(1345, 'VJLP', 'VEJALPUR', 7),
(1346, 'VLR', 'VELLORE', 5),
(1347, 'VLSD', 'VALSAD', 7),
(1348, 'VNB', 'VANIYAMBADI', 5),
(1349, 'VPI', 'VAPI', 7),
(1350, 'VPM', 'VILUPPURAM', 5),
(1351, 'VRS', 'VARANASI', 27),
(1352, 'VRTJ', 'VARTEJ', 7),
(1353, 'VRVL', 'VERAVAL', 7),
(1354, 'VSK', 'VISAKHAPATNAM', 3),
(1355, 'VSTL', 'VASTRAL', 7),
(1356, 'VSVR', 'VISAVADAR', 7),
(1357, 'VTP', 'VENKATAPURA', 16),
(1358, 'VYR', 'VYARA', 7),
(1359, 'VYRU', 'VUYYURU', 3),
(1360, 'VZM', 'VIZIAYANAGARAM', 3),
(1361, 'WADI', 'WADI', 2),
(1362, 'WANI', 'WANI', 2),
(1363, 'WARDH', 'WARDHA', 2),
(1364, 'WARUD', 'WARUD', 2),
(1365, 'WLGT', 'WELLINGTON', 5),
(1366, 'WLJB', 'WALAJABAD', 5),
(1367, 'WNKR', 'WANKANER', 7),
(1368, 'WRG', 'WARANGAL', 3),
(1369, 'YLCH', 'YELLAMANCHILI', 3),
(1370, 'YLK', 'YELAHANKA', 16),
(1371, 'YLP', 'YELLAPUR', 16),
(1372, 'YMGR', 'YEMMIGANUR', 3),
(1373, 'YNM', 'YANAM', 3),
(1374, 'YNMP', 'YANAM', 33),
(1375, 'YNR', 'YAMUNANAGAR', 12),
(1376, 'YVM', 'YEOTAMAL', 2),
(1377, 'ZRA', 'ZIRA', 23),
(1378, 'ZRK', 'ZIRAK PUR', 23),
(1379, 'SARAI', 'SARAIPALLI', 35),
(1380, 'KONDA', 'KONDAGAON', 35),
(1381, 'KUMH', 'KUMHARI', 35),
(1382, 'SURAJ', 'SURAJPUR', 35),
(1383, 'BAIKU', 'BAIKUNTHPUR', 35),
(1384, 'GOA', 'GOA', 8),
(1385, 'BEME', 'BEMETARA', 35),
(1386, 'KAWA', 'KAWARDHA', 35),
(1387, 'RAJI', 'RAJIM', 35),
(1388, 'GARI', 'GARIYABANDH', 35),
(1389, 'SARA', 'SARAIPALI', 35),
(1390, 'MAHA', 'MAHASAMUND', 35),
(1391, 'BSP', 'BILASPUR', 35),
(1392, 'KANK', 'KANKER', 35),
(1393, 'SPE', 'SPEED POST', 35),
(1394, 'ABHA', 'ABHANPUR', 35),
(1395, 'JASH', 'JASHPUR NAGAR', 35),
(1396, 'SPEE', 'SPEEDPOST', 2),
(1397, 'BYT', 'BHATAPARA', 35),
(1398, 'CHA', 'CHAMPA', 35),
(1399, 'BALO', 'BALOD', 35),
(1400, 'BAL', 'BALODA BAZAR', 35),
(1401, 'JANJ', 'JANJGIR', 35),
(1402, 'BERL', 'BERLA', 35),
(1403, 'DANT', 'DANTEWADA', 35),
(1404, 'DONG', 'DONGERGARH', 35),
(1405, 'DON', 'DONGERGAON', 35),
(1406, 'SILT', 'SILTARA', 35),
(1407, 'NAIL', 'NAILA', 35),
(1408, 'CHQA', 'CHEQ COLLECTION APRIL', 35),
(1409, 'CHQM', 'CHEQ COLLECTION MAY', 35),
(1410, 'CHQJ', 'CHEQ COLLECTION JUNE', 35),
(1411, 'CHQU', 'CHEQ COLLECTION JULY', 35),
(1412, 'CHQG', 'CHEQ COLLECTION AUGUST', 35),
(1413, 'CHQS', 'CHEQ COLLECTION SEPTEMBER', 35),
(1414, 'CHQO', 'CHEQ COLLECTION OCTOBER', 35),
(1415, 'CHQN', 'CHEQ COLLECTION NOVEMBER', 35),
(1416, 'CHQD', 'CHEQ COLLECTION DECEMBER', 35),
(1417, 'CHQR', 'CHEQ COLLECTION JANUARY', 35),
(1418, 'CHQF', 'CHEQ COLLECTION FEBRUARY ', 35),
(1419, 'CHQH', 'CHEQ COLLECTION MARCH', 35),
(1420, 'MGL', 'MUNGELI', 35),
(1421, 'CHIR', 'CHIRMIRI', 35),
(1422, 'SHAH', 'SHAHDOL', 6),
(1423, 'MANN', 'MANENDRAGARH', 35),
(1424, 'KATN', 'KATNI', 6),
(1425, 'SING', 'SINGARAULI', 6),
(1426, 'BEHR', 'BEHRAMPUR', 22),
(1427, 'BAS', 'BASNA', 35),
(1428, 'ARR', 'ARANG', 35),
(1429, 'GUN', 'GUNDERDEHI', 35),
(1430, 'DLL', 'DALLI RAJHARA', 35),
(1431, 'KHA', 'KHARSIA', 35),
(1432, 'BACH', 'BACHELI', 35),
(1433, 'SIM', 'SIMGA', 35),
(1434, 'TRY', 'TRIVENDRAM', 5),
(1435, 'POS', 'REGISTERED POST', 35),
(1436, 'BALA', 'BALAGHAT', 6),
(1437, 'REWA', 'REWA', 6);

-- --------------------------------------------------------

--
-- Table structure for table `tbl_invoices`
--

CREATE TABLE `tbl_invoices` (
  `Invoice_Id` int(11) NOT NULL,
  `Invoice_Date` date NOT NULL,
  `Invoice_No` char(20) NOT NULL,
  `Date_From` date NOT NULL,
  `Date_To` date NOT NULL,
  `Invoice_Amount` float NOT NULL,
  `Fuel_Surcharge` float NOT NULL,
  `Subtotal` float NOT NULL,
  `IGST_Tax` float NOT NULL,
  `SGST_Tax` float NOT NULL,
  `CGST_Tax` float NOT NULL,
  `Service_Tax` float NOT NULL,
  `SB_Tax` float NOT NULL,
  `KK_Tax` float NOT NULL,
  `Final_Total_Amt` float NOT NULL,
  `Client_Id` int(11) NOT NULL,
  `Operator_Id` smallint(6) DEFAULT NULL,
  `Branch_Id` smallint(6) DEFAULT NULL,
  `Payment_Status` int(11) NOT NULL COMMENT '// 1 for paid all amount'
) ENGINE=InnoDB DEFAULT CHARSET=latin1;

-- --------------------------------------------------------

--
-- Table structure for table `tbl_operators`
--

CREATE TABLE `tbl_operators` (
  `Operator_Id` smallint(6) NOT NULL,
  `Operator_Name` char(20) NOT NULL,
  `Address` char(20) DEFAULT NULL,
  `State_Id` tinyint(4) DEFAULT NULL,
  `Contact_No` char(20) DEFAULT NULL,
  `Email` char(20) DEFAULT NULL,
  `Password` char(20) DEFAULT NULL,
  `Branch_Id` smallint(6) DEFAULT NULL,
  `Is_Active` tinyint(1) NOT NULL
) ENGINE=InnoDB DEFAULT CHARSET=latin1;

--
-- Dumping data for table `tbl_operators`
--

INSERT INTO `tbl_operators` (`Operator_Id`, `Operator_Name`, `Address`, `State_Id`, `Contact_No`, `Email`, `Password`, `Branch_Id`, `Is_Active`) VALUES
(1, 'RAJESH SAHU', '106 ESSKAY PLAZA, NE', 35, '8959906783', 'rajesh@gmail.com', '@abcd1234', 1, 1),
(2, 'S P KESHRI', '106 ESSKAY PLAZA, MO', 35, '8818942949', 'keshri@yahoo.com', '@abcd1234', 1, 1);

-- --------------------------------------------------------

--
-- Table structure for table `tbl_operator_permissions`
--

CREATE TABLE `tbl_operator_permissions` (
  `Permission_ID` int(11) NOT NULL,
  `CanCreateRateMaster` tinyint(1) NOT NULL DEFAULT '1',
  `CanDoConsignmentEntry` tinyint(1) NOT NULL,
  `CanGenerateInvoice` tinyint(1) NOT NULL,
  `CanBillWiseReceiptEntry` tinyint(1) NOT NULL,
  `Operator_Id` smallint(6) DEFAULT NULL
) ENGINE=InnoDB DEFAULT CHARSET=latin1;

-- --------------------------------------------------------

--
-- Table structure for table `tbl_rates`
--

CREATE TABLE `tbl_rates` (
  `Rate_Id` int(11) NOT NULL,
  `Additional_Weight` float NOT NULL,
  `Additional_Rate` float NOT NULL,
  `Send_By` tinyint(4) NOT NULL COMMENT '1 for surface, 2 for air, 3 for urgent',
  `Client_Id` int(11) NOT NULL,
  `Zone_Id` tinyint(4) NOT NULL
) ENGINE=InnoDB DEFAULT CHARSET=latin1;

--
-- Dumping data for table `tbl_rates`
--

INSERT INTO `tbl_rates` (`Rate_Id`, `Additional_Weight`, `Additional_Rate`, `Send_By`, `Client_Id`, `Zone_Id`) VALUES
(5, 0.25, 20, 2, 1, 3),
(6, 0.25, 20, 2, 1, 4),
(7, 0.25, 20, 2, 1, 10),
(8, 0.25, 20, 2, 1, 11),
(9, 0.25, 20, 2, 1, 12),
(10, 0.25, 20, 2, 1, 13),
(11, 1, 20, 1, 2, 1),
(13, 1, 40, 1, 2, 2),
(15, 1, 80, 2, 2, 3),
(16, 1, 80, 2, 2, 4),
(17, 1, 80, 2, 2, 10),
(18, 1, 80, 2, 2, 11),
(19, 1, 80, 2, 2, 12),
(20, 1, 80, 2, 2, 13),
(34, 1, 20, 1, 3, 1),
(35, 1, 28, 1, 3, 2),
(36, 1, 60, 2, 3, 3),
(37, 1, 60, 2, 3, 4),
(38, 1, 60, 2, 3, 10),
(39, 1, 60, 2, 3, 11),
(40, 1, 60, 2, 3, 12),
(41, 1, 60, 2, 3, 13),
(42, 1, 35, 1, 3, 3),
(48, 1, 35, 1, 3, 4),
(49, 1, 35, 1, 3, 10),
(50, 1, 35, 1, 3, 11),
(51, 1, 35, 1, 3, 12),
(52, 1, 35, 1, 3, 13),
(53, 1, 20, 1, 4, 1),
(54, 1, 40, 1, 4, 2),
(55, 0.25, 30, 2, 4, 3),
(56, 0.25, 30, 2, 4, 4),
(57, 0.25, 30, 2, 4, 10),
(58, 0.25, 30, 2, 4, 11),
(59, 0.25, 30, 2, 4, 12),
(60, 0.25, 10, 1, 5, 1),
(61, 0.25, 15, 1, 5, 2),
(62, 0.25, 25, 2, 5, 3),
(63, 0.25, 25, 2, 5, 4),
(64, 0.25, 25, 2, 5, 10),
(65, 0.25, 25, 2, 5, 11),
(66, 0.25, 25, 2, 5, 12),
(67, 0.25, 5, 1, 6, 1),
(68, 0.25, 20, 2, 6, 3),
(70, 0.25, 20, 2, 6, 10),
(71, 0.25, 20, 2, 6, 11),
(72, 0.25, 10, 1, 6, 2),
(73, 0.25, 20, 2, 6, 4),
(74, 0.25, 10, 1, 7, 1),
(75, 0.25, 10, 1, 7, 2),
(76, 0.25, 30, 2, 7, 3),
(77, 0.25, 30, 2, 7, 4),
(78, 0.25, 35, 2, 7, 11),
(79, 0.25, 70, 2, 7, 12),
(80, 0.25, 13, 1, 8, 1),
(81, 0.25, 10, 1, 8, 2),
(82, 0.25, 25, 2, 8, 3),
(83, 0.25, 30, 2, 8, 4),
(84, 0.25, 25, 2, 8, 10),
(85, 0.25, 30, 2, 8, 11),
(86, 0.25, 70, 2, 8, 12),
(87, 0.25, 10, 1, 9, 1),
(88, 0.25, 15, 1, 9, 2),
(89, 0.25, 35, 2, 9, 3),
(90, 0.25, 35, 2, 9, 4),
(91, 0.25, 35, 2, 9, 10),
(92, 0.25, 40, 2, 9, 11),
(93, 0.25, 70, 2, 9, 12),
(94, 0.25, 13, 1, 10, 1),
(95, 0.25, 10, 1, 10, 2),
(96, 0.25, 30, 2, 10, 3),
(97, 0.25, 30, 2, 10, 4),
(98, 0.25, 30, 2, 10, 10),
(99, 0.25, 30, 2, 10, 11),
(100, 0.25, 70, 2, 10, 12),
(101, 0.25, 13, 1, 11, 1),
(102, 0.25, 10, 1, 11, 2),
(103, 0.25, 25, 2, 11, 3),
(104, 0.25, 30, 2, 11, 4),
(105, 0.25, 25, 2, 11, 10),
(106, 0.25, 30, 2, 11, 11),
(107, 0.25, 70, 2, 11, 12),
(108, 0.25, 13, 1, 12, 1),
(109, 0.25, 20, 1, 12, 2),
(110, 0.25, 35, 1, 12, 3),
(111, 0.25, 35, 2, 12, 4),
(112, 0.25, 35, 2, 12, 10),
(113, 0.25, 35, 2, 12, 11),
(114, 0.25, 70, 2, 12, 12),
(115, 1, 80, 1, 7, 3),
(116, 1, 80, 1, 7, 4),
(117, 1, 80, 1, 7, 10),
(118, 1, 80, 1, 7, 11),
(119, 1, 80, 1, 9, 3),
(120, 1, 80, 1, 9, 4),
(121, 1, 80, 1, 9, 10),
(122, 1, 80, 1, 9, 11),
(123, 1, 60, 1, 10, 3),
(124, 1, 60, 1, 10, 4),
(125, 1, 70, 1, 10, 10),
(126, 1, 70, 1, 10, 11),
(127, 1, 80, 1, 12, 4),
(128, 1, 80, 1, 12, 10),
(129, 1, 80, 1, 12, 11),
(130, 0.25, 5, 1, 13, 1),
(131, 0.25, 7, 1, 13, 2),
(132, 0.25, 15, 2, 13, 3),
(133, 0.25, 15, 2, 13, 4),
(134, 0.25, 15, 2, 13, 10),
(135, 0.25, 15, 2, 13, 11),
(141, 0.25, 5, 1, 14, 1),
(142, 0.25, 7, 1, 14, 2),
(143, 0.25, 25, 2, 14, 3),
(144, 0.25, 25, 2, 14, 4),
(145, 0.25, 25, 2, 14, 10),
(146, 0.25, 25, 2, 14, 11),
(147, 1, 30, 1, 15, 1),
(148, 1, 30, 1, 15, 2),
(149, 1, 30, 1, 15, 3),
(150, 1, 30, 1, 15, 4),
(151, 1, 30, 1, 15, 10),
(152, 1, 30, 1, 15, 11),
(153, 0.25, 5, 1, 16, 1),
(154, 0.25, 10, 1, 16, 2),
(155, 0.25, 20, 2, 16, 3),
(156, 0.25, 20, 2, 16, 4),
(157, 0.25, 20, 2, 16, 10),
(158, 0.25, 20, 2, 16, 11),
(159, 0.5, 10, 1, 17, 1),
(160, 0.5, 15, 1, 17, 2),
(165, 0.5, 40, 2, 17, 3),
(166, 0.5, 40, 2, 17, 4),
(167, 0.5, 40, 2, 17, 10),
(168, 0.5, 40, 2, 17, 11),
(169, 0.25, 5, 1, 18, 1),
(170, 0.25, 10, 1, 18, 2),
(171, 0.25, 25, 2, 18, 3),
(172, 0.25, 25, 2, 18, 4),
(173, 0.25, 25, 2, 18, 10),
(174, 0.25, 25, 2, 18, 11),
(175, 0.25, 10, 1, 19, 1),
(176, 0.25, 10, 1, 19, 2),
(177, 0.25, 25, 2, 19, 3),
(178, 0.25, 25, 2, 19, 4),
(179, 0.25, 25, 2, 19, 10),
(180, 0.25, 25, 2, 19, 11),
(181, 0.25, 5, 1, 20, 1),
(182, 0.25, 10, 1, 20, 2),
(183, 0.25, 20, 2, 20, 3),
(187, 0.25, 20, 2, 20, 4),
(188, 0.25, 20, 2, 20, 10),
(189, 0.25, 20, 2, 20, 11),
(190, 1, 20, 1, 21, 1),
(191, 1, 30, 1, 21, 2),
(192, 1, 50, 2, 21, 3),
(193, 1, 50, 2, 21, 4),
(194, 1, 50, 2, 21, 10),
(195, 1, 50, 2, 21, 11),
(196, 0.25, 15, 1, 26, 1),
(197, 0.25, 10, 1, 26, 2),
(198, 1, 80, 2, 26, 3),
(199, 1, 80, 2, 26, 4),
(200, 1, 80, 2, 26, 10),
(201, 1, 80, 2, 26, 11),
(202, 500, 15, 1, 27, 1),
(203, 500, 30, 1, 27, 2),
(204, 500, 75, 2, 27, 3),
(205, 500, 75, 2, 27, 4),
(206, 500, 75, 2, 27, 10),
(207, 500, 75, 2, 27, 11),
(208, 0.25, 5, 1, 31, 1),
(209, 0.25, 10, 1, 31, 2),
(210, 0.25, 20, 2, 31, 3),
(211, 0.25, 20, 2, 31, 4),
(212, 0.25, 20, 2, 31, 10),
(213, 0.25, 20, 2, 31, 11),
(214, 0.25, 5, 1, 32, 1),
(215, 0.25, 10, 1, 32, 2),
(216, 0.25, 25, 2, 32, 3),
(217, 0.25, 25, 2, 32, 4),
(218, 0.25, 25, 2, 32, 10),
(219, 0.25, 25, 2, 32, 11),
(220, 0.25, 5, 1, 30, 1),
(221, 0.25, 10, 1, 30, 2),
(222, 0.25, 20, 2, 30, 3),
(223, 0.25, 20, 2, 30, 4),
(224, 0.25, 20, 2, 30, 10),
(225, 0.25, 20, 2, 30, 11),
(226, 0.25, 5, 1, 28, 1),
(227, 0.25, 7, 1, 28, 2),
(228, 0.25, 30, 2, 28, 3),
(229, 0.25, 30, 2, 28, 4),
(230, 0.25, 30, 2, 28, 10),
(231, 0.25, 30, 2, 28, 11),
(232, 0.25, 5, 1, 29, 1),
(233, 0.25, 7, 1, 29, 2),
(234, 0.25, 30, 2, 29, 3),
(235, 0.25, 30, 2, 29, 4),
(236, 0.25, 30, 2, 29, 10),
(237, 0.25, 30, 2, 29, 11),
(238, 1, 80, 1, 26, 3),
(239, 1, 80, 1, 26, 4),
(240, 1, 80, 1, 26, 10),
(241, 1, 80, 1, 26, 11),
(242, 0.25, 10, 1, 33, 1),
(243, 0.25, 10, 1, 33, 2),
(244, 0.25, 20, 2, 33, 3),
(245, 0.25, 20, 2, 33, 4),
(246, 0.25, 20, 2, 33, 10),
(247, 0.25, 20, 2, 33, 11),
(248, 0.25, 5, 1, 35, 1),
(249, 0.25, 10, 1, 35, 2),
(250, 0.25, 25, 2, 35, 3),
(251, 0.25, 25, 2, 35, 4),
(252, 0.25, 25, 2, 35, 10),
(253, 0.25, 25, 2, 35, 11),
(254, 0.25, 5, 1, 36, 1),
(255, 0.25, 10, 1, 36, 2),
(256, 0.25, 20, 2, 36, 3),
(257, 0.25, 20, 2, 36, 4),
(258, 0.25, 20, 2, 36, 10),
(259, 0.25, 20, 2, 36, 11),
(260, 0.25, 5, 1, 37, 1),
(261, 0.25, 5, 1, 37, 2),
(262, 0.25, 15, 2, 37, 3),
(263, 0.25, 18, 2, 37, 10),
(264, 0.25, 15, 2, 37, 4),
(265, 0.25, 15, 2, 37, 11),
(266, 0.25, 5, 1, 38, 1),
(267, 0.25, 10, 1, 38, 2),
(268, 1, 20, 1, 34, 1),
(269, 1, 20, 1, 34, 2),
(270, 1, 40, 1, 34, 3),
(271, 1, 40, 1, 34, 4),
(272, 1, 40, 1, 34, 10),
(278, 0.25, 5, 1, 39, 1),
(279, 0.25, 15, 1, 39, 2),
(280, 0.25, 25, 2, 39, 3),
(281, 0.25, 25, 2, 39, 4),
(282, 0.25, 25, 2, 39, 10),
(283, 0.25, 25, 2, 39, 11),
(284, 1, 20, 1, 40, 1),
(285, 1, 30, 1, 40, 2),
(286, 1, 70, 1, 40, 3),
(287, 1, 70, 1, 40, 4),
(288, 1, 30, 1, 40, 10),
(289, 1, 70, 1, 40, 11),
(290, 1, 70, 1, 40, 12),
(291, 0.5, 30, 1, 41, 1),
(292, 0.5, 30, 1, 41, 2),
(293, 0.5, 50, 2, 41, 3),
(294, 0.5, 50, 2, 41, 4),
(295, 0.5, 50, 2, 41, 10),
(296, 0.5, 50, 2, 41, 11),
(297, 0.5, 50, 2, 41, 12),
(305, 0.25, 10, 1, 43, 1),
(306, 0.25, 10, 1, 43, 2),
(307, 0.25, 40, 2, 43, 3),
(308, 0.25, 40, 2, 43, 4),
(309, 0.25, 40, 2, 43, 10),
(310, 0.25, 40, 2, 43, 11),
(311, 0.25, 40, 2, 43, 12),
(312, 0.25, 5, 1, 44, 1),
(313, 0.25, 10, 1, 44, 2),
(314, 0.25, 20, 2, 44, 3),
(315, 0.25, 20, 2, 44, 4),
(316, 0.25, 20, 2, 44, 10),
(317, 0.25, 20, 2, 44, 11),
(318, 0.25, 20, 2, 44, 12),
(333, 0.5, 10, 1, 48, 1),
(334, 0.5, 10, 1, 48, 2),
(335, 0.5, 45, 2, 48, 3),
(336, 0.5, 45, 2, 48, 4),
(337, 0.5, 45, 2, 48, 10),
(338, 0.5, 45, 2, 48, 11),
(339, 0.5, 45, 2, 48, 12),
(340, 0.5, 10, 1, 49, 1),
(341, 0.5, 10, 1, 49, 2),
(342, 0.5, 45, 2, 49, 3),
(343, 0.5, 45, 2, 49, 4),
(344, 0.5, 45, 2, 49, 10),
(345, 0.5, 45, 2, 49, 11),
(346, 0.5, 45, 2, 49, 12),
(347, 0.5, 10, 1, 50, 1),
(348, 0.5, 10, 1, 50, 2),
(349, 0.5, 45, 2, 50, 3),
(350, 0.5, 45, 2, 50, 4),
(351, 0.5, 45, 2, 50, 10),
(352, 0.5, 45, 2, 50, 11),
(353, 0.5, 45, 2, 50, 12),
(354, 0.25, 10, 1, 51, 1),
(355, 0.25, 10, 1, 51, 2),
(356, 0.25, 20, 2, 51, 3),
(357, 0.25, 20, 2, 51, 4),
(358, 0.25, 20, 2, 51, 10),
(359, 0.25, 20, 2, 51, 11),
(360, 0.5, 25, 1, 52, 1),
(361, 0.5, 25, 1, 52, 2),
(362, 0.5, 50, 2, 52, 3),
(363, 0.5, 50, 2, 52, 4),
(364, 0.5, 50, 2, 52, 10),
(365, 0.5, 50, 2, 52, 11),
(366, 0.25, 5, 1, 53, 1),
(367, 0.5, 25, 1, 53, 2),
(368, 0.25, 30, 2, 53, 3),
(369, 0.25, 30, 2, 53, 4),
(370, 0.25, 30, 2, 53, 10),
(371, 0.25, 30, 2, 53, 11),
(372, 0.5, 25, 1, 54, 1),
(373, 0.5, 25, 1, 54, 2),
(374, 0.5, 50, 2, 54, 3),
(375, 0.5, 50, 2, 54, 4),
(376, 0.5, 50, 2, 54, 10),
(377, 0.5, 50, 2, 54, 11),
(378, 0.25, 5, 1, 55, 1),
(379, 0.25, 10, 1, 55, 2),
(380, 0.25, 25, 2, 55, 3),
(381, 0.25, 25, 2, 55, 4),
(382, 0.25, 25, 2, 55, 10),
(383, 0.25, 25, 2, 55, 11),
(384, 0.25, 5, 1, 1, 1),
(385, 0.25, 15, 1, 1, 2),
(388, 0.25, 5, 1, 91, 1),
(389, 0.25, 12, 1, 91, 2),
(390, 0.25, 30, 2, 91, 3),
(391, 0.25, 30, 2, 91, 4),
(392, 0.25, 30, 2, 91, 10),
(393, 0.25, 30, 2, 91, 11),
(394, 0.5, 25, 1, 92, 1),
(395, 0.5, 25, 1, 92, 2),
(396, 0.5, 50, 2, 92, 3),
(397, 0.5, 50, 2, 92, 4),
(398, 0.5, 50, 2, 92, 10),
(399, 0.5, 50, 2, 92, 11),
(400, 0.5, 25, 1, 93, 1),
(401, 0.5, 25, 1, 93, 2),
(402, 0.5, 50, 2, 93, 3),
(403, 0.5, 50, 2, 93, 4),
(404, 0.5, 50, 2, 93, 10),
(405, 0.5, 50, 2, 93, 11),
(406, 0.5, 25, 1, 94, 1),
(407, 0.5, 25, 1, 94, 2),
(408, 0.5, 50, 2, 94, 3),
(409, 0.5, 50, 2, 94, 4),
(410, 0.5, 50, 2, 94, 10),
(411, 0.5, 50, 2, 94, 11),
(412, 0.25, 5, 1, 95, 1),
(413, 0.25, 10, 1, 95, 2),
(414, 0.25, 30, 2, 95, 3),
(415, 0.25, 30, 2, 95, 4),
(416, 0.25, 30, 2, 95, 10),
(417, 0.25, 30, 2, 95, 11),
(418, 0.25, 5, 1, 96, 1),
(419, 0.25, 10, 1, 96, 2),
(420, 0.25, 30, 2, 96, 3),
(421, 0.25, 30, 2, 96, 4),
(422, 0.25, 30, 2, 96, 10),
(423, 0.25, 30, 2, 96, 11),
(424, 0.25, 5, 1, 97, 1),
(425, 0.25, 10, 1, 97, 2),
(426, 0.25, 30, 2, 97, 3),
(427, 0.25, 30, 2, 97, 4),
(428, 0.25, 30, 2, 97, 10),
(429, 0.25, 30, 2, 97, 11),
(430, 0.25, 5, 1, 98, 1),
(431, 0.25, 10, 1, 98, 2),
(432, 0.25, 20, 2, 98, 3),
(433, 0.25, 20, 2, 98, 4),
(434, 0.25, 20, 2, 98, 10),
(435, 0.25, 20, 2, 98, 11),
(436, 0.25, 10, 1, 99, 1),
(437, 0.25, 10, 1, 99, 2),
(438, 0.25, 20, 2, 99, 3),
(439, 0.25, 20, 2, 99, 4),
(440, 0.25, 20, 2, 99, 10),
(441, 0.25, 20, 2, 99, 11),
(442, 0.25, 5, 1, 100, 1),
(443, 0.25, 10, 1, 100, 2),
(444, 0.25, 30, 2, 100, 3),
(445, 0.25, 30, 2, 100, 4),
(446, 0.25, 30, 2, 100, 10),
(447, 0.25, 30, 2, 100, 11),
(448, 0.25, 5, 1, 101, 1),
(451, 0.25, 30, 2, 101, 3),
(452, 0.25, 30, 2, 101, 4),
(453, 0.25, 30, 2, 101, 10),
(454, 0.25, 30, 2, 101, 11),
(455, 0.25, 10, 1, 101, 2),
(456, 0.25, 60, 1, 102, 1),
(458, 0.25, 25, 2, 102, 3),
(459, 0.25, 25, 2, 102, 4),
(460, 0.25, 25, 2, 102, 10),
(461, 0.25, 25, 2, 102, 11),
(462, 0.25, 15, 1, 102, 2),
(463, 0.25, 5, 1, 103, 1),
(464, 0.25, 15, 1, 103, 2),
(465, 0.25, 25, 2, 103, 3),
(466, 0.25, 25, 2, 103, 4),
(467, 0.25, 25, 2, 103, 10),
(468, 0.25, 25, 2, 103, 11),
(469, 0.25, 25, 1, 104, 1),
(470, 0.25, 25, 1, 104, 2),
(471, 0.25, 25, 2, 104, 3),
(472, 0.25, 25, 2, 104, 4),
(473, 0.25, 25, 2, 104, 10),
(474, 0.25, 25, 2, 104, 11),
(475, 0.25, 5, 1, 105, 1),
(476, 0.25, 15, 1, 105, 2),
(477, 0.25, 25, 2, 105, 3),
(478, 0.25, 25, 2, 105, 4),
(479, 0.25, 25, 2, 105, 10),
(480, 0.25, 25, 2, 105, 11),
(481, 0.25, 15, 1, 106, 1),
(482, 0.25, 15, 1, 106, 3),
(483, 0.25, 25, 2, 106, 3),
(484, 0.25, 25, 2, 106, 4),
(485, 0.25, 25, 2, 106, 10),
(486, 0.25, 25, 2, 106, 11),
(487, 0.25, 5, 1, 107, 1),
(488, 0.25, 10, 1, 107, 2),
(489, 0.25, 30, 2, 107, 3),
(490, 0.25, 30, 2, 107, 4),
(491, 0.25, 30, 2, 107, 10),
(492, 0.25, 30, 2, 107, 11),
(493, 0.25, 5, 1, 108, 1),
(494, 0.5, 5, 1, 57, 1),
(495, 0.25, 10, 1, 108, 2),
(496, 0.25, 10, 1, 57, 2),
(497, 0.25, 20, 2, 108, 3),
(498, 0.25, 25, 2, 57, 3),
(499, 0.25, 20, 2, 108, 4),
(500, 0.25, 25, 2, 57, 4),
(501, 0.25, 25, 2, 57, 10),
(502, 0.25, 20, 2, 108, 10),
(503, 0.25, 25, 2, 57, 11),
(504, 0.25, 25, 2, 57, 12),
(505, 0.25, 20, 2, 108, 11),
(506, 0.5, 10, 1, 58, 1),
(507, 0.5, 15, 1, 58, 2),
(508, 0.25, 25, 2, 58, 3),
(509, 0.25, 25, 2, 58, 4),
(510, 0.25, 25, 2, 58, 10),
(511, 0.25, 25, 2, 58, 11),
(512, 0.25, 25, 2, 58, 12),
(513, 0.5, 10, 1, 59, 1),
(514, 0.5, 10, 1, 70, 1),
(515, 0.5, 20, 1, 59, 2),
(516, 0.5, 30, 2, 59, 3),
(517, 0.5, 12, 1, 70, 2),
(518, 0.5, 30, 2, 59, 4),
(519, 0.5, 30, 2, 70, 3),
(520, 0.5, 30, 2, 59, 10),
(521, 0.5, 30, 2, 59, 11),
(522, 0.5, 30, 2, 70, 4),
(523, 0.5, 30, 2, 59, 12),
(524, 0.5, 30, 2, 70, 11),
(525, 0.25, 10, 1, 60, 1),
(526, 0.5, 20, 1, 60, 2),
(527, 0.5, 30, 2, 70, 10),
(528, 0.5, 30, 2, 60, 3),
(529, 0.5, 30, 2, 60, 4),
(530, 0.5, 30, 2, 60, 10),
(531, 0.5, 30, 2, 60, 11),
(532, 0.5, 30, 2, 60, 12),
(533, 0.5, 10, 1, 61, 1),
(534, 0.5, 20, 1, 61, 2),
(535, 0.25, 5, 1, 110, 1),
(536, 0.5, 30, 2, 61, 3),
(537, 0.5, 30, 2, 61, 4),
(538, 0.25, 7, 1, 110, 2),
(539, 0.5, 30, 2, 61, 10),
(540, 0.5, 30, 2, 61, 11),
(541, 0.25, 20, 2, 110, 3),
(542, 0.5, 30, 2, 61, 12),
(543, 0.25, 20, 2, 110, 4),
(544, 0.5, 10, 1, 62, 1),
(545, 0.25, 20, 2, 110, 10),
(546, 0.5, 20, 1, 62, 2),
(547, 0.25, 20, 2, 110, 11),
(548, 0.25, 20, 2, 62, 3),
(549, 0.25, 20, 2, 62, 4),
(550, 0.25, 20, 2, 62, 10),
(551, 0.25, 20, 2, 62, 11),
(552, 0.25, 20, 2, 62, 12),
(553, 0.5, 10, 1, 63, 1),
(554, 0.25, 10, 1, 63, 2),
(555, 1, 23, 1, 111, 1),
(556, 0.25, 30, 2, 63, 3),
(557, 0.25, 30, 2, 63, 4),
(558, 1, 40, 1, 111, 2),
(559, 0.25, 30, 2, 63, 10),
(560, 0.25, 30, 2, 63, 11),
(561, 0.25, 30, 2, 63, 12),
(562, 1, 80, 2, 111, 3),
(563, 0.25, 5, 1, 64, 1),
(564, 0.25, 10, 1, 64, 2),
(565, 1, 80, 2, 111, 4),
(566, 0.25, 25, 2, 64, 3),
(567, 0.25, 25, 2, 64, 4),
(568, 0.25, 25, 2, 64, 10),
(569, 0.25, 25, 2, 64, 11),
(570, 1, 80, 2, 111, 10),
(571, 0.25, 25, 2, 64, 12),
(572, 1, 80, 2, 111, 11),
(573, 0.25, 5, 1, 65, 1),
(574, 0.25, 10, 1, 65, 2),
(575, 0.5, 30, 2, 65, 3),
(576, 0.5, 30, 2, 65, 4),
(577, 0.5, 30, 2, 65, 10),
(578, 0.5, 30, 2, 65, 11),
(579, 0.5, 30, 2, 65, 12),
(580, 0.5, 10, 1, 66, 1),
(581, 0.5, 20, 1, 66, 2),
(582, 0.5, 40, 2, 66, 3),
(583, 0.5, 40, 2, 66, 4),
(584, 0.5, 40, 2, 66, 10),
(585, 0.5, 40, 2, 66, 11),
(586, 1, 23, 1, 112, 1),
(587, 1, 45, 1, 112, 2),
(588, 1, 80, 2, 112, 3),
(589, 1, 80, 2, 112, 4),
(590, 0.5, 40, 2, 66, 12),
(591, 1, 80, 2, 112, 10),
(592, 0.5, 10, 1, 67, 1),
(593, 1, 80, 2, 112, 11),
(594, 0.5, 10, 1, 67, 2),
(606, 0.25, 5, 1, 113, 1),
(608, 0.25, 10, 1, 113, 2),
(611, 0.25, 20, 2, 113, 3),
(612, 0.25, 20, 2, 113, 4),
(613, 0.25, 20, 2, 113, 10),
(614, 0.25, 20, 2, 113, 11),
(615, 0.25, 10, 1, 114, 1),
(616, 0.25, 10, 1, 114, 2),
(621, 0.25, 20, 2, 114, 3),
(622, 0.25, 20, 2, 114, 4),
(623, 0.25, 20, 2, 114, 10),
(624, 0.25, 20, 2, 114, 11),
(625, 1, 60, 1, 114, 3),
(626, 1, 60, 1, 114, 4),
(627, 1, 60, 1, 114, 10),
(628, 1, 60, 1, 114, 11),
(629, 0.5, 20, 2, 67, 3),
(630, 0.5, 20, 2, 67, 4),
(631, 0.5, 20, 2, 67, 10),
(632, 0.5, 20, 2, 67, 11),
(633, 0.5, 20, 2, 67, 12),
(634, 0.5, 10, 1, 69, 1),
(635, 0.5, 20, 1, 69, 2),
(636, 0.25, 25, 2, 69, 3),
(637, 0.25, 5, 1, 115, 1),
(638, 0.25, 25, 2, 69, 4),
(639, 0.25, 10, 1, 115, 2),
(640, 0.25, 25, 2, 69, 10),
(641, 0.25, 30, 2, 115, 3),
(642, 0.25, 25, 2, 69, 11),
(643, 0.25, 25, 2, 69, 12),
(644, 0.25, 30, 2, 115, 4),
(645, 0.25, 30, 2, 115, 10),
(646, 0.25, 30, 2, 115, 11),
(647, 0.25, 10, 1, 71, 1),
(648, 0.25, 10, 1, 71, 2),
(649, 0.25, 20, 2, 71, 3),
(650, 0.25, 20, 2, 71, 4),
(651, 0.25, 20, 2, 71, 10),
(652, 0.25, 20, 2, 71, 11),
(654, 0.5, 25, 1, 72, 1),
(655, 0.5, 25, 1, 72, 2),
(656, 0.25, 7, 1, 116, 1),
(657, 0.5, 50, 2, 72, 3),
(658, 0.5, 50, 2, 72, 4),
(659, 0.25, 10, 1, 116, 2),
(660, 0.5, 50, 2, 72, 10),
(661, 0.5, 50, 2, 72, 11),
(662, 0.5, 50, 2, 72, 12),
(663, 0.25, 30, 2, 116, 3),
(664, 0.25, 30, 2, 116, 4),
(665, 0.5, 10, 1, 73, 1),
(666, 0.5, 20, 1, 73, 2),
(667, 0.25, 30, 2, 116, 10),
(668, 0.5, 50, 2, 73, 3),
(669, 0.5, 50, 2, 73, 4),
(670, 0.5, 50, 2, 73, 10),
(671, 0.5, 50, 2, 73, 11),
(672, 0.5, 50, 2, 73, 12),
(673, 0.5, 10, 1, 74, 1),
(674, 0.5, 20, 1, 74, 2),
(675, 0.25, 30, 2, 116, 11),
(676, 0.5, 37, 2, 74, 3),
(677, 0.5, 37, 2, 74, 4),
(678, 0.5, 37, 2, 74, 10),
(679, 0.5, 37, 2, 74, 11),
(680, 0.5, 37, 2, 74, 12),
(688, 0.25, 5, 1, 117, 1),
(689, 0.5, 25, 1, 76, 1),
(690, 0.5, 20, 1, 117, 2),
(691, 0.5, 25, 1, 76, 2),
(692, 0.5, 50, 2, 76, 3),
(693, 0.5, 40, 2, 117, 3),
(694, 0.5, 50, 2, 76, 4),
(695, 0.5, 50, 2, 76, 10),
(696, 0.5, 40, 2, 117, 4),
(697, 0.5, 50, 2, 76, 11),
(698, 0.5, 40, 2, 117, 10),
(699, 0.5, 50, 2, 76, 12),
(700, 0.5, 40, 2, 117, 11),
(701, 0.5, 25, 1, 77, 1),
(702, 0.5, 25, 1, 77, 2),
(703, 0.5, 50, 2, 77, 3),
(704, 0.5, 50, 2, 77, 4),
(705, 0.5, 50, 2, 77, 10),
(706, 0.5, 50, 2, 77, 11),
(707, 0.5, 50, 2, 77, 12),
(708, 0.25, 5, 1, 56, 1),
(709, 0.25, 15, 1, 56, 2),
(710, 0.25, 5, 1, 118, 1),
(711, 0.25, 25, 2, 56, 3),
(712, 0.25, 25, 2, 56, 4),
(713, 0.25, 25, 2, 56, 10),
(714, 0.25, 25, 2, 56, 11),
(715, 0.25, 25, 2, 56, 12),
(716, 0.5, 5, 1, 78, 1),
(717, 0.25, 10, 1, 118, 2),
(718, 0.5, 10, 1, 78, 2),
(719, 0.25, 20, 2, 118, 3),
(720, 0.5, 30, 2, 78, 3),
(721, 0.5, 30, 2, 78, 4),
(722, 0.25, 20, 2, 118, 4),
(723, 0.5, 30, 2, 78, 10),
(724, 0.25, 20, 2, 118, 10),
(725, 0.5, 30, 2, 78, 11),
(726, 0.5, 30, 2, 78, 12),
(727, 0.25, 20, 2, 118, 11),
(728, 0.5, 10, 1, 80, 1),
(729, 0.5, 20, 1, 80, 2),
(730, 0.5, 30, 2, 80, 3),
(731, 0.5, 30, 2, 80, 4),
(732, 0.5, 30, 2, 80, 10),
(733, 0.5, 30, 2, 80, 11),
(734, 0.5, 30, 2, 80, 12),
(735, 0.5, 10, 1, 82, 1),
(736, 0.5, 15, 1, 82, 2),
(737, 0.5, 10, 1, 119, 1),
(738, 0.5, 30, 2, 82, 3),
(739, 0.5, 10, 1, 119, 2),
(740, 0.5, 30, 2, 82, 4),
(741, 0.5, 30, 2, 82, 10),
(742, 0.5, 22, 2, 119, 3),
(743, 0.5, 30, 2, 82, 11),
(744, 0.5, 22, 2, 119, 4),
(745, 0.5, 22, 2, 119, 10),
(746, 0.5, 30, 2, 82, 12),
(747, 0.5, 22, 2, 119, 11),
(748, 0.5, 10, 1, 83, 1),
(749, 0.5, 15, 1, 83, 2),
(750, 0.5, 25, 2, 83, 3),
(751, 0.5, 25, 2, 83, 4),
(752, 0.5, 25, 2, 83, 10),
(753, 0.5, 25, 2, 83, 11),
(754, 0.5, 25, 2, 83, 12),
(762, 0.5, 25, 1, 85, 1),
(763, 0.5, 25, 1, 85, 2),
(764, 0.5, 50, 2, 85, 3),
(765, 0.5, 50, 2, 85, 4),
(766, 0.5, 50, 2, 85, 10),
(767, 0.5, 50, 2, 85, 12),
(768, 0.25, 5, 1, 120, 1),
(769, 0.25, 7, 1, 120, 2),
(770, 0.25, 15, 2, 120, 3),
(771, 0.25, 15, 2, 120, 4),
(772, 0.25, 15, 2, 120, 10),
(773, 0.25, 15, 2, 120, 11),
(774, 0.5, 5, 1, 86, 1),
(775, 0.5, 10, 1, 86, 2),
(776, 0.5, 35, 2, 86, 3),
(777, 0.5, 35, 2, 86, 4),
(778, 0.5, 35, 2, 86, 10),
(779, 0.5, 35, 2, 86, 11),
(780, 0.5, 35, 2, 86, 12),
(781, 0.5, 12, 1, 68, 1),
(782, 0.5, 15, 1, 68, 2),
(783, 0.5, 30, 2, 68, 3),
(784, 0.5, 30, 2, 68, 4),
(785, 0.5, 30, 2, 68, 10),
(786, 0.5, 30, 2, 68, 11),
(787, 0.5, 30, 2, 68, 12),
(788, 0.5, 10, 1, 79, 1),
(789, 0.5, 10, 1, 79, 2),
(790, 0.5, 30, 2, 79, 3),
(791, 0.5, 30, 2, 79, 4),
(792, 0.5, 30, 2, 79, 10),
(793, 0.5, 30, 2, 79, 11),
(794, 0.5, 30, 2, 79, 12),
(802, 0.25, 5, 1, 122, 1),
(803, 0.25, 10, 1, 122, 2),
(804, 0.25, 30, 2, 122, 3),
(805, 0.25, 30, 2, 122, 4),
(806, 0.25, 30, 2, 122, 10),
(807, 0.25, 30, 2, 122, 11),
(808, 0.25, 5, 1, 123, 1),
(809, 0.25, 10, 1, 123, 2),
(810, 0.25, 30, 1, 123, 3),
(811, 0.25, 30, 1, 123, 4),
(812, 0.25, 30, 1, 123, 10),
(813, 0.25, 30, 1, 123, 11),
(814, 0.25, 5, 1, 125, 1),
(815, 0.25, 10, 1, 125, 2),
(816, 0.25, 30, 2, 125, 3),
(817, 0.25, 30, 2, 125, 4),
(818, 0.25, 30, 2, 125, 10),
(819, 0.25, 30, 2, 125, 11),
(820, 0.5, 10, 1, 126, 1),
(821, 0.5, 15, 1, 126, 2),
(822, 1, 65, 1, 126, 3),
(823, 1, 65, 1, 126, 4),
(824, 1, 65, 1, 126, 10),
(825, 1, 65, 1, 126, 11),
(826, 0.25, 10, 1, 127, 1),
(827, 0.25, 10, 1, 127, 2),
(828, 0.25, 25, 2, 127, 3),
(829, 0.25, 25, 2, 127, 4),
(830, 0.25, 25, 2, 127, 10),
(831, 0.25, 25, 2, 127, 11),
(832, 1, 20, 1, 128, 1),
(833, 1, 30, 1, 128, 2),
(834, 1, 90, 2, 128, 3),
(835, 1, 90, 2, 128, 4),
(836, 1, 90, 2, 128, 10),
(837, 1, 90, 2, 128, 11),
(838, 0.5, 20, 1, 90, 1),
(839, 0.5, 30, 1, 90, 2),
(840, 0.25, 5, 1, 129, 1),
(841, 0.25, 20, 1, 129, 2),
(842, 0.5, 40, 2, 90, 3),
(843, 0.25, 20, 2, 129, 3),
(844, 0.5, 40, 2, 90, 4),
(845, 0.25, 20, 2, 129, 4),
(846, 0.5, 40, 2, 90, 10),
(847, 0.5, 40, 2, 90, 11),
(848, 0.5, 40, 2, 90, 12),
(849, 0.25, 20, 2, 129, 10),
(850, 0.25, 20, 2, 129, 11),
(851, 0.25, 5, 1, 130, 1),
(852, 0.25, 25, 1, 130, 2),
(853, 0.25, 25, 2, 130, 3),
(854, 0.25, 25, 2, 130, 4),
(855, 0.25, 25, 2, 130, 10),
(856, 0.25, 25, 2, 130, 11),
(857, 0.25, 5, 1, 133, 1),
(858, 0.25, 10, 1, 133, 2),
(859, 0.25, 20, 2, 133, 3),
(860, 0.25, 20, 2, 133, 4),
(861, 0.25, 20, 2, 133, 10),
(862, 0.25, 20, 2, 133, 11),
(863, 0.25, 5, 1, 137, 1),
(864, 0.25, 10, 1, 137, 2),
(865, 0.25, 20, 2, 137, 3),
(866, 0.25, 20, 2, 137, 4),
(867, 0.25, 20, 2, 137, 10),
(868, 0.25, 20, 2, 137, 11),
(869, 0.25, 5, 1, 148, 1),
(870, 0.5, 10, 1, 131, 1),
(871, 0.5, 10, 1, 131, 2),
(872, 0.5, 25, 2, 131, 3),
(873, 0.5, 25, 2, 131, 4),
(874, 0.5, 25, 2, 131, 10),
(875, 0.5, 25, 2, 131, 11),
(876, 0.5, 25, 2, 131, 12),
(877, 0.5, 10, 1, 132, 1),
(878, 0.5, 15, 1, 132, 2),
(879, 0.5, 30, 2, 132, 3),
(880, 0.5, 30, 2, 132, 4),
(881, 0.5, 30, 2, 132, 10),
(882, 0.5, 30, 2, 132, 11),
(883, 0.5, 30, 2, 132, 12),
(884, 0.5, 5, 1, 134, 1),
(885, 0.25, 7, 1, 134, 2),
(886, 0.25, 20, 2, 134, 3),
(887, 0.25, 20, 2, 134, 4),
(888, 0.25, 20, 2, 134, 10),
(889, 0.25, 20, 2, 134, 11),
(890, 0.25, 20, 2, 134, 12),
(891, 0.25, 10, 1, 148, 2),
(892, 0.25, 20, 2, 148, 3),
(893, 0.5, 25, 1, 135, 1),
(894, 0.25, 20, 2, 148, 4),
(895, 0.5, 25, 1, 135, 2),
(896, 0.5, 50, 2, 135, 3),
(897, 0.25, 20, 2, 148, 10),
(898, 0.5, 50, 2, 135, 4),
(899, 0.25, 20, 2, 148, 11),
(900, 0.5, 50, 2, 135, 10),
(901, 0.5, 50, 2, 135, 11),
(902, 0.5, 50, 2, 135, 12),
(903, 0.5, 10, 1, 136, 1),
(904, 0.5, 10, 1, 136, 2),
(905, 0.5, 40, 2, 136, 3),
(906, 0.5, 40, 2, 136, 4),
(907, 0.5, 40, 2, 136, 10),
(908, 0.5, 40, 2, 136, 11),
(909, 0.5, 40, 2, 136, 12),
(910, 0.5, 7, 1, 138, 1),
(911, 0.5, 15, 1, 138, 2),
(912, 0.5, 35, 2, 138, 3),
(913, 0.5, 35, 2, 138, 4),
(914, 0.5, 35, 2, 138, 10),
(915, 0.5, 35, 2, 138, 11),
(916, 0.5, 35, 2, 138, 12),
(917, 0.5, 7, 1, 139, 1),
(918, 0.5, 5, 1, 149, 1),
(919, 0.5, 15, 1, 139, 2),
(920, 0.5, 35, 2, 139, 3),
(921, 0.25, 10, 1, 149, 2),
(926, 0.5, 20, 2, 149, 3),
(927, 0.5, 35, 2, 139, 4),
(928, 0.5, 20, 2, 149, 4),
(929, 0.5, 35, 2, 139, 10),
(930, 0.5, 20, 2, 149, 10),
(931, 0.5, 35, 2, 139, 11),
(932, 0.5, 20, 2, 149, 11),
(933, 0.5, 35, 2, 139, 12),
(934, 0.5, 10, 1, 140, 1),
(935, 0.5, 15, 1, 140, 2),
(936, 0.5, 35, 2, 140, 3),
(937, 0.5, 35, 2, 140, 4),
(938, 0.5, 35, 2, 140, 10),
(939, 0.5, 25, 1, 150, 1),
(940, 0.5, 35, 2, 140, 11),
(941, 0.5, 35, 2, 140, 12),
(942, 0.5, 25, 1, 150, 2),
(943, 0.5, 50, 2, 150, 3),
(944, 0.5, 50, 2, 150, 4),
(945, 0.5, 50, 2, 150, 10),
(946, 0.5, 5, 1, 141, 1),
(947, 0.5, 50, 2, 150, 11),
(948, 0.25, 10, 1, 141, 2),
(949, 0.5, 35, 2, 141, 3),
(950, 0.5, 35, 2, 141, 4),
(951, 0.5, 35, 2, 141, 10),
(952, 0.5, 35, 2, 141, 11),
(953, 0.5, 35, 2, 141, 12),
(954, 0.5, 7, 1, 142, 1),
(955, 0.5, 15, 1, 142, 2),
(956, 0.5, 40, 2, 142, 3),
(957, 0.5, 40, 2, 142, 4),
(958, 0.5, 40, 2, 142, 10),
(959, 0.5, 40, 2, 142, 11),
(960, 0.5, 40, 2, 142, 12),
(961, 0.5, 5, 1, 143, 1),
(962, 0.5, 15, 1, 143, 2),
(963, 0.5, 35, 2, 143, 3),
(964, 0.5, 35, 2, 143, 4),
(965, 0.5, 35, 2, 143, 10),
(966, 0.5, 35, 2, 143, 11),
(967, 0.5, 35, 2, 143, 12),
(968, 0.5, 7, 1, 145, 1),
(969, 0.5, 10, 1, 145, 2),
(970, 0.5, 35, 2, 145, 3),
(971, 0.5, 35, 2, 145, 4),
(972, 0.5, 35, 2, 145, 10),
(973, 0.5, 35, 2, 145, 11),
(974, 0.5, 35, 2, 145, 12),
(975, 0.5, 7, 1, 146, 1),
(976, 0.5, 20, 1, 146, 2),
(977, 0.5, 35, 2, 146, 3),
(978, 0.5, 35, 2, 146, 4),
(979, 0.5, 35, 2, 146, 10),
(980, 0.5, 35, 2, 146, 11),
(981, 0.5, 35, 2, 146, 12),
(982, 1, 8, 1, 151, 1),
(983, 0.5, 7, 1, 147, 1),
(984, 1, 12, 1, 151, 2),
(985, 0.25, 10, 1, 147, 2),
(986, 1, 40, 2, 151, 3),
(987, 1, 40, 2, 151, 4),
(988, 0.5, 35, 2, 147, 3),
(989, 0.5, 35, 2, 147, 4),
(990, 1, 40, 2, 151, 10),
(991, 0.5, 35, 2, 147, 10),
(992, 1, 40, 2, 151, 11),
(993, 0.5, 35, 2, 147, 11),
(994, 0.5, 35, 2, 147, 12),
(995, 1, 20, 1, 153, 1),
(996, 1, 40, 1, 153, 2),
(997, 1, 80, 2, 153, 3),
(998, 1, 80, 2, 153, 4),
(999, 1, 80, 2, 153, 10),
(1000, 1, 80, 2, 153, 11),
(1001, 1, 80, 2, 153, 12),
(1002, 1, 20, 1, 154, 1),
(1003, 1, 40, 1, 154, 2),
(1004, 1, 80, 2, 154, 3),
(1005, 1, 80, 2, 154, 4),
(1006, 1, 80, 2, 154, 10),
(1007, 0.25, 10, 1, 152, 1),
(1008, 1, 80, 2, 154, 11),
(1009, 1, 80, 2, 154, 12),
(1010, 0.25, 10, 1, 152, 2),
(1011, 0.5, 40, 2, 152, 3),
(1012, 0.5, 5, 1, 155, 1),
(1013, 0.5, 10, 1, 155, 2),
(1014, 0.5, 40, 2, 152, 4),
(1015, 0.5, 20, 2, 155, 3),
(1016, 0.5, 40, 2, 152, 10),
(1017, 0.5, 20, 2, 155, 4),
(1018, 0.5, 20, 2, 155, 10),
(1019, 0.5, 40, 2, 152, 11),
(1020, 0.5, 20, 2, 155, 11),
(1022, 0.5, 20, 2, 155, 12),
(1027, 1, 80, 1, 152, 3),
(1028, 1, 80, 1, 152, 4),
(1029, 1, 80, 1, 152, 10),
(1030, 1, 80, 1, 152, 11),
(1031, 0.5, 10, 1, 156, 1),
(1032, 0.5, 10, 1, 156, 2),
(1033, 0.5, 40, 2, 156, 3),
(1034, 0.5, 40, 2, 156, 4),
(1035, 0.5, 40, 2, 156, 10),
(1036, 0.5, 40, 2, 156, 11),
(1037, 1, 80, 1, 156, 3),
(1038, 1, 80, 1, 156, 4),
(1039, 1, 80, 1, 156, 10),
(1040, 1, 80, 1, 156, 11),
(1041, 0.5, 25, 1, 157, 1),
(1042, 0.5, 25, 1, 157, 2),
(1043, 0.5, 50, 2, 157, 3),
(1044, 0.5, 50, 2, 157, 4),
(1045, 0.5, 50, 2, 157, 10),
(1046, 0.5, 50, 2, 157, 11),
(1047, 1, 20, 1, 158, 1),
(1048, 1, 40, 1, 158, 2),
(1049, 1, 80, 2, 158, 3),
(1050, 1, 80, 2, 158, 4),
(1051, 1, 80, 2, 158, 10),
(1052, 1, 80, 2, 158, 11),
(1053, 1, 80, 2, 158, 12),
(1054, 1, 20, 1, 159, 1),
(1055, 1, 40, 1, 159, 2),
(1056, 1, 80, 2, 159, 3),
(1057, 1, 80, 2, 159, 4),
(1058, 1, 80, 2, 159, 10),
(1059, 1, 80, 2, 159, 11),
(1060, 1, 80, 2, 159, 12),
(1061, 1, 20, 1, 160, 1),
(1062, 1, 40, 1, 160, 2),
(1063, 1, 80, 2, 160, 3),
(1064, 1, 80, 2, 160, 4),
(1065, 1, 80, 2, 160, 10),
(1066, 1, 80, 2, 160, 11),
(1067, 1, 80, 2, 160, 12),
(1068, 1, 20, 1, 161, 1),
(1069, 1, 40, 1, 161, 2),
(1070, 1, 80, 2, 161, 3),
(1071, 1, 80, 2, 161, 4),
(1072, 1, 80, 2, 161, 10),
(1073, 1, 80, 2, 161, 11),
(1074, 1, 80, 2, 161, 12),
(1075, 1, 20, 1, 162, 1),
(1076, 1, 40, 1, 162, 2),
(1077, 1, 80, 2, 162, 3),
(1078, 1, 80, 2, 162, 4),
(1079, 1, 80, 2, 162, 10),
(1080, 1, 80, 2, 162, 11),
(1081, 1, 80, 2, 162, 12),
(1082, 1, 20, 1, 163, 1),
(1083, 1, 40, 1, 163, 2),
(1084, 1, 80, 2, 163, 3),
(1085, 1, 80, 2, 163, 4),
(1086, 1, 80, 2, 163, 10),
(1087, 1, 80, 2, 163, 11),
(1088, 1, 80, 2, 163, 12),
(1089, 1, 12, 1, 164, 1),
(1090, 1, 15, 1, 164, 2),
(1091, 1, 60, 2, 164, 3),
(1092, 1, 60, 2, 164, 4),
(1093, 1, 60, 2, 164, 10),
(1094, 1, 60, 2, 164, 11),
(1095, 1, 60, 2, 164, 12),
(1096, 0.5, 50, 2, 85, 11),
(1097, 0.25, 15, 1, 165, 1),
(1098, 0.25, 15, 1, 165, 2),
(1099, 0.25, 25, 2, 165, 3),
(1100, 0.25, 25, 2, 165, 4),
(1101, 0.25, 25, 2, 165, 10),
(1102, 0.25, 25, 2, 165, 11),
(1103, 0.5, 25, 1, 166, 1),
(1104, 0.5, 25, 1, 166, 2),
(1105, 0.5, 50, 2, 166, 3),
(1106, 0.5, 50, 2, 166, 4),
(1107, 0.5, 50, 2, 166, 10),
(1108, 0.5, 50, 2, 166, 11),
(1109, 0.25, 15, 1, 167, 1),
(1110, 0.25, 15, 1, 167, 2),
(1111, 0.25, 25, 2, 167, 3),
(1112, 0.25, 25, 2, 167, 4),
(1113, 0.25, 25, 2, 167, 10),
(1114, 0.25, 25, 2, 167, 11),
(1115, 0.25, 5, 1, 168, 1),
(1116, 0.25, 7, 1, 168, 2),
(1117, 0.25, 30, 2, 168, 3),
(1118, 0.25, 30, 2, 168, 4),
(1119, 0.25, 30, 2, 168, 10),
(1120, 0.25, 30, 2, 168, 11),
(1121, 0.25, 10, 1, 169, 1),
(1122, 0.25, 10, 1, 169, 2),
(1123, 0.25, 40, 2, 169, 3),
(1124, 0.25, 40, 2, 169, 4),
(1125, 0.25, 40, 2, 169, 10),
(1126, 0.25, 40, 2, 169, 11),
(1127, 0.5, 25, 1, 170, 1),
(1128, 0.5, 25, 1, 170, 2),
(1129, 0.5, 50, 2, 170, 3),
(1130, 0.5, 50, 2, 170, 4),
(1131, 0.5, 50, 2, 170, 10),
(1132, 0.5, 50, 2, 170, 11),
(1133, 0.25, 7, 1, 171, 1),
(1134, 0.25, 7, 1, 171, 2),
(1135, 0.25, 30, 2, 171, 3),
(1136, 0.25, 30, 2, 171, 4),
(1137, 0.25, 30, 2, 171, 11),
(1138, 0.25, 30, 2, 171, 10),
(1139, 0.25, 15, 1, 172, 1),
(1140, 0.25, 30, 2, 172, 3),
(1141, 0.25, 30, 2, 172, 4),
(1142, 0.25, 30, 2, 172, 10),
(1143, 0.25, 30, 2, 172, 11),
(1144, 0.25, 15, 1, 172, 2),
(1145, 0.5, 25, 1, 173, 1),
(1146, 0.5, 25, 1, 173, 2),
(1147, 0.5, 50, 2, 173, 3),
(1148, 0.5, 50, 2, 173, 4),
(1149, 0.5, 50, 2, 173, 10),
(1150, 0.5, 50, 2, 173, 11),
(1151, 1, 23, 1, 174, 1),
(1152, 1, 45, 1, 174, 2),
(1153, 1, 80, 2, 174, 3),
(1154, 1, 80, 2, 174, 4),
(1155, 1, 80, 2, 174, 10),
(1156, 1, 80, 2, 174, 11),
(1157, 0.5, 25, 1, 175, 1),
(1158, 0.5, 50, 1, 175, 2),
(1159, 0.5, 50, 2, 175, 3),
(1160, 0.5, 50, 2, 175, 4),
(1161, 0.5, 50, 2, 175, 10),
(1162, 0.5, 50, 2, 175, 11),
(1163, 0.25, 15, 1, 176, 1),
(1164, 0.25, 15, 1, 176, 2),
(1165, 0.25, 25, 2, 176, 3),
(1166, 0.25, 25, 2, 176, 4),
(1167, 0.25, 25, 2, 176, 10),
(1168, 0.25, 25, 2, 176, 11),
(1169, 0.25, 5, 1, 177, 1),
(1170, 0.25, 10, 1, 177, 2),
(1171, 0.25, 30, 2, 177, 3),
(1172, 0.25, 30, 2, 177, 4),
(1173, 0.25, 30, 2, 177, 10),
(1174, 0.25, 30, 2, 177, 11),
(1175, 1, 23, 1, 178, 1),
(1176, 1, 45, 1, 178, 2),
(1177, 1, 80, 2, 178, 3),
(1178, 1, 80, 2, 178, 4),
(1179, 1, 80, 2, 178, 10),
(1180, 1, 80, 2, 178, 11),
(1181, 0.25, 7, 1, 179, 1),
(1182, 0.25, 10, 1, 179, 2),
(1183, 0.25, 20, 2, 179, 3),
(1184, 0.25, 20, 2, 179, 4),
(1187, 0.25, 20, 2, 179, 10),
(1188, 0.25, 20, 2, 179, 11),
(1196, 0.25, 5, 1, 180, 1),
(1197, 0.25, 10, 1, 180, 2),
(1198, 0.25, 20, 2, 180, 3),
(1199, 0.25, 20, 2, 180, 4),
(1200, 0.25, 20, 2, 180, 10),
(1201, 0.25, 20, 2, 180, 11),
(1202, 1, 23, 1, 181, 1),
(1203, 1, 45, 1, 181, 2),
(1204, 1, 80, 2, 181, 3),
(1205, 1, 80, 2, 181, 4),
(1206, 1, 80, 2, 181, 10),
(1207, 1, 80, 2, 181, 11),
(1208, 0.25, 10, 1, 124, 1),
(1209, 0.25, 10, 1, 124, 2),
(1210, 0.25, 30, 2, 124, 3),
(1211, 0.25, 30, 2, 124, 4),
(1212, 0.25, 30, 2, 124, 10),
(1213, 0.25, 30, 2, 124, 11),
(1220, 0.251, 15, 1, 183, 1),
(1221, 0.25, 15, 1, 183, 2),
(1222, 0.25, 30, 2, 183, 3),
(1223, 0.25, 30, 2, 183, 4),
(1224, 0.25, 30, 2, 183, 10),
(1225, 0.25, 30, 2, 183, 11),
(1226, 1, 12, 1, 184, 1),
(1227, 1, 14, 1, 184, 2),
(1228, 0.25, 70, 2, 184, 3),
(1229, 0.25, 70, 2, 184, 4),
(1230, 0.25, 70, 2, 184, 10),
(1231, 0.25, 70, 2, 184, 11),
(1232, 0.5, 10, 1, 109, 1),
(1233, 0.5, 15, 1, 109, 2),
(1234, 0.5, 30, 2, 109, 3),
(1235, 0.5, 30, 2, 109, 4),
(1236, 0.5, 30, 2, 109, 10),
(1237, 0.5, 30, 2, 109, 11),
(1238, 0.5, 3, 1, 47, 1),
(1239, 0.5, 8, 1, 47, 2),
(1240, 0.5, 45, 2, 47, 3),
(1241, 0.5, 45, 2, 47, 4),
(1242, 0.5, 45, 2, 47, 10),
(1243, 0.5, 45, 2, 47, 11),
(1244, 0.25, 30, 2, 7, 10),
(1245, 0.25, 5, 1, 185, 1),
(1246, 0.25, 10, 1, 185, 2),
(1247, 0.25, 25, 2, 185, 3),
(1248, 0.25, 25, 2, 185, 4),
(1249, 0.25, 25, 2, 185, 10),
(1250, 0.25, 25, 2, 185, 11),
(1251, 0.25, 9, 1, 186, 1),
(1252, 0.25, 9, 1, 186, 2),
(1253, 0.25, 18, 2, 186, 3),
(1254, 0.25, 18, 2, 186, 4),
(1255, 0.25, 18, 2, 186, 10),
(1256, 0.25, 18, 2, 186, 11),
(1257, 0.25, 5, 1, 187, 1),
(1258, 0.25, 10, 1, 187, 2),
(1259, 0.25, 30, 2, 187, 3),
(1260, 0.251, 30, 2, 187, 4),
(1261, 0.25, 30, 2, 187, 10),
(1262, 0.25, 30, 2, 187, 11),
(1263, 1, 20, 1, 188, 1),
(1264, 1, 40, 1, 188, 2),
(1265, 1, 80, 2, 188, 3),
(1266, 1, 80, 2, 188, 4),
(1267, 1, 80, 2, 188, 10),
(1268, 1, 80, 2, 188, 11),
(1269, 1, 80, 2, 188, 12),
(1270, 0.25, 5, 1, 189, 1),
(1271, 0.25, 7, 1, 189, 2),
(1272, 0.25, 20, 2, 189, 3),
(1273, 0.25, 20, 2, 189, 4),
(1274, 0.25, 20, 2, 189, 10),
(1275, 0.25, 20, 2, 189, 11),
(1276, 0.25, 5, 1, 190, 1),
(1277, 0.25, 7, 1, 190, 2),
(1278, 0.25, 20, 2, 190, 3),
(1279, 0.25, 20, 2, 190, 4),
(1280, 0.25, 20, 2, 190, 10),
(1281, 0.25, 20, 2, 190, 11),
(1282, 0.25, 20, 2, 38, 3),
(1283, 0.25, 20, 2, 38, 4),
(1284, 0.25, 20, 2, 38, 10),
(1285, 0.25, 20, 2, 38, 11),
(1286, 1, 20, 1, 191, 1),
(1287, 1, 30, 1, 191, 2),
(1288, 1, 50, 2, 191, 3),
(1289, 1, 50, 2, 191, 4),
(1290, 1, 50, 2, 191, 10),
(1291, 1, 50, 2, 191, 11),
(1292, 1, 50, 2, 191, 12),
(1293, 1, 20, 1, 192, 1),
(1294, 1, 30, 1, 192, 2),
(1295, 1, 50, 2, 192, 3),
(1296, 1, 50, 2, 192, 4),
(1297, 1, 50, 2, 192, 10),
(1298, 1, 50, 2, 192, 11),
(1299, 1, 18, 1, 193, 1),
(1300, 1, 18, 1, 193, 2),
(1301, 1, 30, 1, 193, 3),
(1302, 1, 30, 1, 193, 4),
(1303, 1, 30, 1, 193, 10),
(1304, 1, 30, 1, 193, 11),
(1305, 1, 20, 1, 88, 1),
(1306, 1, 40, 1, 88, 2),
(1312, 1, 30, 1, 84, 1),
(1313, 1, 50, 1, 84, 2),
(1314, 1, 70, 2, 84, 3),
(1315, 1, 70, 2, 84, 4),
(1316, 1, 70, 2, 84, 10),
(1317, 1, 70, 2, 84, 11),
(1318, 1, 70, 2, 84, 12),
(1319, 1, 20, 1, 87, 1),
(1320, 1, 40, 1, 87, 2),
(1321, 1, 70, 2, 87, 3),
(1322, 1, 70, 2, 87, 4),
(1323, 1, 70, 2, 87, 10),
(1324, 1, 70, 2, 87, 11),
(1325, 1, 70, 2, 87, 12),
(1326, 1, 30, 1, 195, 1),
(1327, 1, 60, 1, 195, 2),
(1328, 0.5, 100, 2, 195, 3),
(1329, 0.5, 100, 2, 195, 4),
(1330, 0.5, 100, 2, 195, 10),
(1331, 0.5, 100, 2, 195, 11),
(1332, 0.5, 100, 2, 195, 12),
(1333, 0.25, 30, 1, 24, 1),
(1334, 1, 120, 2, 88, 3),
(1335, 1, 120, 2, 88, 4),
(1336, 1, 120, 2, 88, 10),
(1337, 1, 120, 2, 88, 11),
(1338, 1, 120, 2, 88, 12),
(1339, 0.25, 15, 1, 196, 1),
(1340, 0.25, 15, 1, 196, 2),
(1341, 0.25, 18, 2, 196, 3),
(1342, 0.25, 18, 2, 196, 4),
(1343, 0.25, 18, 2, 196, 10),
(1344, 0.25, 18, 2, 196, 11),
(1345, 0.25, 15, 1, 197, 1),
(1346, 0.25, 15, 1, 197, 2),
(1347, 0.25, 18, 2, 197, 3),
(1348, 0.25, 18, 2, 197, 4),
(1349, 0.25, 18, 2, 197, 10),
(1350, 0.25, 18, 2, 197, 11),
(1351, 0.25, 15, 1, 198, 1),
(1352, 0.25, 15, 1, 198, 2),
(1353, 0.25, 18, 2, 198, 3),
(1354, 0.25, 18, 2, 198, 4),
(1355, 0.25, 18, 2, 198, 10),
(1356, 0.25, 18, 2, 198, 11),
(1357, 0.25, 15, 1, 199, 1),
(1358, 0.25, 15, 1, 199, 2),
(1359, 0.25, 18, 2, 199, 3),
(1360, 0.25, 18, 2, 199, 4),
(1361, 0.25, 18, 2, 199, 10),
(1362, 0.25, 18, 2, 199, 11),
(1363, 0.25, 15, 1, 200, 1),
(1364, 0.25, 15, 1, 200, 2),
(1365, 0.25, 18, 2, 200, 3),
(1366, 0.25, 18, 2, 200, 4),
(1367, 0.25, 18, 2, 200, 10),
(1368, 0.25, 18, 2, 200, 11),
(1369, 0.25, 15, 1, 201, 1),
(1370, 0.25, 15, 1, 201, 2),
(1371, 0.25, 18, 2, 201, 3),
(1372, 0.25, 18, 2, 201, 4),
(1373, 0.25, 18, 2, 201, 10),
(1374, 0.25, 18, 2, 201, 11),
(1375, 0.25, 15, 1, 202, 1),
(1376, 0.25, 15, 1, 202, 2),
(1377, 0.25, 18, 2, 202, 3),
(1378, 0.25, 18, 2, 202, 4),
(1379, 0.25, 18, 2, 202, 10),
(1380, 0.25, 18, 2, 202, 11),
(1381, 0.25, 15, 1, 203, 1),
(1382, 0.25, 15, 1, 203, 2),
(1383, 0.5, 18, 2, 203, 3),
(1384, 0.25, 18, 2, 203, 4),
(1385, 0.25, 18, 2, 203, 10),
(1386, 0.25, 18, 2, 203, 11),
(1387, 0.25, 15, 1, 204, 1),
(1388, 0.25, 15, 1, 204, 2),
(1389, 0.25, 18, 2, 204, 3),
(1390, 0.25, 18, 2, 204, 4),
(1391, 0.25, 18, 2, 204, 10),
(1392, 0.25, 18, 2, 204, 11),
(1393, 0.25, 15, 1, 205, 1),
(1394, 0.25, 15, 1, 205, 2),
(1395, 0.25, 18, 2, 205, 3),
(1396, 0.25, 18, 2, 205, 4),
(1397, 0.25, 18, 2, 205, 10),
(1398, 0.25, 18, 2, 205, 11),
(1399, 0.25, 15, 1, 206, 1),
(1400, 0.25, 15, 1, 206, 2),
(1401, 0.25, 18, 1, 206, 3),
(1402, 0.25, 18, 1, 206, 4),
(1403, 0.25, 18, 1, 206, 10),
(1404, 0.25, 18, 1, 206, 11),
(1405, 0.25, 6, 1, 207, 1),
(1406, 0.25, 8, 1, 207, 2),
(1407, 0.25, 20, 2, 207, 3),
(1408, 0.25, 20, 2, 207, 4),
(1409, 0.25, 20, 2, 207, 10),
(1410, 0.25, 20, 2, 207, 11),
(1411, 1, 50, 1, 207, 3),
(1412, 1, 50, 1, 207, 4),
(1413, 1, 50, 1, 207, 10),
(1414, 1, 50, 1, 207, 11),
(1415, 0.25, 10, 1, 208, 1),
(1416, 0.25, 10, 1, 208, 2),
(1417, 0.25, 30, 2, 208, 3),
(1418, 0.25, 30, 2, 208, 4),
(1419, 0.25, 30, 2, 208, 10),
(1420, 0.25, 30, 2, 208, 11),
(1421, 0.25, 30, 2, 24, 3),
(1422, 0.25, 30, 2, 24, 4),
(1423, 0.25, 30, 2, 24, 10),
(1424, 0.25, 30, 2, 24, 11),
(1425, 0.5, 25, 1, 209, 1),
(1426, 0.5, 25, 1, 209, 2),
(1427, 0.5, 50, 2, 209, 3),
(1428, 0.5, 50, 2, 209, 4),
(1429, 0.5, 50, 2, 209, 10),
(1430, 0.5, 50, 2, 209, 11),
(1431, 0.5, 50, 1, 210, 1),
(1432, 0.5, 25, 1, 210, 2),
(1433, 0.5, 50, 2, 210, 3),
(1434, 0.5, 50, 2, 210, 4),
(1435, 0.5, 50, 2, 210, 10),
(1436, 0.5, 50, 2, 210, 11),
(1437, 1, 35, 1, 120, 3),
(1438, 1, 35, 1, 120, 4),
(1439, 1, 35, 1, 120, 10),
(1440, 1, 35, 1, 120, 11),
(1441, 0.1, 30, 1, 25, 1),
(1446, 0.25, 30, 2, 25, 3),
(1447, 0.25, 30, 2, 25, 4),
(1448, 0.1, 30, 2, 25, 10),
(1449, 0.1, 30, 2, 25, 11),
(1450, 0.25, 5, 1, 211, 1),
(1451, 0.25, 10, 1, 211, 2),
(1452, 0.25, 20, 2, 211, 3),
(1453, 0.25, 20, 2, 211, 4),
(1454, 0.25, 20, 2, 211, 10),
(1455, 0.25, 20, 2, 211, 11),
(1456, 0.25, 20, 2, 211, 12),
(1457, 0.25, 5, 1, 212, 1),
(1458, 0.25, 10, 1, 212, 2),
(1459, 0.25, 20, 2, 212, 3),
(1460, 0.25, 20, 2, 212, 4),
(1461, 0.25, 20, 2, 212, 10),
(1462, 0.25, 20, 2, 212, 11),
(1463, 0.25, 20, 2, 212, 12),
(1464, 0.25, 5, 1, 213, 1),
(1465, 0.25, 10, 1, 213, 2),
(1466, 0.25, 20, 2, 213, 3),
(1467, 0.25, 20, 2, 213, 4),
(1468, 0.25, 20, 2, 213, 10),
(1469, 0.25, 20, 2, 213, 11),
(1470, 0.25, 20, 2, 213, 12),
(1471, 0.25, 5, 1, 214, 1),
(1472, 0.25, 10, 1, 214, 2),
(1473, 0.25, 20, 2, 214, 3),
(1474, 0.25, 20, 2, 214, 4),
(1475, 0.25, 20, 2, 214, 10),
(1476, 0.25, 20, 2, 214, 11),
(1477, 0.25, 20, 2, 214, 12),
(1478, 1, 20, 1, 215, 1),
(1479, 1, 30, 1, 215, 2),
(1484, 1, 90, 2, 215, 3),
(1485, 1, 90, 2, 215, 4),
(1486, 1, 90, 2, 215, 10),
(1487, 1, 90, 2, 215, 11),
(1492, 1, 60, 1, 215, 3),
(1493, 1, 60, 1, 215, 4),
(1494, 1, 60, 1, 215, 10),
(1495, 1, 60, 1, 215, 11),
(1496, 1000, 10, 1, 217, 1),
(1497, 1000, 30, 1, 217, 2),
(1498, 1000, 90, 2, 217, 3),
(1499, 1000, 90, 2, 217, 4),
(1500, 1000, 90, 2, 217, 10),
(1501, 1000, 90, 2, 217, 11),
(1502, 1000, 90, 2, 217, 12),
(1503, 1000, 60, 1, 217, 3),
(1504, 0.25, 10, 1, 218, 1),
(1510, 0.25, 10, 1, 218, 2),
(1511, 0.25, 30, 2, 218, 3),
(1512, 0.25, 30, 2, 218, 4),
(1513, 0.25, 30, 2, 218, 10),
(1514, 0.25, 30, 2, 218, 11),
(1515, 1, 20, 1, 219, 1),
(1516, 1, 40, 1, 219, 2),
(1517, 1, 80, 2, 219, 3),
(1518, 1, 80, 2, 219, 4),
(1519, 1, 80, 2, 219, 10),
(1520, 1, 80, 2, 219, 11),
(1521, 0.5, 25, 1, 220, 1),
(1522, 0.5, 25, 1, 220, 2),
(1527, 0.5, 50, 2, 220, 3),
(1528, 0.5, 50, 2, 220, 4),
(1529, 0.5, 50, 2, 220, 10),
(1530, 0.5, 50, 2, 220, 11),
(1531, 1, 50, 1, 71, 3),
(1532, 1, 50, 1, 71, 4),
(1533, 1, 50, 1, 71, 10),
(1534, 1, 50, 1, 71, 11),
(1542, 1000, 10, 1, 221, 1),
(1543, 1000, 30, 1, 221, 2),
(1544, 1000, 90, 2, 221, 3),
(1545, 1000, 90, 2, 221, 4),
(1546, 1000, 90, 2, 221, 10),
(1547, 1000, 90, 2, 221, 11),
(1548, 1000, 90, 2, 221, 12),
(1549, 0.25, 15, 1, 223, 1),
(1550, 0.25, 15, 1, 223, 2),
(1551, 0.25, 50, 2, 223, 3),
(1552, 0.25, 50, 2, 223, 4),
(1553, 0.25, 50, 2, 223, 10),
(1554, 0.25, 50, 2, 223, 11),
(1555, 1, 35, 1, 13, 3),
(1556, 1, 35, 1, 13, 4),
(1557, 1, 35, 1, 13, 10),
(1558, 1, 35, 1, 13, 11),
(1559, 1, 10, 1, 222, 1),
(1560, 1, 30, 1, 222, 2),
(1561, 1, 90, 2, 222, 3),
(1562, 1, 90, 2, 222, 4),
(1563, 1, 90, 2, 222, 10),
(1564, 1, 90, 2, 222, 11),
(1565, 1, 90, 2, 222, 12),
(1566, 0.5, 25, 1, 121, 1),
(1567, 0.5, 25, 1, 121, 2),
(1568, 0.5, 50, 2, 121, 3),
(1569, 0.5, 50, 2, 121, 4),
(1570, 0.5, 50, 2, 121, 10),
(1571, 0.5, 50, 2, 121, 11),
(1572, 0.5, 50, 2, 121, 12),
(1573, 0.5, 10, 1, 225, 1),
(1574, 0.5, 20, 1, 225, 2),
(1575, 1, 12, 1, 227, 1),
(1576, 1, 15, 1, 227, 2),
(1577, 1, 60, 2, 227, 3),
(1578, 1, 60, 2, 227, 4),
(1579, 1, 60, 2, 227, 10),
(1580, 1, 60, 2, 227, 11),
(1581, 1, 60, 2, 227, 12),
(1582, 0.5, 5, 1, 228, 1),
(1583, 0.25, 7, 1, 228, 2),
(1584, 0.25, 20, 2, 228, 3),
(1585, 0.25, 20, 2, 228, 4),
(1586, 0.25, 20, 2, 228, 10),
(1587, 0.25, 20, 2, 228, 11),
(1588, 0.25, 20, 2, 228, 12),
(1589, 0.5, 5, 1, 229, 1),
(1590, 0.5, 10, 1, 229, 2),
(1591, 0.5, 35, 2, 229, 3),
(1592, 0.5, 35, 2, 229, 4),
(1593, 0.5, 35, 2, 229, 10),
(1594, 0.5, 35, 2, 229, 11),
(1595, 0.5, 35, 2, 229, 12),
(1596, 0.5, 10, 1, 230, 1),
(1597, 0.5, 15, 1, 230, 2),
(1598, 0.5, 25, 2, 230, 3),
(1599, 0.5, 25, 2, 230, 4),
(1600, 0.5, 25, 2, 230, 10),
(1601, 0.5, 25, 2, 230, 11),
(1602, 0.5, 25, 2, 230, 12),
(1603, 0.5, 10, 1, 231, 1),
(1604, 0.5, 15, 1, 231, 2),
(1605, 0.5, 30, 2, 231, 3),
(1606, 0.5, 30, 2, 231, 4),
(1607, 0.5, 30, 2, 231, 10),
(1608, 0.5, 30, 2, 231, 11),
(1609, 0.5, 30, 2, 231, 12),
(1610, 0.25, 10, 1, 233, 1),
(1611, 0.25, 10, 1, 233, 2),
(1612, 0.25, 20, 2, 233, 3),
(1613, 0.25, 20, 2, 233, 4),
(1614, 0.25, 20, 2, 233, 10),
(1615, 0.25, 20, 2, 233, 11),
(1616, 0.25, 20, 2, 233, 12),
(1617, 0.5, 10, 1, 234, 1),
(1618, 0.5, 12, 1, 234, 2),
(1619, 0.5, 30, 2, 234, 3),
(1620, 0.5, 30, 2, 234, 4),
(1621, 0.5, 30, 2, 234, 10),
(1622, 0.5, 30, 2, 234, 11),
(1623, 0.5, 30, 2, 234, 12),
(1624, 0.25, 5, 1, 235, 1),
(1625, 0.25, 10, 1, 235, 2),
(1626, 0.25, 30, 2, 235, 3),
(1627, 0.25, 30, 2, 235, 4),
(1628, 0.5, 30, 2, 235, 10),
(1629, 0.5, 30, 2, 235, 11),
(1630, 0.5, 30, 2, 235, 12),
(1631, 0.25, 5, 1, 236, 1),
(1632, 0.25, 10, 1, 236, 2),
(1633, 0.25, 25, 2, 236, 3),
(1634, 0.25, 25, 2, 236, 4),
(1635, 0.25, 25, 2, 236, 10),
(1636, 0.25, 25, 2, 236, 11),
(1637, 0.25, 25, 2, 236, 12),
(1638, 0.5, 10, 1, 237, 1),
(1639, 0.5, 10, 1, 237, 2),
(1640, 0.25, 30, 2, 237, 3),
(1641, 0.25, 30, 2, 237, 4),
(1642, 0.25, 30, 2, 237, 10),
(1643, 0.25, 30, 2, 237, 11),
(1644, 0.25, 30, 2, 237, 12),
(1645, 0.5, 10, 1, 238, 1),
(1646, 0.5, 20, 1, 238, 2),
(1647, 0.25, 20, 2, 238, 3),
(1648, 0.25, 20, 2, 238, 4),
(1649, 0.25, 20, 2, 238, 10),
(1650, 0.25, 20, 2, 238, 11),
(1651, 0.25, 20, 2, 238, 12),
(1652, 0.25, 10, 1, 239, 1),
(1653, 0.5, 20, 1, 239, 2),
(1654, 0.5, 30, 2, 239, 3),
(1655, 0.5, 30, 2, 239, 4),
(1656, 0.5, 30, 2, 239, 10),
(1657, 0.5, 30, 2, 239, 11),
(1658, 0.5, 30, 2, 239, 12),
(1659, 0.5, 10, 1, 240, 1),
(1660, 0.5, 15, 1, 240, 2),
(1661, 0.25, 25, 2, 240, 3),
(1662, 0.25, 25, 2, 240, 4),
(1663, 0.25, 25, 2, 240, 10),
(1664, 0.25, 25, 2, 240, 11),
(1665, 0.25, 25, 2, 240, 12),
(1666, 0.5, 25, 1, 242, 1),
(1667, 0.5, 25, 1, 242, 2),
(1668, 0.5, 50, 2, 242, 3),
(1669, 0.5, 50, 2, 242, 4),
(1670, 0.5, 50, 2, 242, 10),
(1671, 0.5, 50, 2, 242, 11),
(1672, 0.5, 50, 2, 242, 12),
(1673, 0.5, 25, 1, 244, 1),
(1674, 0.5, 25, 1, 244, 2),
(1675, 0.5, 50, 2, 244, 3),
(1676, 0.5, 50, 2, 244, 4),
(1677, 0.5, 50, 2, 244, 10),
(1678, 0.5, 50, 2, 244, 11),
(1679, 0.5, 50, 2, 244, 12),
(1680, 0.5, 25, 1, 245, 1),
(1681, 0.5, 25, 1, 245, 2),
(1682, 0.5, 50, 2, 245, 3),
(1683, 0.5, 50, 2, 245, 4),
(1684, 0.5, 50, 2, 245, 10),
(1685, 0.5, 50, 2, 245, 11),
(1686, 0.5, 50, 2, 245, 12),
(1687, 0.5, 25, 1, 248, 1),
(1688, 0.5, 25, 1, 248, 2),
(1689, 0.5, 50, 2, 248, 3),
(1690, 0.5, 50, 2, 248, 4),
(1691, 0.5, 50, 2, 248, 10),
(1692, 0.5, 50, 2, 248, 11),
(1693, 0.5, 50, 2, 248, 12),
(1694, 0.5, 25, 1, 243, 1),
(1695, 0.5, 25, 1, 243, 2),
(1696, 0.5, 50, 2, 243, 3),
(1697, 0.5, 50, 2, 243, 4),
(1698, 0.5, 50, 2, 243, 10),
(1699, 0.5, 50, 2, 243, 11),
(1700, 0.5, 50, 2, 243, 12),
(1701, 0.5, 25, 1, 246, 1),
(1702, 0.5, 25, 1, 246, 2),
(1703, 0.5, 50, 2, 246, 3),
(1704, 0.5, 50, 2, 246, 4),
(1705, 0.5, 50, 2, 246, 10),
(1706, 0.5, 50, 2, 246, 11),
(1707, 0.5, 50, 2, 246, 12),
(1708, 0.5, 10, 1, 247, 1),
(1709, 0.5, 20, 1, 247, 2),
(1710, 0.5, 30, 2, 247, 3),
(1711, 0.5, 30, 2, 247, 4),
(1712, 0.5, 30, 2, 247, 10),
(1713, 0.5, 30, 2, 247, 11),
(1714, 0.5, 30, 2, 247, 12),
(1715, 0.25, 5, 1, 249, 1),
(1716, 0.25, 10, 1, 249, 2),
(1717, 0.25, 20, 2, 249, 3),
(1718, 0.25, 20, 2, 249, 4),
(1719, 0.25, 20, 2, 249, 10),
(1720, 0.25, 20, 2, 249, 11),
(1721, 0.25, 20, 2, 249, 12),
(1722, 1, 20, 1, 250, 1),
(1723, 1, 40, 1, 250, 2),
(1724, 1, 70, 2, 250, 3),
(1725, 1, 70, 2, 250, 4),
(1726, 1, 70, 2, 250, 10),
(1727, 1, 70, 2, 250, 11),
(1728, 1, 70, 2, 250, 12),
(1729, 1, 40, 2, 34, 3),
(1730, 1, 40, 2, 34, 4),
(1731, 1, 40, 2, 34, 10),
(1732, 1, 40, 2, 34, 11),
(1733, 1, 30, 2, 15, 3),
(1734, 1, 30, 2, 15, 4),
(1735, 1, 30, 2, 15, 10),
(1736, 1, 30, 2, 15, 11),
(1737, 1, 4, 1, 251, 1),
(1738, 1, 8, 1, 251, 2),
(1744, 1, 4, 1, 252, 1),
(1745, 1, 8, 1, 252, 2),
(1746, 1, 40, 1, 252, 3),
(1747, 1, 40, 1, 252, 4),
(1748, 1, 40, 1, 252, 10),
(1749, 1, 40, 1, 252, 11),
(1750, 1, 40, 1, 252, 12),
(1751, 0.25, 20, 1, 253, 1),
(1752, 0.25, 30, 1, 253, 2),
(1753, 0.25, 30, 1, 253, 3),
(1754, 0.25, 30, 2, 253, 3),
(1755, 0.25, 30, 2, 253, 4),
(1756, 0.25, 30, 2, 253, 10),
(1757, 0.25, 30, 2, 253, 11),
(1758, 0.25, 10, 1, 254, 1),
(1759, 0.25, 10, 1, 254, 2),
(1760, 0.25, 20, 2, 254, 3),
(1761, 0.25, 20, 2, 254, 4),
(1762, 0.25, 20, 2, 254, 10),
(1763, 0.25, 20, 2, 254, 11),
(1764, 0.5, 25, 1, 255, 1),
(1765, 0.5, 25, 1, 255, 2),
(1766, 0.5, 50, 2, 255, 3),
(1767, 0.5, 50, 2, 255, 4),
(1768, 0.5, 50, 2, 255, 10),
(1769, 0.5, 50, 2, 255, 11),
(1770, 0.5, 25, 1, 256, 1),
(1771, 0.5, 25, 1, 256, 2),
(1772, 0.5, 50, 2, 256, 3),
(1773, 0.5, 50, 2, 256, 4),
(1774, 0.5, 50, 2, 256, 10),
(1775, 0.5, 50, 2, 256, 11),
(1776, 0.5, 10, 1, 257, 1),
(1777, 0.5, 10, 1, 257, 2),
(1778, 0.5, 20, 1, 257, 3),
(1779, 0.5, 30, 2, 257, 3),
(1780, 0.5, 20, 2, 257, 4),
(1781, 0.5, 20, 2, 257, 10),
(1782, 0.5, 30, 2, 257, 11),
(1783, 0.25, 20, 2, 113, 12),
(1784, 1, 10, 1, 258, 1),
(1785, 1, 30, 1, 258, 2),
(1786, 1, 80, 2, 258, 3),
(1787, 1, 80, 2, 258, 4),
(1788, 1, 80, 2, 258, 10),
(1789, 1, 80, 2, 258, 11),
(1790, 1, 26, 1, 259, 3),
(1792, 0.25, 15, 2, 13, 12),
(1793, 1, 20, 1, 182, 1),
(1794, 1, 40, 1, 182, 2),
(1795, 1, 100, 2, 182, 3),
(1796, 1, 100, 2, 182, 4),
(1797, 1, 100, 2, 182, 10),
(1798, 1, 100, 2, 182, 11),
(1799, 1, 100, 2, 182, 12);

-- --------------------------------------------------------

--
-- Table structure for table `tbl_received_amt`
--

CREATE TABLE `tbl_received_amt` (
  `RID` int(11) NOT NULL,
  `Receipt_No` varchar(100) NOT NULL,
  `Payment_Date` date NOT NULL,
  `Payment_Mode` varchar(100) NOT NULL,
  `Cheque_DD_No` varchar(100) NOT NULL,
  `Transaction_No` varchar(100) NOT NULL,
  `Bank_Id` int(11) NOT NULL,
  `Narration` varchar(100) NOT NULL,
  `Payment_Received` double NOT NULL,
  `TDS` double NOT NULL,
  `Bad_Debt` double NOT NULL,
  `Total_invoices_Amt` double NOT NULL
) ENGINE=InnoDB DEFAULT CHARSET=latin1;

-- --------------------------------------------------------

--
-- Table structure for table `tbl_received_amt_details`
--

CREATE TABLE `tbl_received_amt_details` (
  `S_No` int(11) NOT NULL,
  `Invoice_Id` int(11) NOT NULL,
  `Received_Amt` double NOT NULL,
  `RID` varchar(100) NOT NULL,
  `Client_Id` int(11) NOT NULL
) ENGINE=InnoDB DEFAULT CHARSET=latin1;

-- --------------------------------------------------------

--
-- Table structure for table `tbl_states`
--

CREATE TABLE `tbl_states` (
  `State_Id` tinyint(4) NOT NULL,
  `State_Code` varchar(20) NOT NULL,
  `State_Name` varchar(50) NOT NULL,
  `Zone_Id` tinyint(4) NOT NULL
) ENGINE=InnoDB DEFAULT CHARSET=latin1;

--
-- Dumping data for table `tbl_states`
--

INSERT INTO `tbl_states` (`State_Id`, `State_Code`, `State_Name`, `Zone_Id`) VALUES
(1, 'WTST', 'WITHIN STATE', 2),
(2, 'MH', 'MAHARSHTRA', 4),
(3, 'AP', 'ANDHRA PRADESH', 11),
(4, 'WB', 'WEST BANGAL', 3),
(5, 'TN', 'TAMILNADU', 11),
(6, 'MP', 'MADHYA PRADESH', 10),
(7, 'GJ', 'GUJRAT', 4),
(8, 'GA', 'GOA', 4),
(9, 'AR', 'ARUNACHAL PRADESH', 12),
(10, 'AS', 'ASSAM', 12),
(11, 'BR', 'BIHAR', 3),
(12, 'HR', 'HARYANA', 10),
(13, 'HP', 'HIMACHAL PRADESH', 10),
(14, 'JK', 'JAMMU AND KASHMIR', 10),
(15, 'JH', 'JHARKHAND', 3),
(16, 'KA', 'KARNATKA', 11),
(17, 'KL', 'KERLA', 11),
(18, 'MN', 'MANIPUR', 12),
(19, 'ML', 'MEGHALAYA', 12),
(20, 'MZ', 'MIZORAM', 12),
(21, 'NL', 'NAGALAND', 12),
(22, 'OR', 'ORISSA', 3),
(23, 'PB', 'PUNJAB', 10),
(24, 'RJ', 'RAJASTHAN', 10),
(25, 'SK', 'SIKKIM', 12),
(26, 'TR', 'TRIPURA', 12),
(27, 'UP', 'UTTAR PRADESH', 10),
(28, 'UT', 'UTTARAKHAND', 10),
(29, 'CH', 'CHANDIGARH', 10),
(30, 'DL', 'DELHI', 10),
(31, 'DN', 'DADRA NAGAR AND HAVELI', 4),
(32, 'DD', 'DAMAN AND DIU', 4),
(33, 'PY', 'PONDICHERRY', 11),
(34, 'WTCY', 'WITHIN CITY', 1),
(35, 'CG', 'CHHATTISGARH', 10);

-- --------------------------------------------------------

--
-- Table structure for table `tbl_taxes`
--

CREATE TABLE `tbl_taxes` (
  `IGST` float NOT NULL,
  `SGST` float NOT NULL,
  `CGST` float NOT NULL,
  `Service_Tax` float NOT NULL,
  `SB_Tax` float NOT NULL,
  `KKC_Tax` float NOT NULL
) ENGINE=InnoDB DEFAULT CHARSET=latin1;

--
-- Dumping data for table `tbl_taxes`
--

INSERT INTO `tbl_taxes` (`IGST`, `SGST`, `CGST`, `Service_Tax`, `SB_Tax`, `KKC_Tax`) VALUES
(18, 9, 9, 14, 0.5, 0.5);

-- --------------------------------------------------------

--
-- Table structure for table `tbl_weight_rate_relation`
--

CREATE TABLE `tbl_weight_rate_relation` (
  `Weight_Id` int(11) NOT NULL,
  `Weight_From` decimal(6,2) NOT NULL,
  `Weight_To` decimal(6,2) NOT NULL,
  `Amount` decimal(10,2) NOT NULL,
  `Rate_Id` int(11) NOT NULL
) ENGINE=InnoDB DEFAULT CHARSET=latin1;

--
-- Dumping data for table `tbl_weight_rate_relation`
--

INSERT INTO `tbl_weight_rate_relation` (`Weight_Id`, `Weight_From`, `Weight_To`, `Amount`, `Rate_Id`) VALUES
(9, '0.00', '0.25', '20.00', 5),
(10, '0.25', '0.50', '40.00', 5),
(11, '0.00', '0.25', '20.00', 6),
(12, '0.25', '0.50', '40.00', 6),
(13, '0.00', '0.25', '20.00', 7),
(14, '0.25', '0.50', '40.00', 7),
(15, '0.00', '0.25', '20.00', 8),
(16, '0.25', '0.50', '40.00', 8),
(17, '0.00', '0.25', '20.00', 9),
(18, '0.25', '0.50', '40.00', 9),
(19, '0.00', '0.25', '20.00', 10),
(20, '0.25', '0.50', '40.00', 10),
(21, '0.00', '0.10', '6.00', 11),
(22, '0.10', '0.25', '8.00', 11),
(23, '0.25', '0.50', '13.00', 11),
(24, '0.50', '1.00', '23.00', 11),
(29, '0.00', '0.10', '10.00', 13),
(30, '0.10', '0.25', '15.00', 13),
(31, '0.25', '0.50', '25.00', 13),
(32, '0.50', '1.00', '45.00', 13),
(37, '0.00', '0.10', '18.00', 15),
(38, '0.10', '0.25', '23.00', 15),
(39, '0.25', '0.50', '45.00', 15),
(40, '0.50', '1.00', '80.00', 15),
(41, '0.00', '0.10', '18.00', 16),
(42, '0.10', '0.25', '23.00', 16),
(43, '0.25', '0.50', '45.00', 16),
(44, '0.50', '1.00', '80.00', 16),
(45, '0.00', '0.10', '18.00', 17),
(46, '0.10', '0.25', '23.00', 17),
(47, '0.25', '0.50', '45.00', 17),
(48, '0.50', '1.00', '80.00', 17),
(49, '0.00', '0.10', '18.00', 18),
(50, '0.10', '0.25', '23.00', 18),
(51, '0.25', '0.50', '45.00', 18),
(52, '0.50', '1.00', '80.00', 18),
(53, '0.00', '0.10', '18.00', 19),
(54, '0.10', '0.25', '23.00', 19),
(55, '0.25', '0.50', '45.00', 19),
(56, '0.50', '1.00', '80.00', 19),
(57, '0.00', '0.10', '18.00', 20),
(58, '0.10', '0.25', '23.00', 20),
(59, '0.25', '0.50', '45.00', 20),
(60, '0.50', '1.00', '80.00', 20),
(135, '0.00', '0.25', '6.00', 34),
(136, '0.25', '0.50', '12.00', 34),
(137, '0.50', '0.75', '18.00', 34),
(138, '0.75', '1.00', '20.00', 34),
(139, '0.00', '0.25', '10.00', 35),
(140, '0.25', '0.50', '20.00', 35),
(141, '0.50', '0.75', '27.00', 35),
(142, '0.75', '1.00', '34.00', 35),
(143, '0.00', '0.25', '20.00', 36),
(144, '0.25', '0.50', '40.00', 36),
(145, '0.50', '0.75', '55.00', 36),
(146, '0.75', '1.00', '70.00', 36),
(147, '0.00', '0.25', '20.00', 37),
(148, '0.25', '0.50', '40.00', 37),
(149, '0.50', '0.75', '55.00', 37),
(150, '0.75', '1.00', '70.00', 37),
(151, '0.00', '0.25', '20.00', 38),
(152, '0.25', '0.50', '40.00', 38),
(153, '0.50', '0.75', '55.00', 38),
(154, '0.75', '1.00', '70.00', 38),
(155, '0.00', '0.25', '20.00', 39),
(156, '0.25', '0.50', '40.00', 39),
(157, '0.50', '0.75', '55.00', 39),
(158, '0.75', '1.00', '70.00', 39),
(159, '0.00', '0.25', '20.00', 40),
(160, '0.25', '0.50', '40.00', 40),
(161, '0.50', '0.75', '55.00', 40),
(162, '0.75', '1.00', '70.00', 40),
(163, '0.00', '0.25', '20.00', 41),
(164, '0.25', '0.50', '40.00', 41),
(165, '0.50', '0.75', '55.00', 41),
(166, '0.75', '1.00', '70.00', 41),
(167, '1.00', '1.00', '35.00', 42),
(168, '1.00', '2.00', '70.00', 42),
(169, '2.00', '3.00', '105.00', 42),
(170, '3.00', '4.00', '140.00', 42),
(171, '4.00', '5.00', '175.00', 42),
(172, '5.00', '6.00', '210.00', 42),
(173, '6.00', '7.00', '245.00', 42),
(174, '7.00', '8.00', '280.00', 42),
(180, '0.10', '1.00', '35.00', 48),
(181, '0.10', '1.00', '35.00', 49),
(182, '0.10', '1.00', '35.00', 50),
(183, '0.10', '1.00', '35.00', 51),
(184, '0.10', '1.00', '35.00', 52),
(190, '0.00', '0.10', '15.00', 54),
(191, '0.10', '0.25', '15.00', 54),
(192, '0.25', '0.50', '20.00', 54),
(193, '0.50', '0.75', '30.00', 54),
(194, '0.75', '1.00', '40.00', 54),
(195, '0.00', '0.10', '25.00', 55),
(196, '0.10', '0.25', '30.00', 55),
(197, '0.25', '0.50', '40.00', 55),
(198, '0.50', '0.75', '70.00', 55),
(199, '0.75', '1.00', '100.00', 55),
(200, '0.00', '0.10', '25.00', 56),
(201, '0.10', '0.25', '30.00', 56),
(202, '0.25', '0.50', '40.00', 56),
(203, '0.50', '0.75', '70.00', 56),
(204, '0.75', '1.00', '100.00', 56),
(205, '0.00', '0.10', '25.00', 57),
(206, '0.10', '0.25', '30.00', 57),
(207, '0.25', '0.50', '40.00', 57),
(208, '0.50', '0.75', '70.00', 57),
(209, '0.75', '1.00', '100.00', 57),
(215, '0.00', '0.10', '25.00', 59),
(216, '0.10', '0.25', '30.00', 59),
(217, '0.25', '0.50', '40.00', 59),
(218, '0.50', '0.75', '70.00', 59),
(219, '0.75', '1.00', '100.00', 59),
(220, '0.00', '0.10', '25.00', 58),
(221, '0.10', '0.25', '30.00', 58),
(222, '0.25', '0.50', '40.00', 58),
(223, '0.50', '0.75', '70.00', 58),
(224, '0.75', '1.00', '100.00', 58),
(230, '0.00', '0.10', '10.00', 60),
(231, '0.10', '0.25', '15.00', 60),
(232, '0.25', '0.50', '20.00', 60),
(233, '0.50', '0.75', '30.00', 60),
(234, '0.75', '1.00', '40.00', 60),
(235, '0.00', '0.10', '15.00', 61),
(236, '0.10', '0.25', '20.00', 61),
(237, '0.25', '0.50', '30.00', 61),
(238, '0.50', '0.75', '45.00', 61),
(239, '0.75', '1.00', '60.00', 61),
(240, '0.00', '0.10', '25.00', 62),
(241, '0.10', '0.25', '30.00', 62),
(242, '0.25', '0.50', '50.00', 62),
(243, '0.50', '0.75', '75.00', 62),
(244, '0.75', '1.00', '100.00', 62),
(245, '0.00', '0.10', '25.00', 63),
(246, '0.10', '0.25', '35.00', 63),
(247, '0.25', '0.50', '50.00', 63),
(248, '0.50', '0.75', '75.00', 63),
(249, '0.75', '1.00', '100.00', 63),
(250, '0.00', '0.10', '25.00', 64),
(251, '0.10', '0.25', '35.00', 64),
(252, '0.25', '0.50', '50.00', 64),
(253, '0.50', '0.75', '75.00', 64),
(254, '0.75', '1.00', '100.00', 64),
(255, '0.00', '0.10', '25.00', 65),
(256, '0.10', '0.25', '35.00', 65),
(257, '0.25', '0.50', '50.00', 65),
(258, '0.50', '0.75', '75.00', 65),
(259, '0.75', '1.00', '100.00', 65),
(260, '0.00', '0.10', '25.00', 66),
(261, '0.10', '0.25', '35.00', 66),
(262, '0.25', '0.50', '50.00', 66),
(263, '0.50', '0.75', '75.00', 66),
(264, '0.75', '1.00', '100.00', 66),
(265, '0.00', '0.10', '10.00', 67),
(266, '0.10', '0.25', '10.00', 67),
(267, '0.25', '0.50', '15.00', 67),
(268, '0.10', '0.25', '30.00', 68),
(269, '0.25', '0.50', '45.00', 68),
(270, '0.50', '0.75', '65.00', 68),
(271, '0.75', '1.00', '85.00', 68),
(274, '0.10', '0.25', '30.00', 70),
(275, '0.25', '0.50', '45.00', 70),
(276, '0.50', '0.75', '65.00', 70),
(277, '0.75', '1.00', '85.00', 70),
(278, '0.10', '0.25', '30.00', 71),
(279, '0.25', '0.50', '45.00', 71),
(280, '0.50', '0.75', '65.00', 71),
(281, '0.75', '1.00', '85.00', 71),
(282, '0.10', '0.25', '15.00', 72),
(283, '0.25', '0.50', '20.00', 72),
(284, '0.10', '0.25', '30.00', 73),
(285, '0.25', '0.50', '45.00', 73),
(286, '0.10', '0.25', '12.00', 74),
(287, '0.25', '0.50', '22.00', 74),
(290, '0.10', '0.25', '30.00', 76),
(291, '0.25', '0.50', '60.00', 76),
(292, '0.10', '0.25', '30.00', 77),
(293, '0.25', '0.50', '60.00', 77),
(294, '0.10', '0.25', '35.00', 78),
(295, '0.25', '0.50', '70.00', 78),
(296, '0.10', '0.25', '80.00', 79),
(297, '0.25', '0.50', '150.00', 79),
(298, '0.10', '0.25', '15.00', 80),
(299, '0.25', '0.50', '28.00', 80),
(300, '0.10', '0.25', '20.00', 81),
(301, '0.25', '0.50', '30.00', 81),
(302, '0.10', '0.25', '35.00', 82),
(303, '0.25', '0.50', '60.00', 82),
(306, '0.10', '0.25', '35.00', 84),
(307, '0.25', '0.50', '60.00', 84),
(310, '0.10', '0.25', '80.00', 86),
(311, '0.25', '0.50', '150.00', 86),
(318, '0.10', '0.25', '10.00', 87),
(319, '0.25', '0.50', '20.00', 87),
(320, '0.10', '0.25', '15.00', 88),
(321, '0.25', '0.50', '30.00', 88),
(322, '0.10', '0.25', '35.00', 89),
(323, '0.25', '0.50', '70.00', 89),
(324, '0.10', '0.25', '35.00', 90),
(325, '0.25', '0.50', '70.00', 90),
(326, '0.10', '0.25', '35.00', 91),
(327, '0.25', '0.50', '70.00', 91),
(328, '0.10', '0.25', '40.00', 92),
(329, '0.25', '0.50', '80.00', 92),
(330, '0.10', '0.25', '80.00', 93),
(331, '0.25', '0.50', '150.00', 93),
(332, '0.10', '0.25', '15.00', 94),
(333, '0.25', '0.50', '25.00', 94),
(334, '0.10', '0.25', '15.00', 95),
(335, '0.25', '0.50', '10.00', 95),
(336, '0.10', '0.25', '30.00', 96),
(337, '0.25', '0.50', '60.00', 96),
(338, '0.10', '0.25', '30.00', 97),
(339, '0.25', '0.50', '60.00', 97),
(340, '0.10', '0.25', '30.00', 98),
(341, '0.25', '0.50', '60.00', 98),
(342, '0.10', '0.25', '30.00', 99),
(343, '0.25', '0.50', '60.00', 99),
(344, '0.10', '0.25', '80.00', 100),
(345, '0.25', '0.50', '150.00', 100),
(346, '0.10', '0.25', '8.00', 101),
(347, '0.25', '0.50', '21.00', 101),
(348, '0.10', '0.25', '20.00', 102),
(349, '0.25', '0.50', '30.00', 102),
(350, '0.10', '0.25', '28.00', 103),
(351, '0.25', '0.50', '53.00', 103),
(352, '0.10', '0.25', '28.00', 104),
(353, '0.25', '0.50', '58.00', 104),
(354, '0.10', '0.25', '28.00', 105),
(355, '0.25', '0.50', '53.00', 105),
(356, '0.10', '0.25', '28.00', 106),
(357, '0.25', '0.50', '58.00', 106),
(358, '0.10', '0.25', '80.00', 107),
(359, '0.25', '0.50', '150.00', 107),
(360, '0.10', '0.25', '15.00', 108),
(361, '0.25', '0.50', '28.00', 108),
(362, '0.10', '0.25', '25.00', 109),
(363, '0.25', '0.50', '45.00', 109),
(364, '0.10', '0.25', '50.00', 110),
(365, '0.25', '0.50', '85.00', 110),
(366, '0.10', '0.25', '50.00', 111),
(367, '0.25', '0.50', '50.00', 111),
(368, '0.10', '0.25', '50.00', 112),
(369, '0.25', '0.50', '85.00', 112),
(370, '0.10', '0.25', '50.00', 113),
(371, '0.25', '0.50', '85.00', 113),
(372, '0.10', '0.25', '80.00', 114),
(373, '0.25', '0.50', '150.00', 114),
(374, '1.00', '1.00', '80.00', 115),
(375, '0.10', '0.25', '20.00', 75),
(376, '0.25', '0.50', '30.00', 75),
(377, '0.50', '1.00', '35.00', 75),
(378, '1.00', '1.00', '80.00', 116),
(379, '1.00', '1.00', '80.00', 117),
(380, '1.00', '1.00', '80.00', 118),
(381, '1.00', '1.00', '80.00', 119),
(382, '1.00', '1.00', '80.00', 120),
(383, '1.00', '1.00', '80.00', 121),
(384, '1.00', '1.00', '80.00', 122),
(385, '1.00', '1.00', '60.00', 123),
(386, '1.00', '1.00', '60.00', 124),
(387, '1.00', '1.00', '70.00', 125),
(388, '1.00', '1.00', '70.00', 126),
(389, '1.00', '1.00', '80.00', 127),
(390, '1.00', '1.00', '80.00', 128),
(391, '1.00', '1.00', '80.00', 129),
(415, '0.00', '0.10', '10.00', 141),
(416, '0.10', '0.25', '12.00', 141),
(417, '0.25', '0.50', '15.00', 141),
(418, '0.00', '0.10', '15.00', 142),
(419, '0.10', '0.25', '18.00', 142),
(420, '0.25', '0.50', '20.00', 142),
(421, '0.00', '0.10', '25.00', 143),
(422, '0.10', '0.25', '30.00', 143),
(423, '0.25', '0.50', '50.00', 143),
(424, '0.00', '0.10', '25.00', 144),
(425, '0.10', '0.25', '30.00', 144),
(426, '0.25', '0.50', '50.00', 144),
(427, '0.00', '0.10', '25.00', 145),
(428, '0.10', '0.25', '30.00', 145),
(429, '0.25', '0.50', '50.00', 145),
(430, '0.00', '0.10', '25.00', 146),
(431, '0.10', '0.25', '30.00', 146),
(432, '0.25', '0.50', '50.00', 146),
(433, '1.00', '1.00', '30.00', 147),
(434, '1.00', '1.00', '30.00', 148),
(435, '1.00', '1.00', '30.00', 149),
(436, '1.00', '1.00', '30.00', 150),
(437, '1.00', '1.00', '30.00', 151),
(438, '1.00', '1.00', '30.00', 152),
(439, '0.00', '0.10', '10.00', 153),
(440, '0.10', '0.25', '12.00', 153),
(441, '0.25', '0.50', '15.00', 153),
(442, '0.00', '0.10', '12.00', 154),
(443, '0.10', '0.25', '15.00', 154),
(444, '0.25', '0.50', '20.00', 154),
(445, '0.00', '0.10', '20.00', 155),
(446, '0.10', '0.25', '25.00', 155),
(447, '0.25', '0.50', '45.00', 155),
(448, '0.00', '0.10', '20.00', 156),
(449, '0.10', '0.25', '25.00', 156),
(450, '0.25', '0.50', '45.00', 156),
(451, '0.00', '0.10', '20.00', 157),
(452, '0.10', '0.25', '25.00', 157),
(453, '0.25', '0.50', '45.00', 157),
(454, '0.00', '0.10', '20.00', 158),
(455, '0.10', '0.25', '25.00', 158),
(456, '0.25', '0.50', '45.00', 158),
(457, '0.00', '0.10', '8.00', 159),
(458, '0.10', '0.25', '12.00', 159),
(459, '0.25', '0.50', '20.00', 159),
(460, '0.00', '0.10', '12.00', 160),
(461, '0.10', '0.25', '15.00', 160),
(462, '0.25', '0.50', '30.00', 160),
(463, '0.50', '0.75', '30.00', 160),
(464, '0.75', '1.00', '30.00', 160),
(477, '0.00', '0.10', '22.00', 165),
(478, '0.10', '0.25', '30.00', 165),
(479, '0.25', '0.50', '45.00', 165),
(480, '0.00', '0.10', '22.00', 166),
(481, '0.10', '0.25', '30.00', 166),
(482, '0.25', '0.50', '45.00', 166),
(483, '0.00', '0.10', '22.00', 167),
(484, '0.10', '0.25', '30.00', 167),
(485, '0.25', '0.50', '45.00', 167),
(486, '0.00', '0.10', '22.00', 168),
(487, '0.10', '0.25', '30.00', 168),
(488, '0.25', '0.50', '45.00', 168),
(489, '0.10', '0.25', '10.00', 169),
(490, '0.25', '0.50', '15.00', 169),
(491, '0.00', '0.10', '15.00', 170),
(492, '0.10', '0.25', '18.00', 170),
(493, '0.25', '0.50', '20.00', 170),
(494, '0.00', '0.10', '20.00', 171),
(495, '0.10', '0.25', '25.00', 171),
(496, '0.25', '0.50', '50.00', 171),
(497, '0.00', '0.10', '20.00', 172),
(498, '0.10', '0.25', '25.00', 172),
(499, '0.25', '0.50', '50.00', 172),
(500, '0.00', '0.10', '20.00', 173),
(501, '0.10', '0.25', '25.00', 173),
(502, '0.25', '0.50', '50.00', 173),
(503, '0.00', '0.10', '20.00', 174),
(504, '0.10', '0.25', '25.00', 174),
(505, '0.25', '0.50', '50.00', 174),
(506, '0.10', '0.25', '10.00', 175),
(507, '0.00', '0.10', '15.00', 176),
(508, '0.10', '0.25', '18.00', 176),
(509, '0.25', '0.50', '20.00', 176),
(510, '0.00', '0.10', '20.00', 177),
(511, '0.10', '0.25', '30.00', 177),
(512, '0.25', '0.50', '50.00', 177),
(513, '0.00', '0.10', '20.00', 178),
(514, '0.10', '0.25', '30.00', 178),
(515, '0.25', '0.50', '50.00', 178),
(516, '0.00', '0.10', '20.00', 179),
(517, '0.10', '0.25', '30.00', 179),
(518, '0.25', '0.50', '50.00', 179),
(519, '0.00', '0.10', '20.00', 180),
(520, '0.10', '0.25', '30.00', 180),
(521, '0.25', '0.50', '50.00', 180),
(522, '0.10', '0.25', '8.00', 181),
(523, '0.25', '0.50', '15.00', 181),
(524, '0.10', '0.25', '10.00', 182),
(525, '0.25', '0.50', '20.00', 182),
(526, '0.00', '0.10', '20.00', 183),
(527, '0.10', '0.25', '20.00', 183),
(528, '0.25', '0.50', '40.00', 183),
(535, '0.10', '0.25', '20.00', 187),
(536, '0.25', '0.50', '40.00', 187),
(537, '0.10', '0.25', '20.00', 188),
(538, '0.25', '0.50', '40.00', 188),
(539, '0.10', '0.25', '20.00', 189),
(540, '0.25', '0.50', '40.00', 189),
(541, '0.00', '0.10', '8.00', 190),
(542, '0.10', '0.25', '12.00', 190),
(543, '0.25', '0.50', '20.00', 190),
(544, '0.50', '1.00', '20.00', 190),
(545, '0.00', '0.10', '15.00', 191),
(546, '0.10', '0.25', '20.00', 191),
(547, '0.25', '0.50', '30.00', 191),
(548, '0.50', '1.00', '30.00', 191),
(549, '0.00', '0.10', '20.00', 192),
(550, '0.10', '0.25', '40.00', 192),
(551, '0.25', '0.50', '50.00', 192),
(552, '0.50', '1.00', '50.00', 192),
(553, '0.00', '0.10', '20.00', 193),
(554, '0.10', '0.25', '40.00', 193),
(555, '0.25', '0.50', '50.00', 193),
(556, '0.50', '1.00', '50.00', 193),
(557, '0.00', '0.10', '20.00', 194),
(558, '0.10', '0.25', '40.00', 194),
(559, '0.25', '0.50', '50.00', 194),
(560, '0.50', '1.00', '50.00', 194),
(561, '0.00', '0.10', '20.00', 195),
(562, '0.10', '0.25', '40.00', 195),
(563, '0.25', '0.50', '50.00', 195),
(564, '0.50', '1.00', '50.00', 195),
(565, '0.10', '0.25', '15.00', 196),
(566, '0.10', '0.25', '15.00', 197),
(567, '0.25', '0.50', '25.00', 197),
(568, '0.10', '0.25', '25.00', 198),
(569, '0.25', '0.50', '50.00', 198),
(570, '0.50', '1.00', '80.00', 198),
(571, '0.10', '0.25', '25.00', 199),
(572, '0.25', '0.50', '50.00', 199),
(573, '0.50', '1.00', '80.00', 199),
(574, '0.10', '0.25', '25.00', 200),
(575, '0.25', '0.50', '50.00', 200),
(576, '0.50', '1.00', '80.00', 200),
(577, '0.10', '0.25', '25.00', 201),
(578, '0.25', '0.50', '50.00', 201),
(579, '0.50', '1.00', '80.00', 201),
(580, '0.00', '0.10', '10.00', 202),
(581, '0.10', '0.25', '12.00', 202),
(582, '0.25', '0.50', '15.00', 202),
(583, '0.00', '0.10', '20.00', 203),
(584, '0.10', '0.25', '30.00', 203),
(585, '0.25', '0.50', '30.00', 203),
(586, '0.00', '0.10', '50.00', 204),
(587, '0.10', '0.25', '70.00', 204),
(588, '0.25', '0.50', '100.00', 204),
(589, '0.00', '0.10', '50.00', 205),
(590, '0.10', '0.25', '70.00', 205),
(591, '0.25', '0.50', '100.00', 205),
(592, '0.00', '0.10', '50.00', 206),
(593, '0.10', '0.25', '70.00', 206),
(594, '0.25', '0.50', '100.00', 206),
(595, '0.00', '0.10', '50.00', 207),
(596, '0.10', '0.25', '70.00', 207),
(597, '0.25', '0.50', '100.00', 207),
(599, '0.10', '0.25', '15.00', 209),
(600, '0.25', '0.50', '20.00', 209),
(601, '0.10', '0.25', '25.00', 210),
(602, '0.25', '0.50', '40.00', 210),
(603, '0.10', '0.25', '25.00', 211),
(604, '0.25', '0.50', '40.00', 211),
(605, '0.10', '0.25', '25.00', 212),
(606, '0.25', '0.50', '40.00', 212),
(607, '0.10', '0.25', '25.00', 213),
(608, '0.25', '0.50', '40.00', 213),
(609, '0.10', '0.25', '10.00', 208),
(610, '0.00', '0.10', '8.00', 214),
(611, '0.10', '0.25', '10.00', 214),
(612, '0.25', '0.50', '15.00', 214),
(613, '0.00', '0.10', '12.00', 215),
(614, '0.10', '0.25', '15.00', 215),
(615, '0.25', '0.50', '20.00', 215),
(616, '0.00', '0.10', '20.00', 216),
(617, '0.10', '0.25', '30.00', 216),
(618, '0.25', '0.50', '50.00', 216),
(619, '0.00', '0.10', '20.00', 217),
(620, '0.10', '0.25', '30.00', 217),
(621, '0.25', '0.50', '50.00', 217),
(622, '0.00', '0.10', '20.00', 218),
(623, '0.10', '0.25', '30.00', 218),
(624, '0.25', '0.50', '50.00', 218),
(625, '0.00', '0.10', '20.00', 219),
(626, '0.10', '0.25', '30.00', 219),
(627, '0.25', '0.50', '50.00', 219),
(628, '0.00', '0.10', '10.00', 220),
(629, '0.10', '0.25', '12.00', 220),
(630, '0.25', '0.50', '15.00', 220),
(631, '0.00', '0.10', '15.00', 221),
(632, '0.10', '0.25', '20.00', 221),
(633, '0.25', '0.50', '25.00', 221),
(634, '0.00', '0.10', '20.00', 222),
(635, '0.10', '0.25', '25.00', 222),
(636, '0.25', '0.50', '35.00', 222),
(637, '0.00', '0.10', '20.00', 223),
(638, '0.10', '0.25', '25.00', 223),
(639, '0.25', '0.50', '35.00', 223),
(640, '0.00', '0.10', '20.00', 224),
(641, '0.10', '0.25', '25.00', 224),
(642, '0.25', '0.50', '35.00', 224),
(643, '0.00', '0.10', '20.00', 225),
(644, '0.10', '0.25', '25.00', 225),
(645, '0.25', '0.50', '35.00', 225),
(646, '0.00', '0.10', '10.00', 226),
(647, '0.10', '0.25', '12.00', 226),
(648, '0.25', '0.50', '15.00', 226),
(649, '0.00', '0.10', '15.00', 227),
(650, '0.10', '0.25', '15.00', 227),
(651, '0.25', '0.50', '20.00', 227),
(652, '0.00', '0.10', '25.00', 228),
(653, '0.10', '0.25', '30.00', 228),
(654, '0.25', '0.50', '40.00', 228),
(655, '0.00', '0.10', '25.00', 229),
(656, '0.10', '0.25', '30.00', 229),
(657, '0.25', '0.50', '40.00', 229),
(658, '0.00', '0.10', '25.00', 230),
(659, '0.10', '0.25', '30.00', 230),
(660, '0.25', '0.50', '40.00', 230),
(661, '0.00', '0.10', '25.00', 231),
(662, '0.10', '0.25', '30.00', 231),
(663, '0.25', '0.50', '40.00', 231),
(664, '0.00', '0.10', '5.00', 232),
(665, '0.10', '0.25', '12.00', 232),
(666, '0.25', '0.50', '15.00', 232),
(667, '0.00', '0.10', '15.00', 233),
(668, '0.10', '0.25', '15.00', 233),
(669, '0.25', '0.50', '20.00', 233),
(670, '0.00', '0.10', '25.00', 234),
(671, '0.10', '0.25', '30.00', 234),
(672, '0.25', '0.50', '40.00', 234),
(673, '0.00', '0.10', '25.00', 235),
(674, '0.10', '0.25', '30.00', 235),
(675, '0.25', '0.50', '40.00', 235),
(676, '0.00', '0.10', '25.00', 236),
(677, '0.10', '0.25', '30.00', 236),
(678, '0.25', '0.50', '40.00', 236),
(679, '0.00', '0.10', '25.00', 237),
(680, '0.10', '0.25', '30.00', 237),
(681, '0.25', '0.50', '40.00', 237),
(682, '1.00', '1.00', '80.00', 238),
(683, '1.00', '1.00', '80.00', 239),
(684, '1.00', '1.00', '80.00', 240),
(685, '1.00', '1.00', '80.00', 241),
(686, '0.10', '0.25', '10.00', 242),
(687, '0.25', '0.50', '20.00', 242),
(688, '0.10', '0.25', '10.00', 243),
(689, '0.25', '0.50', '20.00', 243),
(690, '0.10', '0.25', '25.00', 244),
(691, '0.25', '0.50', '40.00', 244),
(692, '0.10', '0.25', '25.00', 245),
(693, '0.25', '0.50', '40.00', 245),
(694, '0.10', '0.25', '25.00', 246),
(695, '0.25', '0.50', '40.00', 246),
(696, '0.10', '0.25', '25.00', 247),
(697, '0.25', '0.50', '40.00', 247),
(698, '0.10', '0.25', '10.00', 248),
(699, '0.25', '0.50', '20.00', 248),
(700, '0.10', '0.25', '15.00', 249),
(701, '0.25', '0.50', '20.00', 249),
(702, '0.10', '0.25', '30.00', 250),
(703, '0.25', '0.50', '50.00', 250),
(704, '0.10', '0.25', '30.00', 251),
(705, '0.25', '0.50', '50.00', 251),
(706, '0.10', '0.25', '30.00', 252),
(707, '0.25', '0.50', '50.00', 252),
(708, '0.10', '0.25', '30.00', 253),
(709, '0.25', '0.50', '50.00', 253),
(710, '0.10', '0.25', '10.00', 254),
(711, '0.25', '0.50', '15.00', 254),
(712, '0.10', '0.25', '15.00', 255),
(713, '0.25', '0.50', '20.00', 255),
(714, '0.10', '0.25', '25.00', 256),
(715, '0.25', '0.50', '40.00', 256),
(716, '0.10', '0.25', '25.00', 257),
(717, '0.25', '0.50', '40.00', 257),
(718, '0.10', '0.25', '25.00', 258),
(719, '0.25', '0.50', '40.00', 258),
(720, '0.10', '0.25', '25.00', 259),
(721, '0.25', '0.50', '40.00', 259),
(722, '0.10', '0.25', '10.00', 260),
(723, '0.25', '0.50', '20.00', 260),
(724, '0.10', '0.25', '12.00', 261),
(725, '0.25', '0.50', '17.00', 261),
(726, '0.10', '0.25', '18.00', 262),
(727, '0.25', '0.50', '33.00', 262),
(728, '0.10', '0.25', '18.00', 263),
(729, '0.25', '0.50', '33.00', 263),
(730, '0.10', '0.25', '18.00', 264),
(731, '0.25', '0.50', '33.00', 264),
(732, '0.10', '0.25', '18.00', 265),
(733, '0.25', '0.50', '33.00', 265),
(734, '0.10', '0.25', '10.00', 266),
(735, '0.25', '0.50', '15.00', 266),
(736, '0.10', '0.25', '15.00', 267),
(737, '0.25', '0.50', '20.00', 267),
(738, '1.00', '1.00', '20.00', 268),
(739, '1.00', '1.00', '20.00', 269),
(740, '1.00', '1.00', '40.00', 270),
(741, '1.00', '1.00', '40.00', 271),
(742, '1.00', '1.00', '40.00', 272),
(748, '0.00', '0.10', '10.00', 278),
(749, '0.10', '0.25', '12.00', 278),
(750, '0.25', '0.50', '15.00', 278),
(751, '0.00', '0.10', '15.00', 279),
(752, '0.10', '0.25', '20.00', 279),
(753, '0.25', '0.50', '35.00', 279),
(754, '0.00', '0.10', '20.00', 280),
(755, '0.10', '0.25', '30.00', 280),
(756, '0.25', '0.50', '45.00', 280),
(757, '0.00', '0.10', '20.00', 281),
(758, '0.10', '0.25', '30.00', 281),
(759, '0.25', '0.50', '45.00', 281),
(760, '0.00', '0.10', '20.00', 282),
(761, '0.10', '0.25', '30.00', 282),
(762, '0.25', '0.50', '45.00', 282),
(763, '0.00', '0.10', '20.00', 283),
(764, '0.10', '0.25', '30.00', 283),
(765, '0.25', '0.50', '45.00', 283),
(766, '0.00', '5.00', '100.00', 284),
(767, '0.00', '5.00', '150.00', 285),
(768, '0.00', '5.00', '350.00', 286),
(769, '0.00', '5.00', '350.00', 287),
(770, '0.00', '5.00', '150.00', 288),
(771, '0.00', '5.00', '350.00', 289),
(772, '0.00', '5.00', '350.00', 290),
(773, '0.00', '0.25', '15.00', 291),
(774, '0.25', '0.50', '30.00', 291),
(775, '0.00', '0.25', '15.00', 292),
(776, '0.25', '0.50', '30.00', 292),
(777, '0.00', '0.25', '25.00', 293),
(778, '0.25', '0.50', '50.00', 293),
(779, '0.00', '0.25', '25.00', 294),
(780, '0.25', '0.50', '50.00', 294),
(781, '0.00', '0.25', '25.00', 295),
(782, '0.25', '0.50', '50.00', 295),
(783, '0.00', '0.25', '25.00', 296),
(784, '0.25', '0.50', '50.00', 296),
(785, '0.00', '0.25', '25.00', 297),
(786, '0.25', '0.50', '50.00', 297),
(794, '0.00', '0.10', '15.00', 305),
(795, '0.10', '0.25', '20.00', 305),
(796, '0.25', '0.50', '30.00', 305),
(797, '0.00', '0.10', '15.00', 306),
(798, '0.10', '0.25', '20.00', 306),
(799, '0.25', '0.50', '30.00', 306),
(800, '0.00', '0.10', '22.00', 307),
(801, '0.10', '0.25', '40.00', 307),
(802, '0.25', '0.50', '60.00', 307),
(803, '0.00', '0.10', '22.00', 308),
(804, '0.10', '0.25', '40.00', 308),
(805, '0.25', '0.50', '60.00', 308),
(806, '0.00', '0.10', '22.00', 309),
(807, '0.10', '0.25', '40.00', 309),
(808, '0.25', '500.00', '60.00', 309),
(809, '0.00', '0.10', '22.00', 310),
(810, '0.10', '0.25', '40.00', 310),
(811, '0.25', '0.50', '60.00', 310),
(812, '0.00', '0.10', '22.00', 311),
(813, '0.10', '0.25', '40.00', 311),
(814, '0.25', '0.50', '60.00', 311),
(815, '0.00', '0.10', '8.00', 312),
(816, '0.10', '0.25', '10.00', 312),
(817, '0.25', '0.50', '12.00', 312),
(818, '0.00', '0.10', '12.00', 313),
(819, '0.10', '0.25', '15.00', 313),
(820, '0.25', '0.50', '20.00', 313),
(821, '0.00', '0.10', '20.00', 314),
(822, '0.10', '0.25', '30.00', 314),
(823, '0.25', '0.50', '40.00', 314),
(824, '0.00', '0.10', '20.00', 315),
(825, '0.10', '0.25', '30.00', 315),
(826, '0.25', '0.50', '40.00', 315),
(827, '0.00', '0.10', '20.00', 316),
(828, '0.10', '0.25', '30.00', 316),
(829, '0.25', '0.50', '40.00', 316),
(830, '0.00', '0.10', '20.00', 317),
(831, '0.10', '0.25', '30.00', 317),
(832, '0.25', '0.50', '40.00', 317),
(833, '0.00', '0.10', '20.00', 318),
(834, '0.10', '0.25', '30.00', 318),
(835, '0.25', '0.50', '40.00', 318),
(857, '0.00', '0.50', '10.00', 333),
(858, '0.00', '0.50', '10.00', 334),
(859, '0.00', '0.10', '20.00', 335),
(860, '0.10', '0.25', '35.00', 335),
(861, '0.25', '0.50', '45.00', 335),
(862, '0.00', '0.10', '20.00', 336),
(863, '0.10', '0.25', '35.00', 336),
(864, '0.25', '0.50', '45.00', 336),
(865, '0.00', '0.10', '20.00', 337),
(866, '0.10', '0.25', '35.00', 337),
(867, '0.25', '0.50', '45.00', 337),
(868, '0.00', '0.10', '20.00', 338),
(869, '0.10', '0.25', '35.00', 338),
(870, '0.25', '0.50', '45.00', 338),
(871, '0.00', '0.10', '20.00', 339),
(872, '0.10', '0.25', '35.00', 339),
(873, '0.25', '0.50', '45.00', 339),
(874, '0.00', '0.50', '10.00', 340),
(875, '0.00', '0.50', '10.00', 341),
(876, '0.00', '0.10', '20.00', 342),
(877, '0.10', '0.25', '35.00', 342),
(878, '0.25', '0.50', '45.00', 342),
(879, '0.00', '0.10', '20.00', 343),
(880, '0.10', '0.25', '35.00', 343),
(881, '0.25', '0.50', '45.00', 343),
(882, '0.00', '0.10', '20.00', 344),
(883, '0.10', '0.25', '35.00', 344),
(884, '0.25', '0.50', '45.00', 344),
(885, '0.00', '0.10', '20.00', 345),
(886, '0.10', '0.25', '35.00', 345),
(887, '0.25', '0.50', '45.00', 345),
(888, '0.00', '0.10', '20.00', 346),
(889, '0.10', '0.25', '35.00', 346),
(890, '0.25', '0.50', '45.00', 346),
(891, '0.00', '0.50', '10.00', 347),
(892, '0.00', '0.50', '10.00', 348),
(893, '0.00', '0.10', '20.00', 349),
(894, '0.10', '0.25', '35.00', 349),
(895, '0.25', '0.50', '45.00', 349),
(896, '0.00', '0.10', '20.00', 350),
(897, '0.10', '0.25', '35.00', 350),
(898, '0.25', '0.50', '45.00', 350),
(899, '0.00', '0.10', '20.00', 351),
(900, '0.10', '0.25', '35.00', 351),
(901, '0.25', '0.50', '45.00', 351),
(902, '0.00', '0.10', '20.00', 352),
(903, '0.10', '0.25', '35.00', 352),
(904, '0.25', '0.50', '45.00', 352),
(905, '0.00', '0.10', '20.00', 353),
(906, '0.10', '0.25', '35.00', 353),
(907, '0.25', '0.50', '45.00', 353),
(908, '0.10', '0.25', '10.00', 354),
(909, '0.10', '0.25', '10.00', 355),
(910, '0.10', '0.25', '20.00', 356),
(911, '0.10', '0.25', '20.00', 357),
(912, '0.10', '0.25', '20.00', 358),
(913, '0.10', '0.25', '20.00', 359),
(914, '0.00', '0.10', '15.00', 360),
(915, '0.10', '0.25', '20.00', 360),
(916, '0.25', '0.50', '25.00', 360),
(917, '0.00', '0.10', '15.00', 361),
(918, '0.10', '0.25', '20.00', 361),
(919, '0.25', '0.50', '25.00', 361),
(920, '0.00', '0.10', '25.00', 362),
(921, '0.10', '0.25', '35.00', 362),
(922, '0.25', '0.50', '50.00', 362),
(923, '0.00', '0.10', '25.00', 363),
(924, '0.10', '0.25', '35.00', 363),
(925, '0.25', '0.50', '50.00', 363),
(926, '0.00', '0.10', '25.00', 364),
(927, '0.10', '0.25', '35.00', 364),
(928, '0.25', '0.50', '50.00', 364),
(929, '0.00', '0.10', '25.00', 365),
(930, '0.10', '0.25', '35.00', 365),
(931, '0.25', '0.50', '50.00', 365),
(938, '0.00', '0.10', '10.00', 366),
(939, '0.10', '0.25', '12.00', 366),
(940, '0.25', '0.50', '15.00', 366),
(941, '0.00', '0.10', '15.00', 367),
(942, '0.10', '0.25', '30.00', 367),
(943, '0.25', '0.50', '25.00', 367),
(944, '0.00', '0.10', '30.00', 368),
(945, '0.10', '0.25', '35.00', 368),
(946, '0.25', '0.50', '50.00', 368),
(947, '0.00', '0.10', '30.00', 369),
(948, '0.10', '0.25', '35.00', 369),
(949, '0.25', '0.50', '50.00', 369),
(953, '0.00', '0.10', '30.00', 371),
(954, '0.10', '0.25', '35.00', 371),
(955, '0.25', '0.50', '50.00', 371),
(956, '0.00', '0.10', '30.00', 370),
(957, '0.10', '0.25', '35.00', 370),
(958, '0.25', '0.50', '50.00', 370),
(959, '0.00', '0.10', '15.00', 372),
(960, '0.10', '0.25', '20.00', 372),
(961, '0.25', '0.50', '25.00', 372),
(962, '0.00', '0.10', '15.00', 373),
(963, '0.10', '0.25', '20.00', 373),
(964, '0.25', '0.50', '25.00', 373),
(965, '0.00', '0.10', '25.00', 374),
(966, '0.10', '0.25', '35.00', 374),
(967, '0.25', '0.50', '50.00', 374),
(968, '0.00', '0.10', '25.00', 375),
(969, '0.10', '0.25', '35.00', 375),
(970, '0.25', '0.50', '50.00', 375),
(971, '0.00', '0.10', '25.00', 376),
(972, '0.10', '0.25', '35.00', 376),
(973, '0.25', '0.50', '50.00', 376),
(974, '0.00', '0.10', '25.00', 377),
(975, '0.10', '0.25', '35.00', 377),
(976, '0.25', '0.50', '50.00', 377),
(977, '0.00', '0.25', '10.00', 378),
(978, '0.25', '0.50', '15.00', 378),
(979, '0.10', '0.25', '15.00', 379),
(980, '0.25', '0.50', '20.00', 379),
(981, '0.10', '0.25', '25.00', 380),
(982, '0.25', '0.50', '40.00', 380),
(983, '0.10', '0.25', '25.00', 381),
(984, '0.25', '0.50', '40.00', 381),
(985, '0.10', '0.25', '25.00', 382),
(986, '0.25', '0.50', '40.00', 382),
(987, '0.10', '0.25', '25.00', 383),
(988, '0.25', '0.50', '40.00', 383),
(989, '0.00', '0.10', '10.00', 384),
(990, '0.10', '0.25', '12.00', 384),
(991, '0.25', '0.50', '15.00', 384),
(992, '0.00', '0.10', '15.00', 385),
(993, '0.10', '0.25', '20.00', 385),
(994, '0.25', '0.50', '35.00', 385),
(1001, '0.00', '0.10', '10.00', 388),
(1002, '0.10', '0.25', '12.00', 388),
(1003, '0.25', '0.50', '15.00', 388),
(1004, '0.00', '0.10', '15.00', 389),
(1005, '0.10', '0.25', '20.00', 389),
(1006, '0.25', '0.50', '25.00', 389),
(1007, '0.00', '0.10', '30.00', 390),
(1008, '0.10', '0.25', '35.00', 390),
(1009, '0.25', '0.50', '45.00', 390),
(1010, '0.00', '0.10', '30.00', 391),
(1011, '0.10', '0.25', '35.00', 391),
(1012, '0.25', '0.50', '45.00', 391),
(1013, '0.00', '0.10', '30.00', 392),
(1014, '0.10', '0.25', '35.00', 392),
(1015, '0.25', '0.50', '45.00', 392),
(1016, '0.00', '0.10', '30.00', 393),
(1017, '0.10', '0.25', '35.00', 393),
(1018, '0.25', '0.50', '45.00', 393),
(1019, '0.00', '0.10', '15.00', 394),
(1020, '0.10', '0.25', '20.00', 394),
(1021, '0.25', '0.50', '25.00', 394),
(1022, '0.00', '0.10', '15.00', 395),
(1023, '0.10', '0.25', '20.00', 395),
(1024, '0.25', '0.50', '25.00', 395),
(1025, '0.00', '0.10', '25.00', 396),
(1026, '0.10', '0.25', '35.00', 396),
(1027, '0.25', '0.50', '50.00', 396),
(1028, '0.00', '0.10', '25.00', 397),
(1029, '0.10', '0.25', '35.00', 397),
(1030, '0.25', '0.50', '50.00', 397),
(1031, '0.00', '0.10', '25.00', 398),
(1032, '0.10', '0.25', '35.00', 398),
(1033, '0.25', '0.50', '50.00', 398),
(1034, '0.00', '0.10', '25.00', 399),
(1035, '0.10', '0.25', '35.00', 399),
(1036, '0.25', '0.50', '50.00', 399),
(1037, '0.00', '0.10', '15.00', 400),
(1038, '0.10', '0.25', '20.00', 400),
(1039, '0.25', '0.50', '25.00', 400),
(1040, '0.00', '0.10', '15.00', 401),
(1041, '0.10', '0.25', '20.00', 401),
(1042, '0.25', '0.50', '25.00', 401),
(1043, '0.00', '0.10', '25.00', 402),
(1044, '0.10', '0.25', '35.00', 402),
(1045, '0.25', '0.50', '50.00', 402),
(1046, '0.00', '0.10', '25.00', 403),
(1047, '0.10', '0.25', '35.00', 403),
(1048, '0.25', '0.50', '50.00', 403),
(1049, '0.00', '0.10', '25.00', 404),
(1050, '0.10', '0.25', '35.00', 404),
(1051, '0.25', '0.50', '50.00', 404),
(1052, '0.00', '0.10', '25.00', 405),
(1053, '0.10', '0.25', '35.00', 405),
(1054, '0.25', '0.50', '50.00', 405),
(1055, '0.00', '0.10', '15.00', 406),
(1056, '0.10', '0.25', '20.00', 406),
(1057, '0.25', '0.50', '20.00', 406),
(1058, '0.00', '0.10', '15.00', 407),
(1059, '0.10', '0.25', '20.00', 407),
(1060, '0.25', '0.50', '25.00', 407),
(1061, '0.00', '0.10', '25.00', 408),
(1062, '0.10', '0.25', '35.00', 408),
(1063, '0.25', '0.50', '50.00', 408),
(1064, '0.00', '0.10', '25.00', 409),
(1065, '0.10', '0.25', '35.00', 409),
(1066, '0.25', '0.50', '50.00', 409),
(1067, '0.00', '0.10', '25.00', 410),
(1068, '0.10', '0.25', '35.00', 410),
(1069, '0.25', '0.50', '50.00', 410),
(1070, '0.00', '0.10', '25.00', 411),
(1071, '0.10', '0.25', '35.00', 411),
(1072, '0.25', '0.50', '50.00', 411),
(1073, '0.00', '0.10', '10.00', 412),
(1074, '0.10', '0.25', '12.00', 412),
(1075, '0.25', '0.50', '15.00', 412),
(1076, '0.00', '0.10', '15.00', 413),
(1077, '0.10', '0.25', '15.00', 413),
(1078, '0.25', '0.50', '20.00', 413),
(1079, '0.00', '0.10', '25.00', 414),
(1080, '0.10', '0.25', '30.00', 414),
(1081, '0.25', '0.50', '40.00', 414),
(1082, '0.00', '0.10', '25.00', 415),
(1083, '0.10', '0.25', '30.00', 415),
(1084, '0.25', '0.50', '40.00', 415),
(1085, '0.00', '0.10', '25.00', 416),
(1086, '0.10', '0.25', '30.00', 416),
(1087, '0.25', '0.50', '40.00', 416),
(1088, '0.00', '0.10', '25.00', 417),
(1089, '0.10', '0.25', '30.00', 417),
(1090, '0.25', '0.50', '40.00', 417),
(1091, '0.00', '0.10', '10.00', 418),
(1092, '0.10', '0.25', '12.00', 418),
(1093, '0.25', '0.50', '15.00', 418),
(1094, '0.00', '0.10', '15.00', 419),
(1095, '0.10', '0.25', '15.00', 419),
(1096, '0.25', '0.50', '20.00', 419),
(1097, '0.00', '0.10', '25.00', 420),
(1098, '0.10', '0.25', '30.00', 420),
(1099, '0.25', '0.50', '40.00', 420),
(1100, '0.00', '0.10', '25.00', 421),
(1101, '0.10', '0.25', '30.00', 421),
(1102, '0.25', '0.50', '40.00', 421),
(1103, '0.00', '0.10', '25.00', 422),
(1104, '0.10', '0.25', '30.00', 422),
(1105, '0.25', '0.50', '40.00', 422),
(1106, '0.00', '0.10', '25.00', 423),
(1107, '0.10', '0.25', '30.00', 423),
(1108, '0.25', '0.50', '40.00', 423),
(1109, '0.00', '0.10', '10.00', 424),
(1110, '0.10', '0.25', '12.00', 424),
(1111, '0.25', '0.50', '15.00', 424),
(1112, '0.00', '0.10', '10.00', 425),
(1113, '0.10', '0.25', '15.00', 425),
(1114, '0.25', '0.50', '20.00', 425),
(1115, '0.00', '0.10', '25.00', 426),
(1116, '0.10', '0.25', '30.00', 426),
(1117, '0.25', '0.50', '40.00', 426),
(1118, '0.00', '0.10', '25.00', 427),
(1119, '0.10', '0.25', '30.00', 427),
(1120, '0.25', '0.50', '40.00', 427),
(1121, '0.00', '0.10', '25.00', 428),
(1122, '0.10', '0.25', '30.00', 428),
(1123, '0.25', '0.50', '40.00', 428),
(1124, '0.00', '0.10', '25.00', 429),
(1125, '0.10', '0.25', '30.00', 429),
(1126, '0.25', '0.50', '40.00', 429),
(1127, '0.00', '0.10', '10.00', 430),
(1128, '0.10', '0.25', '10.00', 430),
(1129, '0.25', '0.50', '15.00', 430),
(1130, '0.00', '0.10', '10.00', 431),
(1131, '0.10', '0.25', '15.00', 431),
(1132, '0.25', '0.50', '20.00', 431),
(1133, '0.00', '0.10', '15.00', 432),
(1134, '0.10', '0.25', '25.00', 432),
(1135, '0.25', '0.50', '35.00', 432),
(1136, '0.00', '0.10', '15.00', 433),
(1137, '0.10', '0.25', '25.00', 433),
(1138, '0.25', '0.50', '35.00', 433),
(1139, '0.00', '0.10', '15.00', 434),
(1140, '0.10', '0.25', '25.00', 434),
(1141, '0.25', '0.50', '35.00', 434),
(1142, '0.00', '0.10', '15.00', 435),
(1143, '0.10', '0.25', '25.00', 435),
(1144, '0.25', '0.50', '35.00', 435),
(1145, '0.10', '0.25', '10.00', 436),
(1146, '0.25', '0.50', '20.00', 436),
(1147, '0.10', '0.25', '10.00', 437),
(1148, '0.25', '0.50', '20.00', 437),
(1149, '0.10', '0.25', '20.00', 438),
(1150, '0.25', '0.50', '40.00', 438),
(1151, '0.10', '0.25', '20.00', 439),
(1152, '0.25', '0.50', '40.00', 439),
(1153, '0.10', '0.25', '20.00', 440),
(1154, '0.25', '0.50', '20.00', 440),
(1155, '0.10', '0.25', '20.00', 441),
(1156, '0.25', '0.50', '40.00', 441),
(1157, '0.00', '0.10', '10.00', 442),
(1158, '0.10', '0.25', '12.00', 442),
(1159, '0.25', '0.50', '15.00', 442),
(1160, '0.00', '0.10', '10.00', 443),
(1161, '0.10', '0.25', '20.00', 443),
(1162, '0.25', '0.50', '25.00', 443),
(1163, '0.00', '0.10', '25.00', 444),
(1164, '0.10', '0.25', '30.00', 444),
(1165, '0.25', '0.50', '40.00', 444),
(1166, '0.00', '0.10', '25.00', 445),
(1167, '0.10', '0.25', '30.00', 445),
(1168, '0.25', '0.50', '40.00', 445),
(1169, '0.00', '0.10', '25.00', 446),
(1170, '0.10', '0.25', '30.00', 446),
(1171, '0.25', '0.50', '40.00', 446),
(1172, '0.00', '0.10', '25.00', 447),
(1173, '0.10', '0.25', '30.00', 447),
(1174, '0.25', '0.50', '40.00', 447),
(1175, '0.00', '0.10', '10.00', 448),
(1176, '0.10', '0.25', '12.00', 448),
(1177, '0.25', '0.50', '15.00', 448),
(1182, '0.00', '0.10', '25.00', 451),
(1183, '0.10', '0.25', '30.00', 451),
(1184, '0.25', '0.50', '40.00', 451),
(1185, '0.00', '0.10', '25.00', 452),
(1186, '0.10', '0.25', '30.00', 452),
(1187, '0.25', '0.50', '40.00', 452),
(1188, '0.00', '0.10', '25.00', 453),
(1189, '0.10', '0.25', '30.00', 453),
(1190, '0.25', '0.50', '40.00', 453),
(1191, '0.00', '0.10', '25.00', 454),
(1192, '0.10', '0.25', '30.00', 454),
(1193, '0.25', '0.50', '40.00', 454),
(1194, '0.00', '0.10', '15.00', 455),
(1195, '0.10', '0.25', '15.00', 455),
(1196, '0.25', '0.50', '20.00', 455),
(1207, '0.00', '0.10', '10.00', 456),
(1208, '0.10', '0.25', '12.00', 456),
(1209, '0.25', '0.50', '35.00', 456),
(1212, '0.00', '0.10', '25.00', 458),
(1213, '0.10', '0.25', '35.00', 458),
(1214, '0.25', '0.50', '45.00', 458),
(1215, '0.00', '0.10', '25.00', 459),
(1216, '0.10', '0.25', '35.00', 459),
(1217, '0.25', '0.50', '45.00', 459),
(1218, '0.00', '0.10', '25.00', 460),
(1219, '0.10', '0.25', '35.00', 460),
(1220, '0.25', '0.50', '45.00', 460),
(1221, '0.00', '0.10', '25.00', 461),
(1222, '0.10', '0.25', '35.00', 461),
(1223, '0.25', '0.50', '45.00', 461),
(1224, '0.00', '0.10', '10.00', 462),
(1225, '0.10', '0.25', '20.00', 462),
(1226, '0.25', '0.50', '35.00', 462),
(1227, '0.00', '0.10', '10.00', 463),
(1228, '0.10', '0.25', '12.00', 463),
(1229, '0.25', '0.50', '15.00', 463),
(1230, '0.00', '0.10', '15.00', 464),
(1231, '0.10', '0.25', '20.00', 464),
(1232, '0.25', '0.50', '35.00', 464),
(1233, '0.00', '0.10', '25.00', 465),
(1234, '0.10', '0.25', '35.00', 465),
(1235, '0.25', '0.50', '45.00', 465),
(1236, '0.00', '0.10', '25.00', 466),
(1237, '0.10', '0.25', '35.00', 466),
(1238, '0.25', '0.50', '45.00', 466),
(1239, '0.00', '0.10', '25.00', 467),
(1240, '0.10', '0.25', '35.00', 467),
(1241, '0.25', '0.50', '45.00', 467),
(1242, '0.00', '0.10', '25.00', 468),
(1243, '0.10', '0.25', '35.00', 468),
(1244, '0.25', '0.50', '45.00', 468),
(1245, '0.00', '0.10', '10.00', 469),
(1246, '0.10', '0.25', '15.00', 469),
(1247, '0.25', '0.50', '20.00', 469),
(1248, '0.00', '0.10', '15.00', 470),
(1249, '0.10', '0.25', '20.00', 470),
(1250, '0.25', '0.50', '30.00', 470),
(1251, '0.00', '0.10', '25.00', 471),
(1252, '0.10', '0.25', '35.00', 471),
(1253, '0.25', '0.50', '50.00', 471),
(1254, '0.00', '0.10', '25.00', 472),
(1255, '0.10', '0.25', '35.00', 472),
(1256, '0.25', '0.50', '50.00', 472),
(1257, '0.00', '0.10', '25.00', 473),
(1258, '0.10', '0.25', '35.00', 473),
(1259, '0.25', '0.50', '50.00', 473),
(1260, '0.00', '0.10', '25.00', 474),
(1261, '0.10', '0.25', '35.00', 474),
(1262, '0.25', '0.50', '50.00', 474),
(1263, '0.00', '0.10', '10.00', 475),
(1264, '0.10', '0.25', '12.00', 475),
(1265, '0.25', '0.50', '15.00', 475),
(1266, '0.00', '0.10', '15.00', 476),
(1267, '0.10', '0.25', '20.00', 476),
(1268, '0.25', '0.50', '35.00', 476),
(1269, '0.00', '0.10', '20.00', 477),
(1270, '0.10', '0.25', '30.00', 477),
(1271, '0.25', '0.50', '45.00', 477),
(1272, '0.00', '0.10', '20.00', 478),
(1273, '0.10', '0.25', '30.00', 478),
(1274, '0.25', '0.50', '45.00', 478),
(1275, '0.00', '0.10', '20.00', 479),
(1276, '0.10', '0.25', '30.00', 479),
(1277, '0.25', '0.50', '45.00', 479),
(1278, '0.00', '0.10', '20.00', 480),
(1279, '0.10', '0.25', '30.00', 480),
(1280, '0.25', '0.50', '45.00', 480),
(1281, '0.00', '0.10', '15.00', 481),
(1282, '0.10', '0.25', '20.00', 481),
(1283, '0.25', '0.50', '35.00', 481),
(1284, '0.00', '0.10', '15.00', 482),
(1285, '0.10', '0.25', '20.00', 482),
(1286, '0.25', '0.50', '35.00', 482),
(1287, '0.00', '0.10', '25.00', 483),
(1288, '0.10', '0.25', '35.00', 483),
(1289, '0.25', '0.50', '45.00', 483),
(1290, '0.00', '0.10', '25.00', 484),
(1291, '0.10', '0.25', '35.00', 484),
(1292, '0.25', '0.50', '45.00', 484),
(1293, '0.00', '0.10', '25.00', 485),
(1294, '0.10', '0.25', '35.00', 485),
(1295, '0.25', '0.50', '45.00', 485),
(1296, '0.00', '0.10', '25.00', 486),
(1297, '0.10', '0.25', '35.00', 486),
(1298, '0.25', '0.50', '45.00', 486),
(1299, '0.00', '0.10', '10.00', 487),
(1300, '0.10', '0.25', '12.00', 487),
(1301, '0.25', '0.50', '15.00', 487),
(1302, '0.00', '0.10', '15.00', 488),
(1303, '0.10', '0.25', '18.00', 488),
(1304, '0.25', '0.50', '45.00', 488),
(1305, '0.00', '0.10', '30.00', 489),
(1306, '0.10', '0.25', '35.00', 489),
(1307, '0.25', '0.50', '45.00', 489),
(1311, '0.00', '0.10', '30.00', 491),
(1312, '0.10', '0.25', '35.00', 491),
(1313, '0.25', '0.50', '45.00', 491),
(1314, '0.00', '0.10', '30.00', 492),
(1315, '0.10', '0.25', '35.00', 492),
(1316, '0.25', '0.50', '45.00', 492),
(1320, '0.00', '0.10', '30.00', 490),
(1321, '0.10', '0.25', '35.00', 490),
(1322, '0.25', '0.50', '45.00', 490),
(1323, '0.00', '0.25', '10.00', 493),
(1324, '0.25', '0.50', '15.00', 493),
(1325, '0.00', '0.10', '7.00', 494),
(1326, '0.10', '0.25', '7.00', 494),
(1327, '0.25', '0.50', '10.00', 494),
(1328, '0.10', '0.25', '15.00', 495),
(1329, '0.25', '0.50', '20.00', 495),
(1330, '0.00', '0.10', '10.00', 496),
(1331, '0.10', '0.25', '12.00', 496),
(1332, '0.25', '0.50', '15.00', 496),
(1333, '0.10', '0.25', '30.00', 497),
(1334, '0.25', '0.50', '40.00', 497),
(1338, '0.10', '0.25', '30.00', 499),
(1339, '0.25', '0.50', '40.00', 499),
(1343, '0.00', '0.10', '20.00', 501),
(1344, '0.10', '0.25', '20.00', 501),
(1345, '0.25', '0.50', '40.00', 501),
(1346, '0.10', '0.25', '30.00', 502),
(1347, '0.25', '0.50', '40.00', 502),
(1348, '0.00', '0.10', '20.00', 503),
(1349, '0.10', '0.25', '20.00', 503),
(1350, '0.25', '0.50', '40.00', 503),
(1351, '0.00', '0.10', '20.00', 504),
(1352, '0.10', '0.25', '20.00', 504),
(1353, '0.25', '0.50', '40.00', 504),
(1354, '0.10', '0.25', '30.00', 505),
(1355, '0.25', '0.50', '40.00', 505),
(1356, '0.00', '0.10', '20.00', 498),
(1357, '0.10', '0.25', '20.00', 498),
(1358, '0.25', '0.50', '40.00', 498),
(1359, '0.00', '0.10', '20.00', 500),
(1360, '0.10', '0.25', '20.00', 500),
(1361, '0.25', '0.50', '40.00', 500),
(1362, '0.00', '0.10', '10.00', 506),
(1363, '0.10', '0.25', '10.00', 506),
(1364, '0.25', '0.50', '20.00', 506),
(1365, '0.00', '0.10', '10.00', 507),
(1366, '0.10', '0.25', '13.00', 507),
(1367, '0.25', '0.50', '15.00', 507),
(1368, '0.00', '0.10', '20.00', 508),
(1369, '0.10', '0.25', '30.00', 508),
(1370, '0.25', '0.50', '50.00', 508),
(1371, '0.00', '0.10', '20.00', 509),
(1372, '0.10', '0.25', '30.00', 509),
(1373, '0.25', '0.50', '50.00', 509),
(1374, '0.00', '0.10', '20.00', 510),
(1375, '0.10', '0.25', '30.00', 510),
(1376, '0.25', '0.50', '50.00', 510),
(1377, '0.00', '0.10', '20.00', 511),
(1378, '0.10', '0.25', '30.00', 511),
(1379, '0.25', '0.50', '50.00', 511),
(1380, '0.00', '0.10', '20.00', 512),
(1381, '0.10', '0.25', '30.00', 512),
(1382, '0.25', '0.50', '50.00', 512),
(1383, '0.00', '0.10', '10.00', 513),
(1384, '0.10', '0.25', '10.00', 513),
(1385, '0.25', '0.50', '10.00', 513),
(1389, '0.00', '0.10', '10.00', 515),
(1390, '0.10', '0.25', '10.00', 515),
(1391, '0.25', '0.50', '20.00', 515),
(1392, '0.00', '0.10', '25.00', 516),
(1393, '0.10', '0.25', '30.00', 516),
(1394, '0.25', '0.50', '35.00', 516),
(1398, '0.00', '0.10', '25.00', 518),
(1399, '0.10', '0.25', '30.00', 518),
(1400, '0.25', '0.50', '35.00', 518),
(1404, '0.00', '0.10', '25.00', 520),
(1405, '0.10', '0.25', '30.00', 520),
(1406, '0.25', '0.50', '35.00', 520),
(1407, '0.00', '0.10', '25.00', 521),
(1408, '0.10', '0.25', '30.00', 521),
(1409, '0.25', '0.50', '35.00', 521),
(1413, '0.00', '0.10', '25.00', 523),
(1414, '0.10', '0.25', '30.00', 523),
(1415, '0.25', '0.50', '35.00', 523),
(1419, '0.00', '0.10', '10.00', 525),
(1420, '0.10', '0.25', '10.00', 525),
(1421, '0.25', '0.50', '20.00', 525),
(1422, '0.00', '0.10', '15.00', 526),
(1423, '0.10', '0.25', '20.00', 526),
(1424, '0.25', '0.50', '30.00', 526),
(1428, '0.00', '0.10', '30.00', 528),
(1429, '0.10', '0.25', '35.00', 528),
(1430, '0.25', '0.50', '40.00', 528),
(1431, '0.00', '0.10', '30.00', 529),
(1432, '0.10', '0.25', '35.00', 529),
(1433, '0.25', '0.50', '40.00', 529),
(1434, '0.00', '0.10', '30.00', 530),
(1435, '0.10', '0.25', '35.00', 530),
(1436, '0.25', '0.50', '40.00', 530),
(1437, '0.00', '0.10', '30.00', 531),
(1438, '0.10', '0.25', '35.00', 531),
(1439, '0.25', '0.50', '40.00', 531),
(1440, '0.00', '0.10', '30.00', 532),
(1441, '0.10', '0.25', '35.00', 532),
(1442, '0.25', '0.50', '40.00', 532),
(1443, '0.00', '0.10', '10.00', 533),
(1444, '0.10', '0.25', '10.00', 533),
(1445, '0.25', '0.50', '20.00', 533),
(1446, '0.00', '0.10', '15.00', 534),
(1447, '0.10', '0.25', '20.00', 534),
(1448, '0.25', '0.50', '30.00', 534),
(1449, '0.00', '0.10', '8.00', 535),
(1450, '0.10', '0.25', '10.00', 535),
(1451, '0.25', '0.50', '12.00', 535),
(1452, '0.00', '0.10', '30.00', 536),
(1453, '0.10', '0.25', '35.00', 536),
(1454, '0.25', '0.50', '40.00', 536),
(1455, '0.00', '0.10', '30.00', 537),
(1456, '0.10', '0.25', '35.00', 537),
(1457, '0.25', '0.50', '40.00', 537),
(1458, '0.00', '0.10', '10.00', 538),
(1459, '0.10', '0.25', '12.00', 538),
(1460, '0.25', '0.50', '15.00', 538),
(1461, '0.00', '0.10', '30.00', 539),
(1462, '0.10', '0.25', '35.00', 539),
(1463, '0.25', '0.50', '40.00', 539),
(1464, '0.00', '0.10', '30.00', 540),
(1465, '0.10', '0.25', '35.00', 540),
(1466, '0.25', '0.50', '40.00', 540),
(1467, '0.00', '0.10', '20.00', 541),
(1468, '0.10', '0.25', '25.00', 541),
(1469, '0.25', '0.50', '40.00', 541),
(1470, '0.00', '0.10', '30.00', 542),
(1471, '0.10', '0.25', '35.00', 542),
(1472, '0.25', '0.50', '40.00', 542),
(1473, '0.00', '0.10', '20.00', 543),
(1474, '0.10', '0.25', '25.00', 543),
(1475, '0.25', '0.50', '40.00', 543),
(1476, '0.00', '0.10', '10.00', 544),
(1477, '0.10', '0.25', '10.00', 544),
(1478, '0.25', '0.50', '10.00', 544),
(1479, '0.00', '0.10', '20.00', 545),
(1480, '0.10', '0.25', '25.00', 545),
(1481, '0.25', '0.50', '40.00', 545),
(1482, '0.00', '0.10', '10.00', 546),
(1483, '0.10', '0.25', '15.00', 546),
(1484, '0.25', '0.50', '20.00', 546),
(1485, '0.00', '0.10', '20.00', 547),
(1486, '0.10', '0.25', '25.00', 547),
(1487, '0.25', '0.50', '40.00', 547),
(1488, '0.00', '0.10', '20.00', 548),
(1489, '0.10', '0.25', '25.00', 548),
(1490, '0.25', '0.50', '30.00', 548),
(1491, '0.00', '0.10', '20.00', 549),
(1492, '0.10', '0.25', '25.00', 549),
(1493, '0.25', '0.50', '30.00', 549),
(1494, '0.00', '0.10', '20.00', 550),
(1495, '0.10', '0.25', '25.00', 550),
(1496, '0.25', '0.50', '30.00', 550),
(1497, '0.00', '0.10', '20.00', 551),
(1498, '0.10', '0.25', '25.00', 551),
(1499, '0.25', '0.50', '30.00', 551),
(1500, '0.00', '0.10', '20.00', 552),
(1501, '0.10', '0.25', '25.00', 552),
(1502, '0.25', '0.50', '30.00', 552),
(1503, '0.00', '0.10', '10.00', 553),
(1504, '0.10', '0.25', '10.00', 553),
(1505, '0.25', '0.50', '20.00', 553),
(1506, '0.00', '0.10', '10.00', 554),
(1507, '0.10', '0.25', '15.00', 554),
(1508, '0.25', '0.50', '20.00', 554),
(1509, '0.00', '0.10', '6.00', 555),
(1510, '0.10', '0.25', '8.00', 555),
(1511, '0.25', '0.50', '13.00', 555),
(1512, '0.50', '1.00', '23.00', 555),
(1513, '0.00', '0.10', '20.00', 556),
(1514, '0.10', '0.25', '30.00', 556),
(1515, '0.25', '0.50', '50.00', 556),
(1516, '0.00', '0.10', '20.00', 557),
(1517, '0.10', '0.25', '30.00', 557),
(1518, '0.25', '0.50', '50.00', 557),
(1523, '0.00', '0.10', '20.00', 559),
(1524, '0.10', '0.25', '30.00', 559),
(1525, '0.25', '0.50', '50.00', 559),
(1526, '0.00', '0.10', '20.00', 560),
(1527, '0.10', '0.25', '30.00', 560),
(1528, '0.25', '0.50', '50.00', 560),
(1529, '0.00', '0.10', '20.00', 561),
(1530, '0.10', '0.25', '30.00', 561),
(1531, '0.25', '0.50', '50.00', 561),
(1532, '0.00', '0.10', '25.00', 562),
(1533, '0.10', '0.25', '45.00', 562),
(1534, '0.25', '0.50', '80.00', 562),
(1535, '0.50', '1.00', '80.00', 562),
(1536, '0.00', '0.10', '8.00', 563),
(1537, '0.10', '0.25', '10.00', 563),
(1538, '0.25', '0.50', '12.00', 563),
(1539, '0.00', '0.10', '10.00', 564),
(1540, '0.10', '0.25', '12.00', 564),
(1541, '0.25', '0.50', '15.00', 564),
(1542, '0.00', '0.10', '25.00', 565),
(1543, '0.10', '0.25', '45.00', 565),
(1544, '0.25', '0.50', '80.00', 565),
(1545, '0.50', '1.00', '80.00', 565),
(1546, '0.00', '0.10', '16.00', 566),
(1547, '0.10', '0.25', '22.00', 566),
(1548, '0.25', '0.50', '30.00', 566),
(1549, '0.00', '0.10', '16.00', 567),
(1550, '0.10', '0.25', '22.00', 567),
(1551, '0.25', '0.50', '30.00', 567),
(1552, '0.00', '0.10', '16.00', 568),
(1553, '0.10', '0.25', '22.00', 568),
(1554, '0.25', '0.50', '30.00', 568),
(1555, '0.00', '0.10', '16.00', 569),
(1556, '0.10', '0.25', '22.00', 569),
(1557, '0.25', '0.50', '30.00', 569),
(1558, '0.00', '0.10', '25.00', 570),
(1559, '0.10', '0.25', '45.00', 570),
(1560, '0.25', '0.50', '80.00', 570),
(1561, '0.50', '1.00', '80.00', 570),
(1562, '0.00', '0.10', '16.00', 571),
(1563, '0.10', '0.25', '22.00', 571),
(1564, '0.25', '0.50', '30.00', 571),
(1565, '0.00', '0.10', '25.00', 572),
(1566, '0.10', '0.25', '45.00', 572),
(1567, '0.25', '0.50', '80.00', 572),
(1568, '0.50', '1.00', '80.00', 572),
(1569, '0.00', '0.10', '7.00', 573),
(1570, '0.10', '0.25', '7.00', 573),
(1571, '0.25', '0.50', '10.00', 573),
(1572, '0.00', '0.10', '10.00', 574),
(1573, '0.10', '0.25', '10.00', 574),
(1574, '0.25', '0.50', '15.00', 574),
(1575, '0.00', '0.10', '25.00', 575),
(1576, '0.10', '0.25', '30.00', 575),
(1577, '0.25', '0.50', '35.00', 575),
(1578, '0.00', '0.10', '25.00', 576),
(1579, '0.10', '0.25', '30.00', 576),
(1580, '0.25', '0.50', '35.00', 576),
(1581, '0.00', '0.10', '25.00', 577),
(1582, '0.10', '0.25', '30.00', 577),
(1583, '0.25', '0.50', '35.00', 577),
(1584, '0.00', '0.10', '25.00', 578),
(1585, '0.10', '0.25', '30.00', 578),
(1586, '0.25', '0.50', '35.00', 578),
(1587, '0.00', '0.10', '25.00', 579),
(1588, '0.10', '0.25', '30.00', 579),
(1589, '0.25', '0.50', '35.00', 579),
(1590, '0.00', '0.10', '10.00', 580),
(1591, '0.10', '0.25', '10.00', 580),
(1592, '0.25', '0.50', '10.00', 580),
(1593, '0.00', '0.10', '10.00', 581),
(1594, '0.10', '0.25', '15.00', 581),
(1595, '0.25', '0.50', '20.00', 581),
(1608, '0.00', '0.10', '6.00', 586),
(1609, '0.10', '0.25', '8.00', 586),
(1610, '0.25', '0.50', '13.00', 586),
(1611, '0.50', '1.00', '23.00', 586),
(1612, '0.00', '0.10', '25.00', 582),
(1613, '0.10', '0.25', '30.00', 582),
(1614, '0.25', '0.50', '40.00', 582),
(1615, '0.00', '0.10', '10.00', 587),
(1616, '0.10', '0.25', '15.00', 587),
(1617, '0.25', '0.50', '25.00', 587),
(1618, '0.50', '1.00', '45.00', 587),
(1619, '0.00', '0.10', '25.00', 583),
(1620, '0.10', '0.25', '30.00', 583),
(1621, '0.25', '0.50', '40.00', 583),
(1622, '0.00', '0.10', '25.00', 584),
(1623, '0.10', '0.25', '30.00', 584),
(1624, '0.25', '0.50', '40.00', 584),
(1625, '0.00', '0.10', '25.00', 588),
(1626, '0.10', '0.25', '45.00', 588),
(1627, '0.25', '0.50', '80.00', 588),
(1628, '0.50', '1.00', '80.00', 588),
(1629, '0.00', '0.10', '25.00', 585),
(1630, '0.10', '0.25', '30.00', 585),
(1631, '0.25', '0.50', '40.00', 585),
(1632, '0.00', '0.10', '25.00', 589),
(1633, '0.10', '0.25', '45.00', 589),
(1634, '0.25', '0.50', '80.00', 589),
(1635, '0.50', '1.00', '80.00', 589),
(1636, '0.00', '0.10', '25.00', 590),
(1637, '0.10', '0.25', '30.00', 590),
(1638, '0.25', '0.50', '40.00', 590),
(1639, '0.00', '0.10', '25.00', 591),
(1640, '0.10', '0.25', '45.00', 591),
(1641, '0.25', '0.50', '80.00', 591),
(1642, '0.50', '1.00', '80.00', 591),
(1643, '0.00', '0.10', '10.00', 592),
(1644, '0.10', '0.25', '10.00', 592),
(1645, '0.25', '0.50', '10.00', 592),
(1646, '0.00', '0.10', '25.00', 593),
(1647, '0.10', '0.25', '45.00', 593),
(1648, '0.25', '0.50', '80.00', 593),
(1649, '0.50', '1.00', '80.00', 593),
(1671, '0.10', '0.25', '10.00', 606),
(1672, '0.25', '0.50', '20.00', 606),
(1675, '0.00', '0.10', '10.00', 608),
(1676, '0.10', '0.25', '15.00', 608),
(1677, '0.25', '0.50', '20.00', 608),
(1683, '0.00', '0.10', '20.00', 611),
(1684, '0.10', '0.25', '30.00', 611),
(1685, '0.25', '0.50', '40.00', 611),
(1686, '0.00', '0.10', '20.00', 612),
(1687, '0.10', '0.25', '30.00', 612),
(1688, '0.25', '0.50', '40.00', 612),
(1689, '0.00', '0.10', '20.00', 613),
(1690, '0.10', '0.25', '30.00', 613),
(1691, '0.25', '0.50', '40.00', 613),
(1692, '0.00', '0.10', '20.00', 614),
(1693, '0.10', '0.25', '30.00', 614),
(1694, '0.25', '0.50', '40.00', 614),
(1695, '0.00', '0.10', '15.00', 615),
(1696, '0.10', '0.25', '20.00', 615),
(1697, '0.25', '0.50', '30.00', 615),
(1698, '0.00', '0.10', '15.00', 616),
(1699, '0.10', '0.25', '20.00', 616),
(1700, '0.25', '0.50', '30.00', 616),
(1705, '0.00', '0.10', '25.00', 621),
(1706, '0.10', '0.25', '35.00', 621),
(1707, '0.25', '0.50', '55.00', 621),
(1708, '0.00', '0.10', '25.00', 622),
(1709, '0.10', '0.25', '35.00', 622),
(1710, '0.25', '0.50', '55.00', 622),
(1714, '0.00', '0.10', '25.00', 624),
(1715, '0.10', '0.25', '35.00', 624),
(1716, '0.25', '0.50', '55.00', 624),
(1717, '0.00', '0.10', '25.00', 623),
(1718, '0.10', '0.25', '35.00', 623),
(1719, '0.25', '0.50', '55.00', 623),
(1720, '0.00', '0.10', '20.00', 524),
(1721, '0.10', '0.25', '20.00', 524),
(1722, '0.25', '0.50', '30.00', 524),
(1723, '1.00', '1.00', '60.00', 625),
(1727, '1.00', '1.00', '60.00', 626),
(1728, '0.00', '0.10', '20.00', 519);
INSERT INTO `tbl_weight_rate_relation` (`Weight_Id`, `Weight_From`, `Weight_To`, `Amount`, `Rate_Id`) VALUES
(1729, '0.10', '0.25', '20.00', 519),
(1730, '0.25', '0.50', '30.00', 519),
(1731, '1.00', '1.00', '60.00', 627),
(1735, '1.00', '1.00', '60.00', 628),
(1736, '0.00', '0.10', '20.00', 527),
(1737, '0.10', '0.25', '20.00', 527),
(1738, '0.25', '0.50', '30.00', 527),
(1739, '0.00', '0.10', '10.00', 594),
(1740, '0.10', '0.25', '15.00', 594),
(1741, '0.25', '0.50', '15.00', 594),
(1742, '0.00', '0.50', '20.00', 629),
(1743, '0.00', '0.50', '20.00', 630),
(1744, '0.00', '0.50', '20.00', 631),
(1745, '0.00', '0.50', '20.00', 632),
(1746, '0.00', '0.50', '20.00', 633),
(1747, '0.00', '0.10', '10.00', 634),
(1748, '0.10', '0.25', '15.00', 634),
(1749, '0.25', '0.50', '15.00', 634),
(1750, '0.00', '0.10', '10.00', 635),
(1751, '0.10', '0.25', '15.00', 635),
(1752, '0.25', '0.50', '25.00', 635),
(1756, '0.00', '0.10', '10.00', 637),
(1757, '0.10', '0.25', '12.00', 637),
(1758, '0.25', '0.50', '15.00', 637),
(1762, '0.00', '0.10', '10.00', 639),
(1763, '0.10', '0.25', '12.00', 639),
(1764, '0.25', '0.50', '15.00', 639),
(1765, '0.00', '0.10', '20.00', 640),
(1766, '0.10', '0.25', '25.00', 640),
(1767, '0.25', '0.50', '50.00', 640),
(1768, '0.00', '0.10', '22.00', 641),
(1769, '0.10', '0.25', '26.00', 641),
(1770, '0.25', '0.50', '35.00', 641),
(1771, '0.00', '0.10', '20.00', 642),
(1772, '0.10', '0.25', '25.00', 642),
(1773, '0.25', '0.50', '50.00', 642),
(1774, '0.00', '0.10', '20.00', 643),
(1775, '0.10', '0.25', '25.00', 643),
(1776, '0.25', '0.50', '50.00', 643),
(1777, '0.00', '0.10', '20.00', 636),
(1778, '0.10', '0.25', '25.00', 636),
(1779, '0.25', '0.50', '50.00', 636),
(1780, '0.00', '0.10', '22.00', 644),
(1781, '0.10', '0.25', '26.00', 644),
(1782, '0.25', '0.50', '35.00', 644),
(1783, '0.00', '0.10', '20.00', 638),
(1784, '0.10', '0.25', '25.00', 638),
(1785, '0.25', '0.50', '50.00', 638),
(1786, '0.00', '0.10', '22.00', 645),
(1787, '0.10', '0.25', '26.00', 645),
(1788, '0.25', '0.50', '35.00', 645),
(1789, '0.00', '0.10', '22.00', 646),
(1790, '0.10', '0.25', '26.00', 646),
(1791, '0.25', '0.50', '35.00', 646),
(1819, '0.00', '0.10', '10.00', 656),
(1820, '0.10', '0.25', '12.00', 656),
(1821, '0.25', '0.50', '15.00', 656),
(1828, '0.00', '0.10', '15.00', 659),
(1829, '0.10', '0.25', '18.00', 659),
(1830, '0.25', '0.50', '20.00', 659),
(1840, '0.00', '0.10', '30.00', 663),
(1841, '0.10', '0.25', '35.00', 663),
(1842, '0.25', '0.50', '45.00', 663),
(1843, '0.00', '0.10', '30.00', 664),
(1844, '0.10', '0.25', '35.00', 664),
(1845, '0.25', '0.50', '45.00', 664),
(1846, '0.00', '0.10', '20.00', 665),
(1847, '0.10', '0.25', '20.00', 665),
(1848, '0.25', '0.50', '20.00', 665),
(1849, '0.00', '0.10', '30.00', 666),
(1850, '0.10', '0.25', '30.00', 666),
(1851, '0.25', '0.50', '40.00', 666),
(1852, '0.00', '0.10', '30.00', 667),
(1853, '0.10', '0.25', '35.00', 667),
(1854, '0.25', '0.50', '45.00', 667),
(1855, '0.00', '0.10', '50.00', 668),
(1856, '0.10', '0.25', '50.00', 668),
(1857, '0.25', '0.50', '80.00', 668),
(1858, '0.00', '0.10', '50.00', 669),
(1859, '0.10', '0.25', '50.00', 669),
(1860, '0.25', '0.50', '80.00', 669),
(1861, '0.00', '0.10', '50.00', 670),
(1862, '0.10', '0.25', '50.00', 670),
(1863, '0.25', '0.50', '80.00', 670),
(1864, '0.00', '0.10', '50.00', 671),
(1865, '0.10', '0.25', '50.00', 671),
(1866, '0.25', '0.50', '80.00', 671),
(1867, '0.00', '0.10', '50.00', 672),
(1868, '0.10', '0.25', '50.00', 672),
(1869, '0.25', '0.50', '80.00', 672),
(1870, '0.00', '0.10', '10.00', 673),
(1871, '0.10', '0.25', '10.00', 673),
(1872, '0.25', '0.50', '20.00', 673),
(1873, '0.00', '0.10', '10.00', 674),
(1874, '0.10', '0.25', '15.00', 674),
(1875, '0.25', '0.50', '20.00', 674),
(1876, '0.00', '0.10', '30.00', 675),
(1877, '0.10', '0.25', '35.00', 675),
(1878, '0.25', '0.50', '45.00', 675),
(1879, '0.00', '0.10', '20.00', 676),
(1880, '0.10', '0.25', '25.00', 676),
(1881, '0.25', '0.50', '37.00', 676),
(1882, '0.00', '0.10', '20.00', 677),
(1883, '0.10', '0.25', '25.00', 677),
(1884, '0.25', '0.50', '37.00', 677),
(1885, '0.00', '0.10', '20.00', 678),
(1886, '0.10', '0.25', '25.00', 678),
(1887, '0.25', '0.50', '37.00', 678),
(1888, '0.00', '0.10', '20.00', 679),
(1889, '0.10', '0.25', '25.00', 679),
(1890, '0.25', '0.50', '37.00', 679),
(1891, '0.00', '0.10', '20.00', 680),
(1892, '0.10', '0.25', '25.00', 680),
(1893, '0.25', '0.50', '37.00', 680),
(1906, '0.10', '0.25', '10.00', 688),
(1907, '0.25', '0.50', '15.00', 688),
(1911, '0.10', '0.25', '10.00', 690),
(1912, '0.25', '0.50', '20.00', 690),
(1919, '0.00', '0.10', '20.00', 693),
(1920, '0.10', '0.25', '25.00', 693),
(1921, '0.25', '0.50', '35.00', 693),
(1928, '0.00', '0.10', '20.00', 696),
(1929, '0.10', '0.25', '25.00', 696),
(1930, '0.25', '0.50', '35.00', 696),
(1934, '0.00', '0.10', '20.00', 698),
(1935, '0.10', '0.25', '25.00', 698),
(1936, '0.25', '0.50', '35.00', 698),
(1940, '0.00', '0.10', '20.00', 700),
(1941, '0.10', '0.25', '25.00', 700),
(1942, '0.25', '0.50', '35.00', 700),
(1970, '0.10', '0.25', '10.00', 710),
(1971, '0.25', '0.50', '15.00', 710),
(1990, '0.00', '0.10', '7.00', 716),
(1991, '0.10', '0.25', '7.00', 716),
(1992, '0.25', '0.50', '10.00', 716),
(1993, '0.00', '0.10', '10.00', 717),
(1994, '0.10', '0.25', '15.00', 717),
(1995, '0.25', '0.50', '20.00', 717),
(1996, '0.00', '0.10', '12.00', 718),
(1997, '0.10', '0.25', '15.00', 718),
(1998, '0.25', '0.50', '15.00', 718),
(1999, '0.00', '0.10', '20.00', 719),
(2000, '0.10', '0.25', '30.00', 719),
(2001, '0.25', '0.50', '40.00', 719),
(2002, '0.00', '0.10', '18.00', 720),
(2003, '0.10', '0.25', '20.00', 720),
(2004, '0.25', '0.50', '35.00', 720),
(2005, '0.00', '0.10', '18.00', 721),
(2006, '0.10', '0.25', '20.00', 721),
(2007, '0.25', '0.50', '35.00', 721),
(2008, '0.00', '0.10', '20.00', 722),
(2009, '0.10', '0.25', '30.00', 722),
(2010, '0.25', '0.50', '40.00', 722),
(2011, '0.00', '0.10', '18.00', 723),
(2012, '0.10', '0.25', '20.00', 723),
(2013, '0.25', '0.50', '35.00', 723),
(2014, '0.00', '0.10', '20.00', 724),
(2015, '0.10', '0.25', '30.00', 724),
(2016, '0.25', '0.50', '40.00', 724),
(2017, '0.00', '0.10', '18.00', 725),
(2018, '0.10', '0.25', '20.00', 725),
(2019, '0.25', '0.50', '35.00', 725),
(2020, '0.00', '0.10', '18.00', 726),
(2021, '0.10', '0.25', '20.00', 726),
(2022, '0.25', '0.50', '35.00', 726),
(2023, '0.00', '0.10', '20.00', 727),
(2024, '0.10', '0.25', '30.00', 727),
(2025, '0.25', '0.50', '40.00', 727),
(2026, '0.00', '0.10', '10.00', 728),
(2027, '0.10', '0.25', '12.00', 728),
(2028, '0.25', '0.50', '15.00', 728),
(2029, '0.00', '0.10', '10.00', 729),
(2030, '0.10', '0.25', '15.00', 729),
(2031, '0.25', '0.50', '25.00', 729),
(2032, '0.00', '0.10', '20.00', 730),
(2033, '0.10', '0.25', '25.00', 730),
(2034, '0.25', '0.50', '35.00', 730),
(2035, '0.00', '0.10', '20.00', 731),
(2036, '0.10', '0.25', '25.00', 731),
(2037, '0.25', '0.50', '35.00', 731),
(2038, '0.00', '0.10', '20.00', 732),
(2039, '0.10', '0.25', '25.00', 732),
(2040, '0.25', '0.50', '35.00', 732),
(2041, '0.00', '0.10', '20.00', 733),
(2042, '0.10', '0.25', '25.00', 733),
(2043, '0.25', '0.50', '35.00', 733),
(2044, '0.00', '0.10', '20.00', 734),
(2045, '0.10', '0.25', '25.00', 734),
(2046, '0.25', '0.50', '35.00', 734),
(2047, '0.00', '0.10', '10.00', 735),
(2048, '0.10', '0.25', '10.00', 735),
(2049, '0.25', '0.50', '15.00', 735),
(2050, '0.00', '0.10', '12.00', 736),
(2051, '0.10', '0.25', '12.00', 736),
(2052, '0.25', '0.50', '17.00', 736),
(2053, '0.10', '0.25', '10.00', 737),
(2054, '0.25', '0.50', '10.00', 737),
(2055, '0.00', '0.10', '25.00', 738),
(2056, '0.10', '0.25', '35.00', 738),
(2057, '0.25', '0.50', '45.00', 738),
(2058, '0.10', '0.25', '10.00', 739),
(2059, '0.25', '0.50', '10.00', 739),
(2060, '0.00', '0.10', '25.00', 740),
(2061, '0.10', '0.25', '35.00', 740),
(2062, '0.25', '0.50', '45.00', 740),
(2063, '0.00', '0.10', '25.00', 741),
(2064, '0.10', '0.25', '35.00', 741),
(2065, '0.25', '0.50', '45.00', 741),
(2066, '0.10', '0.25', '20.00', 742),
(2067, '0.25', '0.50', '30.00', 742),
(2068, '0.00', '0.10', '25.00', 743),
(2069, '0.10', '0.25', '35.00', 743),
(2070, '0.25', '0.50', '45.00', 743),
(2073, '0.10', '0.25', '20.00', 745),
(2074, '0.25', '0.50', '30.00', 745),
(2075, '0.00', '0.10', '25.00', 746),
(2076, '0.10', '0.25', '35.00', 746),
(2077, '0.25', '0.50', '45.00', 746),
(2078, '0.10', '0.25', '20.00', 747),
(2079, '0.25', '0.50', '30.00', 747),
(2080, '0.10', '0.25', '20.00', 744),
(2081, '0.25', '0.50', '30.00', 744),
(2082, '0.00', '0.10', '10.00', 748),
(2083, '0.10', '0.25', '10.00', 748),
(2084, '0.25', '0.50', '20.00', 748),
(2085, '0.00', '0.10', '15.00', 749),
(2086, '0.10', '0.25', '20.00', 749),
(2087, '0.25', '0.50', '25.00', 749),
(2088, '0.00', '0.10', '20.00', 750),
(2089, '0.10', '0.25', '25.00', 750),
(2090, '0.25', '0.50', '35.00', 750),
(2091, '0.00', '0.10', '20.00', 751),
(2092, '0.10', '0.25', '25.00', 751),
(2093, '0.25', '0.50', '35.00', 751),
(2094, '0.00', '0.10', '20.00', 752),
(2095, '0.10', '0.25', '25.00', 752),
(2096, '0.25', '0.50', '35.00', 752),
(2097, '0.00', '0.10', '20.00', 753),
(2098, '0.10', '0.25', '25.00', 753),
(2099, '0.25', '0.50', '35.00', 753),
(2100, '0.00', '0.10', '20.00', 754),
(2101, '0.10', '0.25', '25.00', 754),
(2102, '0.25', '0.50', '35.00', 754),
(2150, '0.10', '0.25', '6.00', 768),
(2151, '0.25', '0.50', '12.00', 768),
(2158, '0.10', '0.25', '10.00', 769),
(2159, '0.25', '0.50', '20.00', 769),
(2166, '0.10', '0.25', '20.00', 770),
(2167, '0.25', '0.50', '40.00', 770),
(2170, '0.10', '0.25', '20.00', 772),
(2171, '0.25', '0.50', '40.00', 772),
(2172, '0.10', '0.25', '20.00', 773),
(2173, '0.25', '0.50', '40.00', 773),
(2174, '0.10', '0.25', '20.00', 771),
(2175, '0.25', '0.50', '20.00', 771),
(2176, '0.00', '0.10', '8.00', 774),
(2177, '0.10', '0.25', '10.00', 774),
(2178, '0.25', '0.50', '15.00', 774),
(2179, '0.00', '0.10', '12.00', 775),
(2180, '0.10', '0.25', '15.00', 775),
(2181, '0.25', '0.50', '20.00', 775),
(2182, '0.00', '0.10', '22.00', 776),
(2183, '0.10', '0.25', '27.00', 776),
(2184, '0.25', '0.50', '40.00', 776),
(2185, '0.00', '0.10', '22.00', 777),
(2186, '0.10', '0.25', '27.00', 777),
(2187, '0.25', '0.50', '40.00', 777),
(2188, '0.00', '0.10', '22.00', 778),
(2189, '0.10', '0.25', '27.00', 778),
(2190, '0.25', '0.50', '40.00', 778),
(2191, '0.00', '0.10', '22.00', 779),
(2192, '0.10', '0.25', '27.00', 779),
(2193, '0.25', '0.50', '40.00', 779),
(2194, '0.00', '0.10', '22.00', 780),
(2195, '0.10', '0.25', '27.00', 780),
(2196, '0.25', '0.50', '40.00', 780),
(2197, '0.00', '0.25', '9.00', 781),
(2198, '0.25', '0.50', '12.00', 781),
(2199, '0.00', '0.25', '15.00', 782),
(2200, '0.25', '0.50', '15.00', 782),
(2201, '0.00', '0.10', '20.00', 783),
(2202, '0.10', '0.25', '35.00', 783),
(2203, '0.25', '0.50', '35.00', 783),
(2204, '0.00', '0.10', '20.00', 784),
(2205, '0.10', '0.25', '35.00', 784),
(2206, '0.25', '0.50', '35.00', 784),
(2207, '0.00', '0.10', '20.00', 785),
(2208, '0.10', '0.25', '35.00', 785),
(2209, '0.25', '0.50', '35.00', 785),
(2210, '0.00', '0.10', '20.00', 786),
(2211, '0.10', '0.25', '35.00', 786),
(2212, '0.25', '0.50', '35.00', 786),
(2213, '0.00', '0.10', '20.00', 787),
(2214, '0.10', '0.25', '35.00', 787),
(2215, '0.25', '0.50', '35.00', 787),
(2216, '0.00', '0.25', '7.00', 788),
(2217, '0.25', '0.50', '10.00', 788),
(2218, '0.00', '0.25', '12.00', 789),
(2219, '0.25', '0.50', '20.00', 789),
(2220, '0.00', '0.10', '18.00', 790),
(2221, '0.10', '0.25', '20.00', 790),
(2222, '0.25', '0.50', '35.00', 790),
(2223, '0.00', '0.10', '18.00', 791),
(2224, '0.10', '0.25', '20.00', 791),
(2225, '0.25', '0.50', '35.00', 791),
(2226, '0.00', '0.10', '18.00', 792),
(2227, '0.10', '0.25', '20.00', 792),
(2228, '0.25', '0.50', '35.00', 792),
(2229, '0.00', '0.10', '18.00', 793),
(2230, '0.10', '0.25', '20.00', 793),
(2231, '0.25', '0.50', '35.00', 793),
(2232, '0.00', '0.10', '18.00', 794),
(2233, '0.10', '0.25', '20.00', 794),
(2234, '0.25', '0.50', '35.00', 794),
(2254, '0.00', '0.10', '10.00', 802),
(2255, '0.10', '0.25', '12.00', 802),
(2256, '0.25', '0.50', '15.00', 802),
(2257, '0.00', '0.10', '15.00', 803),
(2258, '0.10', '0.25', '15.00', 803),
(2259, '0.25', '0.50', '20.00', 803),
(2260, '0.00', '0.10', '30.00', 804),
(2261, '0.10', '0.25', '35.00', 804),
(2262, '0.25', '0.50', '50.00', 804),
(2263, '0.00', '0.10', '30.00', 805),
(2264, '0.10', '0.25', '35.00', 805),
(2265, '0.25', '0.50', '50.00', 805),
(2266, '0.00', '0.10', '30.00', 806),
(2267, '0.10', '0.25', '35.00', 806),
(2268, '0.25', '0.50', '50.00', 806),
(2269, '0.00', '0.10', '30.00', 807),
(2270, '0.10', '0.25', '35.00', 807),
(2271, '0.25', '0.50', '50.00', 807),
(2272, '0.00', '0.10', '10.00', 808),
(2273, '0.10', '0.25', '12.00', 808),
(2274, '0.25', '0.50', '15.00', 808),
(2275, '0.00', '0.10', '15.00', 809),
(2276, '0.10', '0.25', '18.00', 809),
(2277, '0.25', '0.50', '20.00', 809),
(2278, '0.00', '0.10', '30.00', 810),
(2279, '0.10', '0.25', '35.00', 810),
(2280, '0.25', '0.50', '45.00', 810),
(2281, '0.00', '0.10', '30.00', 811),
(2282, '0.10', '0.25', '35.00', 811),
(2283, '0.25', '0.50', '45.00', 811),
(2284, '0.00', '0.10', '30.00', 812),
(2285, '0.10', '0.25', '35.00', 812),
(2286, '0.25', '0.50', '45.00', 812),
(2287, '0.00', '0.10', '30.00', 813),
(2288, '0.10', '0.25', '35.00', 813),
(2289, '0.25', '0.50', '45.00', 813),
(2290, '0.00', '0.10', '10.00', 814),
(2291, '0.10', '0.25', '12.00', 814),
(2292, '0.25', '0.50', '15.00', 814),
(2293, '0.00', '0.10', '12.00', 815),
(2294, '0.10', '0.25', '15.00', 815),
(2295, '0.25', '0.50', '20.00', 815),
(2296, '0.00', '0.10', '20.00', 816),
(2297, '0.10', '0.25', '35.00', 816),
(2298, '0.25', '0.50', '45.00', 816),
(2299, '0.00', '0.10', '20.00', 817),
(2300, '0.10', '0.25', '35.00', 817),
(2301, '0.25', '0.50', '45.00', 817),
(2302, '0.00', '0.10', '20.00', 818),
(2303, '0.10', '0.25', '35.00', 818),
(2304, '0.25', '0.50', '45.00', 818),
(2305, '0.00', '0.10', '20.00', 819),
(2306, '0.10', '0.25', '35.00', 819),
(2307, '0.25', '0.50', '45.00', 819),
(2308, '0.50', '1.00', '20.00', 820),
(2309, '0.50', '1.00', '30.00', 821),
(2310, '1.00', '1.00', '65.00', 822),
(2311, '1.00', '1.00', '65.00', 823),
(2312, '1.00', '1.00', '65.00', 824),
(2313, '1.00', '1.00', '65.00', 825),
(2314, '0.00', '0.10', '15.00', 826),
(2315, '0.10', '0.25', '20.00', 826),
(2316, '0.25', '0.50', '30.00', 826),
(2317, '0.00', '0.10', '15.00', 827),
(2318, '0.10', '0.25', '15.00', 827),
(2319, '0.25', '0.50', '30.00', 827),
(2320, '0.00', '0.10', '22.00', 828),
(2321, '0.10', '0.25', '25.00', 828),
(2322, '0.25', '0.50', '50.00', 828),
(2323, '0.00', '0.10', '22.00', 829),
(2324, '0.10', '0.25', '25.00', 829),
(2325, '0.25', '0.50', '50.00', 829),
(2326, '0.00', '0.10', '22.00', 830),
(2327, '0.10', '0.25', '25.00', 830),
(2328, '0.25', '0.50', '50.00', 830),
(2329, '0.00', '0.10', '22.00', 831),
(2330, '0.10', '0.25', '25.00', 831),
(2331, '0.25', '0.50', '50.00', 831),
(2332, '0.00', '0.10', '10.00', 832),
(2333, '0.10', '0.50', '15.00', 832),
(2334, '0.50', '1.00', '20.00', 832),
(2335, '0.00', '0.10', '15.00', 833),
(2336, '0.10', '0.50', '25.00', 833),
(2337, '0.50', '1.00', '40.00', 833),
(2344, '0.00', '0.10', '25.00', 836),
(2345, '0.10', '0.50', '50.00', 836),
(2346, '0.50', '1.00', '100.00', 836),
(2347, '0.00', '0.10', '25.00', 837),
(2348, '0.10', '0.50', '50.00', 837),
(2349, '0.50', '1.00', '100.00', 837),
(2350, '0.00', '0.10', '25.00', 834),
(2351, '0.10', '0.50', '50.00', 834),
(2352, '0.50', '1.00', '100.00', 834),
(2353, '0.00', '0.10', '25.00', 835),
(2354, '0.10', '0.50', '50.00', 835),
(2355, '0.50', '1.00', '100.00', 835),
(2356, '0.00', '0.10', '10.00', 838),
(2357, '0.10', '0.25', '15.00', 838),
(2358, '0.25', '0.50', '20.00', 838),
(2362, '0.00', '0.10', '10.00', 840),
(2363, '0.10', '0.25', '15.00', 840),
(2364, '0.25', '0.50', '15.00', 840),
(2365, '0.00', '0.10', '20.00', 839),
(2366, '0.10', '0.25', '25.00', 839),
(2367, '0.25', '0.50', '30.00', 839),
(2368, '0.00', '0.10', '15.00', 841),
(2369, '0.10', '0.25', '20.00', 841),
(2370, '0.25', '0.50', '20.00', 841),
(2371, '0.00', '0.10', '30.00', 842),
(2372, '0.10', '0.25', '35.00', 842),
(2373, '0.25', '0.50', '40.00', 842),
(2374, '0.00', '0.10', '25.00', 843),
(2375, '0.10', '0.25', '40.00', 843),
(2376, '0.25', '0.50', '40.00', 843),
(2377, '0.00', '0.10', '30.00', 844),
(2378, '0.10', '0.25', '35.00', 844),
(2379, '0.25', '0.50', '40.00', 844),
(2380, '0.00', '0.10', '25.00', 845),
(2381, '0.10', '0.25', '40.00', 845),
(2382, '0.25', '0.50', '40.00', 845),
(2383, '0.00', '0.10', '30.00', 846),
(2384, '0.10', '0.25', '35.00', 846),
(2385, '0.25', '0.50', '40.00', 846),
(2386, '0.00', '0.10', '30.00', 847),
(2387, '0.10', '0.25', '35.00', 847),
(2388, '0.25', '0.50', '40.00', 847),
(2389, '0.00', '0.10', '30.00', 848),
(2390, '0.10', '0.25', '35.00', 848),
(2391, '0.25', '0.50', '40.00', 848),
(2392, '0.00', '0.10', '25.00', 849),
(2393, '0.10', '0.25', '40.00', 849),
(2394, '0.25', '0.50', '40.00', 849),
(2395, '0.00', '0.10', '25.00', 850),
(2396, '0.10', '0.25', '40.00', 850),
(2397, '0.25', '0.50', '20.00', 850),
(2398, '0.10', '0.25', '10.00', 851),
(2399, '0.25', '0.50', '15.00', 851),
(2400, '0.10', '0.25', '30.00', 852),
(2401, '0.25', '0.50', '50.00', 852),
(2402, '0.10', '0.25', '30.00', 853),
(2403, '0.25', '0.50', '50.00', 853),
(2404, '0.10', '0.25', '30.00', 854),
(2405, '0.25', '0.50', '50.00', 854),
(2406, '0.10', '0.25', '30.00', 855),
(2407, '0.25', '0.50', '50.00', 855),
(2408, '0.10', '0.25', '30.00', 856),
(2409, '0.25', '0.50', '50.00', 856),
(2410, '0.00', '0.25', '10.00', 857),
(2411, '0.25', '0.50', '15.00', 857),
(2412, '0.10', '0.25', '15.00', 858),
(2413, '0.25', '0.50', '20.00', 858),
(2414, '0.10', '0.25', '25.00', 859),
(2415, '0.25', '0.50', '40.00', 859),
(2416, '0.10', '0.25', '25.00', 860),
(2417, '0.25', '0.50', '40.00', 860),
(2418, '0.10', '0.25', '25.00', 861),
(2419, '0.25', '0.50', '40.00', 861),
(2420, '0.10', '0.25', '25.00', 862),
(2421, '0.25', '0.50', '40.00', 862),
(2422, '0.10', '0.25', '10.00', 863),
(2423, '0.25', '0.50', '15.00', 863),
(2424, '0.10', '0.25', '15.00', 864),
(2425, '0.25', '0.50', '20.00', 864),
(2426, '0.10', '0.25', '25.00', 865),
(2427, '0.25', '0.50', '40.00', 865),
(2428, '0.10', '0.25', '25.00', 866),
(2429, '0.25', '0.50', '40.00', 866),
(2430, '0.10', '0.25', '25.00', 867),
(2431, '0.25', '0.50', '40.00', 867),
(2432, '0.10', '0.25', '25.00', 868),
(2433, '0.25', '0.50', '40.00', 868),
(2434, '0.10', '0.25', '10.00', 869),
(2435, '0.25', '0.50', '15.00', 869),
(2436, '0.00', '0.10', '10.00', 870),
(2437, '0.10', '0.25', '10.00', 870),
(2438, '0.25', '0.50', '15.00', 870),
(2439, '0.00', '0.10', '10.00', 871),
(2440, '0.10', '0.25', '10.00', 871),
(2441, '0.25', '0.50', '15.00', 871),
(2442, '0.00', '0.10', '20.00', 872),
(2443, '0.10', '0.25', '25.00', 872),
(2444, '0.25', '0.50', '30.00', 872),
(2445, '0.00', '0.10', '20.00', 873),
(2446, '0.10', '0.25', '25.00', 873),
(2447, '0.25', '0.50', '30.00', 873),
(2448, '0.00', '0.10', '20.00', 874),
(2449, '0.10', '0.25', '25.00', 874),
(2450, '0.25', '0.50', '30.00', 874),
(2451, '0.00', '0.10', '20.00', 875),
(2452, '0.10', '0.25', '25.00', 875),
(2453, '0.25', '0.50', '30.00', 875),
(2454, '0.00', '0.10', '20.00', 876),
(2455, '0.10', '0.25', '25.00', 876),
(2456, '0.25', '0.50', '30.00', 876),
(2457, '0.00', '0.10', '7.00', 877),
(2458, '0.10', '0.25', '10.00', 877),
(2459, '0.25', '0.50', '15.00', 877),
(2460, '0.00', '0.10', '10.00', 878),
(2461, '0.10', '0.25', '15.00', 878),
(2462, '0.25', '0.50', '20.00', 878),
(2463, '0.00', '0.10', '15.00', 879),
(2464, '0.10', '0.25', '25.00', 879),
(2465, '0.25', '0.50', '35.00', 879),
(2466, '0.00', '0.10', '15.00', 880),
(2467, '0.10', '0.25', '25.00', 880),
(2468, '0.25', '0.50', '35.00', 880),
(2469, '0.00', '0.10', '15.00', 881),
(2470, '0.10', '0.25', '25.00', 881),
(2471, '0.25', '0.50', '35.00', 881),
(2472, '0.00', '0.10', '15.00', 882),
(2473, '0.10', '0.25', '25.00', 882),
(2474, '0.25', '0.50', '35.00', 882),
(2475, '0.00', '0.10', '15.00', 883),
(2476, '0.10', '0.25', '25.00', 883),
(2477, '0.25', '0.50', '35.00', 883),
(2478, '0.00', '0.10', '8.00', 884),
(2479, '0.10', '0.25', '10.00', 884),
(2480, '0.25', '0.50', '12.00', 884),
(2481, '0.00', '0.10', '10.00', 885),
(2482, '0.10', '0.25', '12.00', 885),
(2483, '0.25', '0.50', '15.00', 885),
(2484, '0.00', '0.10', '20.00', 886),
(2485, '0.10', '0.25', '30.00', 886),
(2486, '0.25', '0.50', '45.00', 886),
(2487, '0.00', '0.10', '20.00', 887),
(2488, '0.10', '0.25', '30.00', 887),
(2489, '0.25', '0.50', '45.00', 887),
(2490, '0.00', '0.10', '20.00', 888),
(2491, '0.10', '0.25', '30.00', 888),
(2492, '0.25', '0.50', '45.00', 888),
(2493, '0.00', '0.10', '20.00', 889),
(2494, '0.10', '0.25', '30.00', 889),
(2495, '0.25', '0.50', '45.00', 889),
(2496, '0.00', '0.10', '20.00', 890),
(2497, '0.10', '0.25', '30.00', 890),
(2498, '0.25', '0.50', '45.00', 890),
(2499, '0.10', '0.25', '15.00', 891),
(2500, '0.25', '0.50', '20.00', 891),
(2501, '0.10', '0.25', '25.00', 892),
(2502, '0.25', '0.50', '40.00', 892),
(2506, '0.10', '0.25', '25.00', 894),
(2507, '0.25', '0.50', '40.00', 894),
(2514, '0.10', '0.25', '25.00', 897),
(2515, '0.25', '0.50', '40.00', 897),
(2519, '0.10', '0.25', '25.00', 899),
(2520, '0.25', '0.50', '40.00', 899),
(2530, '0.00', '0.10', '10.00', 903),
(2531, '0.10', '0.25', '12.00', 903),
(2532, '0.25', '0.50', '15.00', 903),
(2533, '0.00', '0.10', '10.00', 904),
(2534, '0.10', '0.25', '12.00', 904),
(2535, '0.25', '0.50', '15.00', 904),
(2536, '0.00', '0.10', '20.00', 905),
(2537, '0.10', '0.25', '25.00', 905),
(2538, '0.25', '0.50', '40.00', 905),
(2539, '0.00', '0.10', '20.00', 906),
(2540, '0.10', '0.25', '25.00', 906),
(2541, '0.25', '0.50', '40.00', 906),
(2545, '0.00', '0.10', '20.00', 908),
(2546, '0.10', '0.25', '25.00', 908),
(2547, '0.25', '0.50', '40.00', 908),
(2548, '0.00', '0.10', '20.00', 909),
(2549, '0.10', '0.25', '25.00', 909),
(2550, '0.25', '0.50', '40.00', 909),
(2551, '0.00', '0.10', '7.00', 910),
(2552, '0.10', '0.25', '7.00', 910),
(2553, '0.25', '0.50', '10.00', 910),
(2554, '0.00', '0.10', '10.00', 911),
(2555, '0.10', '0.25', '15.00', 911),
(2556, '0.25', '0.50', '20.00', 911),
(2557, '0.00', '0.10', '25.00', 912),
(2558, '0.10', '0.25', '30.00', 912),
(2559, '0.25', '0.50', '40.00', 912),
(2560, '0.00', '0.10', '25.00', 913),
(2561, '0.10', '0.25', '30.00', 913),
(2562, '0.25', '0.50', '40.00', 913),
(2563, '0.00', '0.10', '25.00', 914),
(2564, '0.10', '0.25', '30.00', 914),
(2565, '0.25', '0.50', '40.00', 914),
(2566, '0.00', '0.10', '25.00', 915),
(2567, '0.10', '0.25', '30.00', 915),
(2568, '0.25', '0.50', '40.00', 915),
(2569, '0.00', '0.10', '25.00', 916),
(2570, '0.10', '0.25', '30.00', 916),
(2571, '0.25', '0.50', '40.00', 916),
(2572, '0.00', '0.10', '7.00', 917),
(2573, '0.10', '0.25', '7.00', 917),
(2574, '0.25', '0.50', '10.00', 917),
(2575, '0.00', '0.10', '5.00', 918),
(2576, '0.10', '0.25', '5.00', 918),
(2577, '0.25', '0.50', '8.00', 918),
(2578, '0.00', '0.10', '10.00', 919),
(2579, '0.10', '0.25', '15.00', 919),
(2580, '0.25', '0.50', '20.00', 919),
(2581, '0.00', '0.10', '25.00', 920),
(2582, '0.10', '0.25', '30.00', 920),
(2583, '0.25', '0.50', '40.00', 920),
(2584, '0.00', '0.10', '10.00', 921),
(2585, '0.10', '0.25', '12.00', 921),
(2586, '0.25', '0.50', '15.00', 921),
(2595, '0.10', '0.25', '15.00', 926),
(2596, '0.25', '0.50', '20.00', 926),
(2597, '0.00', '0.10', '25.00', 927),
(2598, '0.10', '0.25', '30.00', 927),
(2599, '0.25', '0.50', '40.00', 927),
(2602, '0.00', '0.10', '25.00', 929),
(2603, '0.10', '0.25', '30.00', 929),
(2604, '0.25', '0.50', '40.00', 929),
(2607, '0.00', '0.10', '25.00', 931),
(2608, '0.10', '0.25', '30.00', 931),
(2609, '0.25', '0.50', '40.00', 931),
(2612, '0.00', '0.10', '25.00', 933),
(2613, '0.10', '0.25', '30.00', 933),
(2614, '0.25', '0.50', '40.00', 933),
(2617, '0.10', '0.25', '15.00', 928),
(2618, '0.25', '0.50', '20.00', 928),
(2621, '0.10', '0.25', '15.00', 930),
(2622, '0.25', '0.50', '20.00', 930),
(2623, '0.10', '0.25', '15.00', 932),
(2624, '0.25', '0.50', '20.00', 932),
(2625, '0.00', '0.10', '7.00', 934),
(2626, '0.10', '0.25', '12.00', 934),
(2627, '0.25', '0.50', '15.00', 934),
(2628, '0.00', '0.10', '10.00', 935),
(2629, '0.10', '0.25', '15.00', 935),
(2630, '0.25', '0.50', '20.00', 935),
(2631, '0.00', '0.10', '25.00', 936),
(2632, '0.10', '0.25', '30.00', 936),
(2633, '0.25', '0.50', '40.00', 936),
(2634, '0.00', '0.10', '25.00', 937),
(2635, '0.10', '0.25', '30.00', 937),
(2636, '0.25', '0.50', '40.00', 937),
(2637, '0.00', '0.10', '25.00', 938),
(2638, '0.10', '0.25', '30.00', 938),
(2639, '0.25', '0.50', '40.00', 938),
(2640, '0.00', '0.10', '10.00', 939),
(2641, '0.10', '0.25', '20.00', 939),
(2642, '0.25', '0.50', '25.00', 939),
(2643, '0.00', '0.10', '25.00', 940),
(2644, '0.10', '0.25', '30.00', 940),
(2645, '0.25', '0.50', '40.00', 940),
(2646, '0.00', '0.10', '25.00', 941),
(2647, '0.10', '0.25', '30.00', 941),
(2648, '0.25', '0.50', '40.00', 941),
(2655, '0.00', '0.10', '25.00', 944),
(2656, '0.10', '0.25', '35.00', 944),
(2657, '0.25', '0.50', '50.00', 944),
(2658, '0.00', '0.10', '25.00', 945),
(2659, '0.10', '0.25', '35.00', 945),
(2660, '0.25', '0.50', '50.00', 945),
(2661, '0.00', '0.10', '7.00', 946),
(2662, '0.10', '0.25', '7.00', 946),
(2663, '0.25', '0.50', '10.00', 946),
(2664, '0.00', '0.10', '25.00', 947),
(2665, '0.10', '0.25', '35.00', 947),
(2666, '0.25', '0.50', '50.00', 947),
(2667, '0.00', '0.10', '10.00', 948),
(2668, '0.10', '0.25', '15.00', 948),
(2669, '0.25', '0.50', '20.00', 948),
(2670, '0.00', '0.10', '15.00', 942),
(2671, '0.10', '0.25', '20.00', 942),
(2672, '0.25', '0.50', '25.00', 942),
(2673, '0.00', '0.10', '25.00', 949),
(2674, '0.10', '0.25', '30.00', 949),
(2675, '0.25', '0.50', '40.00', 949),
(2676, '0.00', '0.10', '25.00', 943),
(2677, '0.10', '0.25', '35.00', 943),
(2678, '0.25', '0.50', '50.00', 943),
(2679, '0.00', '0.10', '25.00', 950),
(2680, '0.10', '0.25', '30.00', 950),
(2681, '0.25', '0.50', '40.00', 950),
(2682, '0.00', '0.10', '25.00', 951),
(2683, '0.10', '0.25', '30.00', 951),
(2684, '0.25', '0.50', '40.00', 951),
(2685, '0.00', '0.10', '25.00', 952),
(2686, '0.10', '0.25', '30.00', 952),
(2687, '0.25', '0.50', '40.00', 952),
(2688, '0.00', '0.10', '25.00', 953),
(2689, '0.10', '0.25', '30.00', 953),
(2690, '0.25', '0.50', '40.00', 953),
(2691, '0.00', '0.10', '7.00', 954),
(2692, '0.10', '0.25', '7.00', 954),
(2693, '0.25', '0.50', '10.00', 954),
(2694, '0.00', '0.10', '10.00', 955),
(2695, '0.10', '0.25', '15.00', 955),
(2696, '0.25', '0.50', '20.00', 955),
(2697, '0.00', '0.10', '25.00', 956),
(2698, '0.10', '0.25', '25.00', 956),
(2699, '0.25', '0.50', '45.00', 956),
(2700, '0.00', '0.10', '25.00', 957),
(2701, '0.10', '0.25', '25.00', 957),
(2702, '0.25', '0.50', '45.00', 957),
(2703, '0.00', '0.10', '25.00', 958),
(2704, '0.10', '0.25', '25.00', 958),
(2705, '0.25', '0.50', '45.00', 958),
(2706, '0.00', '0.10', '25.00', 959),
(2707, '0.10', '0.25', '25.00', 959),
(2708, '0.25', '0.50', '45.00', 959),
(2709, '0.00', '0.10', '25.00', 960),
(2710, '0.10', '0.25', '25.00', 960),
(2711, '0.25', '0.50', '45.00', 960),
(2712, '0.00', '0.10', '7.00', 961),
(2713, '0.10', '0.25', '7.00', 961),
(2714, '0.25', '0.50', '10.00', 961),
(2715, '0.00', '0.10', '10.00', 962),
(2716, '0.10', '0.25', '15.00', 962),
(2717, '0.25', '0.50', '20.00', 962),
(2718, '0.00', '0.10', '25.00', 963),
(2719, '0.10', '0.25', '30.00', 963),
(2720, '0.25', '0.50', '40.00', 963),
(2721, '0.00', '0.10', '25.00', 964),
(2722, '0.10', '0.25', '30.00', 964),
(2723, '0.25', '0.50', '40.00', 964),
(2724, '0.00', '0.10', '25.00', 965),
(2725, '0.10', '0.25', '30.00', 965),
(2726, '0.25', '0.50', '40.00', 965),
(2727, '0.00', '0.10', '25.00', 966),
(2728, '0.10', '0.25', '30.00', 966),
(2729, '0.25', '0.50', '40.00', 966),
(2730, '0.00', '0.10', '25.00', 967),
(2731, '0.10', '0.25', '30.00', 967),
(2732, '0.25', '0.50', '40.00', 967),
(2733, '0.00', '0.10', '7.00', 968),
(2734, '0.10', '0.25', '7.00', 968),
(2735, '0.25', '0.50', '10.00', 968),
(2736, '0.00', '0.10', '10.00', 969),
(2737, '0.10', '0.25', '15.00', 969),
(2738, '0.25', '0.50', '20.00', 969),
(2739, '0.00', '0.10', '25.00', 970),
(2740, '0.10', '0.25', '30.00', 970),
(2741, '0.25', '0.50', '40.00', 970),
(2742, '0.00', '0.10', '25.00', 971),
(2743, '0.10', '0.25', '30.00', 971),
(2744, '0.25', '0.50', '40.00', 971),
(2745, '0.00', '0.10', '25.00', 972),
(2746, '0.10', '0.25', '30.00', 972),
(2747, '0.25', '0.50', '40.00', 972),
(2748, '0.00', '0.10', '25.00', 973),
(2749, '0.10', '0.25', '30.00', 973),
(2750, '0.25', '0.50', '40.00', 973),
(2751, '0.00', '0.10', '25.00', 974),
(2752, '0.10', '0.25', '30.00', 974),
(2753, '0.25', '0.50', '40.00', 974),
(2754, '0.00', '0.10', '7.00', 975),
(2755, '0.10', '0.25', '7.00', 975),
(2756, '0.25', '0.50', '10.00', 975),
(2757, '0.00', '0.10', '10.00', 976),
(2758, '0.10', '0.25', '12.00', 976),
(2759, '0.25', '0.50', '15.00', 976),
(2760, '0.00', '0.10', '25.00', 977),
(2761, '0.10', '0.25', '30.00', 977),
(2762, '0.25', '0.50', '40.00', 977),
(2763, '0.00', '0.10', '25.00', 978),
(2764, '0.10', '0.25', '30.00', 978),
(2765, '0.25', '0.50', '40.00', 978),
(2766, '0.00', '0.10', '25.00', 979),
(2767, '0.10', '0.25', '30.00', 979),
(2768, '0.25', '0.50', '40.00', 979),
(2769, '0.00', '0.10', '25.00', 980),
(2770, '0.10', '0.25', '30.00', 980),
(2771, '0.25', '0.50', '40.00', 980),
(2772, '0.00', '0.10', '25.00', 981),
(2773, '0.10', '0.25', '30.00', 981),
(2774, '0.25', '0.50', '40.00', 981),
(2775, '0.10', '0.25', '8.00', 982),
(2776, '0.25', '0.50', '8.00', 982),
(2777, '0.50', '1.00', '8.00', 982),
(2778, '0.00', '0.10', '7.00', 983),
(2779, '0.10', '0.25', '7.00', 983),
(2780, '0.25', '0.50', '10.00', 983),
(2781, '0.10', '0.25', '12.00', 984),
(2782, '0.25', '0.50', '12.00', 984),
(2783, '0.50', '1.00', '12.00', 984),
(2784, '0.00', '0.10', '10.00', 985),
(2785, '0.10', '0.25', '10.00', 985),
(2786, '0.25', '0.50', '20.00', 985),
(2787, '0.10', '0.25', '20.00', 986),
(2788, '0.25', '0.50', '40.00', 986),
(2789, '0.50', '1.00', '40.00', 986),
(2790, '0.10', '0.25', '20.00', 987),
(2791, '0.25', '0.50', '40.00', 987),
(2792, '0.50', '1.00', '40.00', 987),
(2793, '0.00', '0.10', '25.00', 988),
(2794, '0.10', '0.25', '25.00', 988),
(2795, '0.25', '0.50', '40.00', 988),
(2796, '0.00', '0.10', '25.00', 989),
(2797, '0.10', '0.25', '25.00', 989),
(2798, '0.25', '0.50', '40.00', 989),
(2799, '0.10', '0.25', '20.00', 990),
(2800, '0.25', '0.50', '40.00', 990),
(2801, '0.50', '1.00', '40.00', 990),
(2802, '0.00', '0.10', '25.00', 991),
(2803, '0.10', '0.25', '25.00', 991),
(2804, '0.25', '0.50', '40.00', 991),
(2805, '0.10', '0.25', '20.00', 992),
(2806, '0.25', '0.50', '40.00', 992),
(2807, '0.50', '1.00', '40.00', 992),
(2808, '0.00', '0.10', '25.00', 993),
(2809, '0.10', '0.25', '25.00', 993),
(2810, '0.25', '0.50', '40.00', 993),
(2811, '0.00', '0.10', '25.00', 994),
(2812, '0.10', '0.25', '25.00', 994),
(2813, '0.25', '0.50', '40.00', 994),
(2814, '0.00', '0.10', '6.00', 995),
(2815, '0.10', '0.25', '8.00', 995),
(2816, '0.25', '0.50', '13.00', 995),
(2817, '0.50', '1.00', '23.00', 995),
(2818, '0.00', '0.10', '10.00', 996),
(2819, '0.10', '0.25', '15.00', 996),
(2820, '0.25', '0.50', '25.00', 996),
(2821, '0.50', '1.00', '45.00', 996),
(2822, '0.00', '0.10', '18.00', 997),
(2823, '0.10', '0.25', '23.00', 997),
(2824, '0.25', '0.50', '45.00', 997),
(2825, '0.50', '1.00', '80.00', 997),
(2826, '0.00', '0.10', '18.00', 998),
(2827, '0.10', '0.25', '23.00', 998),
(2828, '0.25', '0.50', '45.00', 998),
(2829, '0.50', '1.00', '80.00', 998),
(2830, '0.00', '0.10', '18.00', 999),
(2831, '0.10', '0.25', '23.00', 999),
(2832, '0.25', '0.50', '45.00', 999),
(2833, '0.50', '1.00', '80.00', 999),
(2834, '0.00', '0.10', '18.00', 1000),
(2835, '0.10', '0.25', '23.00', 1000),
(2836, '0.25', '0.50', '45.00', 1000),
(2837, '0.50', '1.00', '80.00', 1000),
(2838, '0.00', '0.10', '18.00', 1001),
(2839, '0.10', '0.25', '23.00', 1001),
(2840, '0.25', '0.50', '45.00', 1001),
(2841, '0.50', '1.00', '80.00', 1001),
(2842, '0.00', '0.10', '6.00', 1002),
(2843, '0.10', '0.25', '8.00', 1002),
(2844, '0.25', '0.50', '13.00', 1002),
(2845, '0.50', '1.00', '23.00', 1002),
(2846, '0.00', '0.10', '10.00', 1003),
(2847, '0.10', '0.25', '15.00', 1003),
(2848, '0.25', '0.50', '25.00', 1003),
(2849, '0.50', '1.00', '45.00', 1003),
(2850, '0.00', '0.10', '18.00', 1004),
(2851, '0.10', '0.25', '23.00', 1004),
(2852, '0.25', '0.50', '45.00', 1004),
(2853, '0.50', '1.00', '80.00', 1004),
(2854, '0.00', '0.10', '18.00', 1005),
(2855, '0.10', '0.25', '23.00', 1005),
(2856, '0.25', '0.50', '45.00', 1005),
(2857, '0.50', '1.00', '80.00', 1005),
(2858, '0.00', '0.10', '18.00', 1006),
(2859, '0.10', '0.25', '23.00', 1006),
(2860, '0.25', '0.50', '45.00', 1006),
(2861, '0.50', '1.00', '80.00', 1006),
(2862, '0.00', '0.10', '15.00', 1007),
(2863, '0.10', '0.25', '20.00', 1007),
(2864, '0.25', '0.50', '25.00', 1007),
(2865, '0.00', '0.10', '18.00', 1008),
(2866, '0.10', '0.25', '23.00', 1008),
(2867, '0.25', '0.50', '45.00', 1008),
(2868, '0.50', '1.00', '80.00', 1008),
(2869, '0.00', '0.10', '18.00', 1009),
(2870, '0.10', '0.25', '23.00', 1009),
(2871, '0.25', '0.50', '45.00', 1009),
(2872, '0.50', '1.00', '80.00', 1009),
(2873, '0.00', '0.10', '15.00', 1010),
(2874, '0.10', '0.25', '20.00', 1010),
(2875, '0.25', '0.50', '25.00', 1010),
(2876, '0.00', '0.10', '25.00', 1011),
(2877, '0.10', '0.25', '30.00', 1011),
(2878, '0.25', '0.50', '50.00', 1011),
(2879, '0.00', '0.10', '5.00', 1012),
(2880, '0.10', '0.25', '5.00', 1012),
(2881, '0.25', '0.50', '8.00', 1012),
(2882, '0.00', '0.10', '10.00', 1013),
(2883, '0.10', '0.25', '12.00', 1013),
(2884, '0.25', '0.50', '15.00', 1013),
(2888, '0.00', '0.10', '15.00', 1015),
(2889, '0.10', '0.25', '15.00', 1015),
(2890, '0.25', '0.50', '20.00', 1015),
(2891, '0.00', '0.10', '25.00', 1016),
(2892, '0.10', '0.25', '30.00', 1016),
(2893, '0.25', '0.50', '50.00', 1016),
(2894, '0.00', '0.10', '15.00', 1017),
(2895, '0.10', '0.25', '15.00', 1017),
(2896, '0.25', '0.50', '20.00', 1017),
(2897, '0.00', '0.10', '15.00', 1018),
(2898, '0.10', '0.25', '15.00', 1018),
(2899, '0.25', '0.50', '20.00', 1018),
(2900, '0.00', '0.10', '25.00', 1019),
(2901, '0.10', '0.25', '30.00', 1019),
(2902, '0.25', '0.50', '50.00', 1019),
(2903, '0.00', '0.10', '15.00', 1020),
(2904, '0.10', '0.25', '15.00', 1020),
(2905, '0.25', '0.50', '20.00', 1020),
(2907, '0.00', '0.10', '15.00', 1022),
(2908, '0.10', '0.25', '15.00', 1022),
(2909, '0.25', '0.50', '20.00', 1022),
(2914, '1.00', '1.00', '80.00', 1027),
(2915, '1.00', '1.00', '80.00', 1028),
(2916, '1.00', '1.00', '80.00', 1029),
(2917, '1.00', '1.00', '80.00', 1030),
(2918, '0.00', '0.10', '15.00', 1031),
(2919, '0.10', '0.25', '20.00', 1031),
(2920, '0.25', '0.50', '25.00', 1031),
(2921, '0.00', '0.10', '15.00', 1032),
(2922, '0.10', '0.25', '20.00', 1032),
(2923, '0.25', '0.50', '25.00', 1032),
(2924, '0.00', '0.10', '25.00', 1033),
(2925, '0.10', '0.25', '30.00', 1033),
(2926, '0.25', '0.50', '50.00', 1033),
(2927, '0.00', '0.10', '25.00', 1034),
(2928, '0.10', '0.25', '30.00', 1034),
(2929, '0.25', '0.50', '50.00', 1034),
(2930, '0.00', '0.10', '25.00', 1035),
(2931, '0.10', '0.25', '30.00', 1035),
(2932, '0.25', '0.50', '50.00', 1035),
(2933, '0.00', '0.10', '25.00', 1036),
(2934, '0.10', '0.25', '30.00', 1036),
(2935, '0.25', '0.50', '50.00', 1036),
(2936, '1.00', '1.00', '80.00', 1037),
(2937, '1.00', '1.00', '80.00', 1038),
(2938, '1.00', '1.00', '80.00', 1039),
(2939, '1.00', '1.00', '80.00', 1040),
(2940, '0.00', '0.10', '15.00', 1041),
(2941, '0.10', '0.25', '20.00', 1041),
(2942, '0.25', '0.50', '25.00', 1041),
(2943, '0.00', '0.10', '15.00', 1042),
(2944, '0.25', '0.50', '25.00', 1042),
(2945, '0.00', '0.10', '25.00', 1043),
(2946, '0.10', '0.25', '35.00', 1043),
(2947, '0.25', '0.50', '50.00', 1043),
(2948, '0.00', '0.10', '25.00', 1044),
(2949, '0.10', '0.25', '35.00', 1044),
(2950, '0.25', '0.50', '50.00', 1044),
(2951, '0.00', '0.10', '25.00', 1045),
(2952, '0.10', '0.25', '35.00', 1045),
(2953, '0.25', '0.50', '50.00', 1045),
(2954, '0.00', '0.10', '25.00', 1046),
(2955, '0.10', '0.25', '35.00', 1046),
(2956, '0.25', '0.50', '50.00', 1046),
(2957, '0.00', '0.10', '25.00', 1014),
(2958, '0.10', '0.25', '30.00', 1014),
(2959, '0.25', '0.50', '50.00', 1014),
(2960, '0.00', '0.10', '6.00', 1047),
(2961, '0.10', '0.25', '8.00', 1047),
(2962, '0.25', '0.50', '13.00', 1047),
(2963, '0.50', '1.00', '23.00', 1047),
(2964, '0.00', '0.10', '10.00', 1048),
(2965, '0.10', '0.25', '15.00', 1048),
(2966, '0.25', '0.50', '25.00', 1048),
(2967, '0.50', '1.00', '45.00', 1048),
(2968, '0.00', '0.10', '18.00', 1049),
(2969, '0.10', '0.25', '23.00', 1049),
(2970, '0.25', '0.50', '45.00', 1049),
(2971, '0.50', '1.00', '80.00', 1049),
(2972, '0.00', '0.10', '18.00', 1050),
(2973, '0.10', '0.25', '23.00', 1050),
(2974, '0.25', '0.50', '45.00', 1050),
(2975, '0.50', '1.00', '80.00', 1050),
(2976, '0.00', '0.10', '18.00', 1051),
(2977, '0.10', '0.25', '23.00', 1051),
(2978, '0.25', '0.50', '45.00', 1051),
(2979, '0.50', '1.00', '80.00', 1051),
(2980, '0.00', '0.10', '18.00', 1052),
(2981, '0.10', '0.25', '23.00', 1052),
(2982, '0.25', '0.50', '45.00', 1052),
(2983, '0.50', '1.00', '80.00', 1052),
(2984, '0.00', '0.10', '18.00', 1053),
(2985, '0.10', '0.25', '23.00', 1053),
(2986, '0.25', '0.50', '45.00', 1053),
(2987, '0.50', '1.00', '80.00', 1053),
(2988, '0.00', '0.10', '6.00', 1054),
(2989, '0.10', '0.25', '8.00', 1054),
(2990, '0.25', '0.50', '13.00', 1054),
(2991, '0.50', '1.00', '23.00', 1054),
(2992, '0.00', '0.10', '10.00', 1055),
(2993, '0.10', '0.25', '15.00', 1055),
(2994, '0.25', '0.50', '25.00', 1055),
(2995, '0.50', '1.00', '45.00', 1055),
(2996, '0.00', '0.10', '10.00', 708),
(2997, '0.10', '0.25', '12.00', 708),
(2998, '0.25', '0.50', '15.00', 708),
(2999, '0.00', '0.10', '15.00', 709),
(3000, '0.10', '0.25', '20.00', 709),
(3001, '0.25', '0.50', '35.00', 709),
(3002, '0.00', '0.10', '20.00', 711),
(3003, '0.10', '0.25', '30.00', 711),
(3004, '0.25', '0.50', '45.00', 711),
(3005, '0.00', '0.10', '20.00', 712),
(3006, '0.10', '0.25', '30.00', 712),
(3007, '0.25', '0.50', '45.00', 712),
(3008, '0.00', '0.10', '20.00', 713),
(3009, '0.10', '0.25', '30.00', 713),
(3010, '0.25', '0.50', '45.00', 713),
(3011, '0.00', '0.10', '20.00', 714),
(3012, '0.10', '0.25', '30.00', 714),
(3013, '0.25', '0.50', '45.00', 714),
(3014, '0.00', '0.10', '20.00', 715),
(3015, '0.10', '0.25', '30.00', 715),
(3016, '0.25', '0.50', '45.00', 715),
(3017, '0.00', '0.10', '18.00', 1056),
(3018, '0.10', '0.25', '23.00', 1056),
(3019, '0.25', '0.50', '45.00', 1056),
(3020, '0.50', '1.00', '80.00', 1056),
(3021, '0.00', '0.10', '18.00', 1057),
(3022, '0.10', '0.25', '23.00', 1057),
(3023, '0.25', '0.50', '45.00', 1057),
(3024, '0.50', '1.00', '80.00', 1057),
(3025, '0.00', '0.10', '18.00', 1058),
(3026, '0.10', '0.25', '23.00', 1058),
(3027, '0.25', '0.50', '45.00', 1058),
(3028, '0.50', '1.00', '80.00', 1058),
(3029, '0.00', '0.10', '18.00', 1059),
(3030, '0.10', '0.25', '23.00', 1059),
(3031, '0.25', '0.50', '45.00', 1059),
(3032, '0.50', '1.00', '80.00', 1059),
(3033, '0.00', '0.10', '18.00', 1060),
(3034, '0.10', '0.25', '23.00', 1060),
(3035, '0.25', '0.50', '45.00', 1060),
(3036, '0.50', '1.00', '80.00', 1060),
(3037, '0.00', '0.10', '6.00', 1061),
(3038, '0.10', '0.25', '8.00', 1061),
(3039, '0.25', '0.50', '13.00', 1061),
(3040, '0.50', '1.00', '23.00', 1061),
(3041, '0.00', '0.10', '10.00', 1062),
(3042, '0.10', '0.25', '15.00', 1062),
(3043, '0.25', '0.50', '25.00', 1062),
(3044, '0.50', '1.00', '45.00', 1062),
(3045, '0.00', '0.10', '18.00', 1063),
(3046, '0.10', '0.25', '23.00', 1063),
(3047, '0.25', '0.50', '45.00', 1063),
(3048, '0.50', '1.00', '80.00', 1063),
(3049, '0.00', '0.10', '18.00', 1064),
(3050, '0.10', '0.25', '23.00', 1064),
(3051, '0.25', '0.50', '45.00', 1064),
(3052, '0.50', '1.00', '80.00', 1064),
(3053, '0.00', '0.10', '18.00', 1065),
(3054, '0.10', '0.25', '23.00', 1065),
(3055, '0.25', '0.50', '45.00', 1065),
(3056, '0.50', '1.00', '80.00', 1065),
(3057, '0.00', '0.10', '18.00', 1066),
(3058, '0.10', '0.25', '23.00', 1066),
(3059, '0.25', '0.50', '45.00', 1066),
(3060, '0.50', '1.00', '80.00', 1066),
(3061, '0.00', '0.10', '18.00', 1067),
(3062, '0.10', '0.25', '23.00', 1067),
(3063, '0.25', '0.50', '45.00', 1067),
(3064, '0.50', '1.00', '80.00', 1067),
(3065, '0.00', '0.10', '6.00', 1068),
(3066, '0.10', '0.25', '8.00', 1068),
(3067, '0.25', '0.50', '13.00', 1068),
(3068, '0.50', '1.00', '23.00', 1068),
(3069, '0.00', '0.10', '10.00', 1069),
(3070, '0.10', '0.25', '15.00', 1069),
(3071, '0.25', '0.50', '25.00', 1069),
(3072, '0.50', '1.00', '45.00', 1069),
(3073, '0.00', '0.10', '18.00', 1070),
(3074, '0.10', '0.25', '23.00', 1070),
(3075, '0.25', '0.50', '45.00', 1070),
(3076, '0.50', '1.00', '80.00', 1070),
(3077, '0.00', '0.10', '18.00', 1071),
(3078, '0.10', '0.25', '23.00', 1071),
(3079, '0.25', '0.50', '45.00', 1071),
(3080, '0.50', '1.00', '80.00', 1071),
(3081, '0.00', '0.10', '18.00', 1072),
(3082, '0.10', '0.25', '23.00', 1072),
(3083, '0.25', '0.50', '45.00', 1072),
(3084, '0.50', '1.00', '80.00', 1072),
(3085, '0.00', '0.10', '18.00', 1073),
(3086, '0.10', '0.25', '23.00', 1073),
(3087, '0.25', '0.50', '45.00', 1073),
(3088, '0.50', '1.00', '80.00', 1073),
(3089, '0.00', '0.10', '18.00', 1074),
(3090, '0.10', '0.25', '23.00', 1074),
(3091, '0.25', '0.50', '45.00', 1074),
(3092, '0.50', '1.00', '80.00', 1074),
(3093, '0.00', '0.10', '6.00', 1075),
(3094, '0.10', '0.25', '8.00', 1075),
(3095, '0.25', '0.50', '13.00', 1075),
(3096, '0.50', '1.00', '23.00', 1075),
(3097, '0.00', '0.10', '10.00', 1076),
(3098, '0.10', '0.25', '15.00', 1076),
(3099, '0.25', '0.50', '25.00', 1076),
(3100, '0.50', '1.00', '45.00', 1076),
(3101, '0.00', '0.10', '18.00', 1077),
(3102, '0.10', '0.25', '23.00', 1077),
(3103, '0.25', '0.50', '45.00', 1077),
(3104, '0.50', '1.00', '80.00', 1077),
(3105, '0.00', '0.10', '18.00', 1078),
(3106, '0.10', '0.25', '23.00', 1078),
(3107, '0.25', '0.50', '45.00', 1078),
(3108, '0.50', '1.00', '80.00', 1078),
(3109, '0.00', '0.10', '18.00', 1079),
(3110, '0.10', '0.25', '23.00', 1079),
(3111, '0.25', '0.50', '45.00', 1079),
(3112, '0.50', '1.00', '80.00', 1079),
(3113, '0.00', '0.10', '18.00', 1080),
(3114, '0.10', '0.25', '23.00', 1080),
(3115, '0.25', '0.50', '45.00', 1080),
(3116, '0.50', '1.00', '80.00', 1080),
(3117, '0.00', '0.10', '18.00', 1081),
(3118, '0.10', '0.25', '23.00', 1081),
(3119, '0.25', '0.50', '45.00', 1081),
(3120, '0.50', '1.00', '80.00', 1081),
(3121, '0.00', '0.10', '6.00', 1082),
(3122, '0.10', '0.25', '8.00', 1082),
(3123, '0.25', '0.50', '13.00', 1082),
(3124, '0.50', '1.00', '23.00', 1082),
(3125, '0.00', '0.10', '10.00', 1083),
(3126, '0.10', '0.25', '15.00', 1083),
(3127, '0.25', '0.50', '25.00', 1083),
(3128, '0.50', '1.00', '45.00', 1083),
(3129, '0.00', '0.10', '18.00', 1084),
(3130, '0.10', '0.25', '23.00', 1084),
(3131, '0.25', '0.50', '45.00', 1084),
(3132, '0.50', '1.00', '80.00', 1084),
(3133, '0.00', '0.10', '18.00', 1085),
(3134, '0.10', '0.25', '23.00', 1085),
(3135, '0.25', '0.50', '45.00', 1085),
(3136, '0.50', '1.00', '80.00', 1085),
(3137, '0.00', '0.10', '18.00', 1086),
(3138, '0.10', '0.25', '23.00', 1086),
(3139, '0.25', '0.50', '45.00', 1086),
(3140, '0.50', '1.00', '80.00', 1086),
(3141, '0.00', '0.10', '18.00', 1087),
(3142, '0.10', '0.25', '23.00', 1087),
(3143, '0.25', '0.50', '45.00', 1087),
(3144, '0.50', '1.00', '80.00', 1087),
(3145, '0.00', '0.10', '18.00', 1088),
(3146, '0.10', '0.25', '23.00', 1088),
(3147, '0.25', '0.50', '45.00', 1088),
(3148, '0.50', '1.00', '80.00', 1088),
(3149, '0.00', '0.50', '4.50', 1089),
(3150, '0.50', '1.00', '12.00', 1089),
(3151, '0.00', '0.50', '7.50', 1090),
(3152, '0.50', '1.00', '15.00', 1090),
(3153, '0.00', '0.20', '20.00', 1091),
(3154, '0.20', '0.50', '30.00', 1091),
(3155, '0.50', '1.00', '30.00', 1091),
(3156, '0.00', '0.20', '20.00', 1092),
(3157, '0.20', '0.50', '30.00', 1092),
(3158, '0.50', '1.00', '60.00', 1092),
(3159, '0.00', '0.20', '20.00', 1093),
(3160, '0.20', '0.50', '30.00', 1093),
(3161, '0.50', '1.00', '60.00', 1093),
(3162, '0.00', '0.20', '20.00', 1094),
(3163, '0.20', '0.50', '30.00', 1094),
(3164, '0.50', '1.00', '60.00', 1094),
(3165, '0.00', '0.20', '20.00', 1095),
(3166, '0.20', '0.50', '30.00', 1095),
(3167, '0.50', '1.00', '60.00', 1095),
(3171, '0.00', '0.10', '15.00', 1097),
(3172, '0.10', '0.25', '20.00', 1097),
(3173, '0.25', '0.50', '35.00', 1097),
(3174, '0.00', '0.10', '15.00', 1098),
(3175, '0.10', '0.25', '20.00', 1098),
(3176, '0.25', '0.50', '35.00', 1098),
(3177, '0.00', '0.10', '25.00', 1099),
(3178, '0.10', '0.25', '35.00', 1099),
(3179, '0.25', '0.50', '45.00', 1099),
(3180, '0.00', '0.10', '25.00', 1100),
(3181, '0.10', '0.25', '35.00', 1100),
(3182, '0.25', '0.50', '45.00', 1100),
(3183, '0.00', '0.10', '25.00', 1101),
(3184, '0.10', '0.25', '35.00', 1101),
(3185, '0.25', '0.50', '45.00', 1101),
(3186, '0.00', '0.10', '25.00', 1102),
(3187, '0.10', '0.25', '35.00', 1102),
(3188, '0.25', '0.50', '45.00', 1102),
(3189, '0.00', '0.10', '15.00', 1103),
(3190, '0.10', '0.25', '20.00', 1103),
(3191, '0.25', '0.50', '25.00', 1103),
(3192, '0.00', '0.10', '15.00', 1104),
(3193, '0.10', '0.25', '20.00', 1104),
(3194, '0.25', '0.50', '25.00', 1104),
(3195, '0.00', '0.10', '25.00', 1105),
(3196, '0.10', '0.25', '35.00', 1105),
(3197, '0.25', '0.50', '50.00', 1105),
(3198, '0.00', '0.10', '25.00', 1106),
(3199, '0.10', '0.25', '35.00', 1106),
(3200, '0.25', '0.50', '50.00', 1106),
(3201, '0.00', '0.10', '25.00', 1107),
(3202, '0.10', '0.25', '35.00', 1107),
(3203, '0.25', '0.50', '50.00', 1107),
(3204, '0.00', '0.10', '25.00', 1108),
(3205, '0.10', '0.25', '35.00', 1108),
(3206, '0.25', '0.50', '50.00', 1108),
(3207, '0.00', '0.10', '15.00', 1109),
(3208, '0.10', '0.25', '20.00', 1109),
(3209, '0.25', '0.50', '35.00', 1109),
(3210, '0.00', '0.10', '15.00', 1110),
(3211, '0.10', '0.25', '20.00', 1110),
(3212, '0.25', '0.50', '35.00', 1110),
(3216, '0.00', '0.10', '25.00', 1111),
(3217, '0.10', '0.25', '35.00', 1111),
(3218, '0.25', '0.50', '45.00', 1111),
(3222, '0.00', '0.10', '25.00', 1113),
(3223, '0.10', '0.25', '35.00', 1113),
(3224, '0.25', '0.50', '45.00', 1113),
(3225, '0.00', '0.10', '25.00', 1114),
(3226, '0.10', '0.25', '35.00', 1114),
(3227, '0.25', '0.50', '45.00', 1114),
(3228, '0.00', '0.10', '25.00', 1112),
(3229, '0.10', '0.25', '35.00', 1112),
(3230, '0.25', '0.50', '45.00', 1112),
(3231, '0.00', '0.10', '10.00', 1115),
(3232, '0.10', '0.25', '12.00', 1115),
(3233, '0.25', '0.50', '15.00', 1115),
(3234, '0.00', '0.10', '15.00', 1116),
(3235, '0.10', '0.25', '15.00', 1116),
(3236, '0.25', '0.50', '20.00', 1116),
(3237, '0.00', '0.10', '25.00', 1117),
(3238, '0.10', '0.25', '30.00', 1117),
(3239, '0.25', '0.50', '40.00', 1117),
(3240, '0.00', '0.10', '25.00', 1118),
(3241, '0.10', '0.25', '30.00', 1118),
(3242, '0.25', '0.50', '40.00', 1118),
(3243, '0.00', '0.10', '25.00', 1119),
(3244, '0.10', '0.25', '30.00', 1119),
(3245, '0.25', '0.50', '40.00', 1119),
(3246, '0.00', '0.10', '25.00', 1120),
(3247, '0.10', '0.25', '30.00', 1120),
(3248, '0.25', '0.50', '40.00', 1120),
(3249, '0.00', '0.10', '15.00', 1121),
(3250, '0.10', '0.25', '20.00', 1121),
(3251, '0.25', '0.50', '30.00', 1121),
(3252, '0.00', '0.10', '15.00', 1122),
(3253, '0.10', '0.25', '20.00', 1122),
(3254, '0.25', '0.50', '30.00', 1122),
(3255, '0.00', '0.10', '30.00', 1123),
(3256, '0.10', '0.25', '40.00', 1123),
(3257, '0.25', '0.50', '60.00', 1123),
(3258, '0.00', '0.10', '30.00', 1124),
(3259, '0.10', '0.25', '40.00', 1124),
(3260, '0.25', '0.50', '60.00', 1124),
(3261, '0.00', '0.10', '30.00', 1125),
(3262, '0.10', '0.25', '40.00', 1125),
(3263, '0.25', '0.50', '60.00', 1125),
(3264, '0.00', '0.10', '30.00', 1126),
(3265, '0.10', '0.25', '40.00', 1126),
(3266, '0.25', '0.50', '60.00', 1126),
(3267, '0.00', '0.10', '15.00', 1127),
(3268, '0.10', '0.25', '20.00', 1127),
(3269, '0.25', '0.50', '25.00', 1127),
(3270, '0.00', '0.10', '15.00', 1128),
(3271, '0.10', '0.25', '20.00', 1128),
(3272, '0.25', '0.50', '25.00', 1128),
(3273, '0.00', '0.10', '25.00', 1129),
(3274, '0.10', '0.25', '35.00', 1129),
(3275, '0.25', '0.50', '50.00', 1129),
(3276, '0.00', '0.10', '25.00', 1130),
(3277, '0.10', '0.25', '35.00', 1130),
(3278, '0.25', '0.50', '50.00', 1130),
(3279, '0.00', '0.10', '25.00', 1131),
(3280, '0.10', '0.25', '35.00', 1131),
(3281, '0.25', '0.50', '50.00', 1131),
(3282, '0.00', '0.10', '25.00', 1132),
(3283, '0.10', '0.25', '35.00', 1132),
(3284, '0.25', '0.50', '50.00', 1132),
(3285, '0.00', '0.10', '15.00', 1133),
(3286, '0.10', '0.25', '18.00', 1133),
(3287, '0.25', '0.50', '20.00', 1133),
(3288, '0.00', '0.10', '15.00', 1134),
(3289, '0.10', '0.25', '18.00', 1134),
(3290, '0.25', '0.50', '20.00', 1134),
(3291, '0.00', '0.10', '25.00', 1135),
(3292, '0.10', '0.25', '30.00', 1135),
(3293, '0.25', '0.50', '40.00', 1135),
(3294, '0.00', '0.10', '25.00', 1136),
(3295, '0.10', '0.25', '30.00', 1136),
(3296, '0.25', '0.50', '40.00', 1136),
(3297, '0.00', '0.10', '25.00', 1137),
(3298, '0.10', '0.25', '30.00', 1137),
(3299, '0.25', '0.50', '40.00', 1137),
(3300, '0.00', '0.10', '25.00', 1138),
(3301, '0.10', '0.25', '30.00', 1138),
(3302, '0.25', '0.50', '40.00', 1138),
(3303, '0.00', '0.10', '15.00', 1139),
(3304, '0.10', '0.25', '20.00', 1139),
(3305, '0.25', '0.50', '20.00', 1139),
(3306, '0.00', '0.10', '25.00', 1140),
(3307, '0.10', '0.25', '35.00', 1140),
(3308, '0.25', '0.50', '40.00', 1140),
(3309, '0.00', '0.10', '25.00', 1141),
(3310, '0.10', '0.25', '35.00', 1141),
(3311, '0.25', '0.50', '40.00', 1141),
(3312, '0.00', '0.10', '25.00', 1142),
(3313, '0.10', '0.25', '35.00', 1142),
(3314, '0.25', '0.50', '40.00', 1142),
(3315, '0.00', '0.10', '25.00', 1143),
(3316, '0.10', '0.25', '35.00', 1143),
(3317, '0.25', '0.50', '40.00', 1143),
(3318, '0.00', '0.10', '15.00', 1144),
(3319, '0.10', '0.25', '20.00', 1144),
(3320, '0.25', '0.50', '20.00', 1144),
(3321, '0.00', '0.10', '15.00', 1145),
(3322, '0.10', '0.25', '20.00', 1145),
(3323, '0.25', '0.50', '25.00', 1145),
(3324, '0.00', '0.10', '15.00', 1146),
(3325, '0.10', '0.25', '20.00', 1146),
(3326, '0.25', '0.50', '25.00', 1146),
(3327, '0.00', '0.10', '25.00', 1147),
(3328, '0.10', '0.25', '35.00', 1147),
(3329, '0.25', '0.50', '50.00', 1147),
(3330, '0.00', '0.10', '25.00', 1148),
(3331, '0.10', '0.25', '35.00', 1148),
(3332, '0.25', '0.50', '50.00', 1148),
(3333, '0.00', '0.10', '25.00', 1149),
(3334, '0.10', '0.25', '35.00', 1149),
(3335, '0.25', '0.50', '50.00', 1149),
(3336, '0.00', '0.10', '25.00', 1150),
(3337, '0.10', '0.25', '35.00', 1150),
(3338, '0.25', '0.50', '50.00', 1150),
(3339, '0.00', '0.10', '6.00', 1151),
(3340, '0.10', '0.25', '8.00', 1151),
(3341, '0.25', '0.50', '13.00', 1151),
(3342, '0.50', '1.00', '23.00', 1151),
(3343, '0.00', '0.10', '20.00', 1152),
(3344, '0.10', '0.25', '25.00', 1152),
(3345, '0.25', '0.50', '25.00', 1152),
(3346, '0.50', '1.00', '45.00', 1152),
(3347, '0.00', '0.10', '20.00', 1153),
(3348, '0.10', '0.25', '25.00', 1153),
(3349, '0.25', '0.50', '45.00', 1153),
(3350, '0.50', '1.00', '80.00', 1153),
(3351, '0.00', '0.10', '20.00', 1154),
(3352, '0.10', '0.25', '25.00', 1154),
(3353, '0.25', '0.50', '45.00', 1154),
(3354, '0.50', '1.00', '80.00', 1154),
(3355, '0.00', '0.10', '20.00', 1155),
(3356, '0.10', '0.25', '25.00', 1155),
(3357, '0.25', '0.50', '45.00', 1155),
(3358, '0.50', '1.00', '80.00', 1155),
(3359, '0.00', '0.10', '20.00', 1156),
(3360, '0.10', '0.25', '25.00', 1156),
(3361, '0.25', '0.50', '45.00', 1156),
(3362, '0.50', '1.00', '80.00', 1156),
(3363, '0.00', '0.10', '15.00', 1157),
(3364, '0.10', '0.25', '20.00', 1157),
(3365, '0.25', '0.50', '25.00', 1157),
(3366, '0.00', '0.10', '25.00', 1158),
(3367, '0.10', '0.25', '35.00', 1158),
(3368, '0.25', '0.50', '50.00', 1158),
(3369, '0.00', '0.10', '25.00', 1159),
(3370, '0.10', '0.25', '35.00', 1159),
(3371, '0.25', '0.50', '50.00', 1159),
(3372, '0.00', '0.10', '25.00', 1160),
(3373, '0.10', '0.25', '35.00', 1160),
(3374, '0.25', '0.50', '50.00', 1160),
(3375, '0.00', '0.10', '25.00', 1161),
(3376, '0.10', '0.25', '35.00', 1161),
(3377, '0.25', '0.50', '50.00', 1161),
(3378, '0.00', '0.10', '25.00', 1162),
(3379, '0.10', '0.25', '35.00', 1162),
(3380, '0.25', '0.50', '50.00', 1162),
(3381, '0.00', '0.10', '15.00', 1163),
(3382, '0.10', '0.25', '20.00', 1163),
(3383, '0.25', '0.50', '35.00', 1163),
(3384, '0.00', '0.10', '15.00', 1164),
(3385, '0.10', '0.25', '20.00', 1164);
INSERT INTO `tbl_weight_rate_relation` (`Weight_Id`, `Weight_From`, `Weight_To`, `Amount`, `Rate_Id`) VALUES
(3386, '0.25', '0.50', '35.00', 1164),
(3387, '0.00', '0.10', '25.00', 1165),
(3388, '0.10', '0.25', '35.00', 1165),
(3389, '0.25', '0.50', '45.00', 1165),
(3390, '0.00', '0.10', '25.00', 1166),
(3391, '0.10', '0.25', '35.00', 1166),
(3392, '0.25', '0.50', '45.00', 1166),
(3393, '0.00', '0.10', '25.00', 1167),
(3394, '0.10', '0.25', '35.00', 1167),
(3395, '0.25', '0.50', '45.00', 1167),
(3396, '0.00', '0.10', '25.00', 1168),
(3397, '0.10', '0.25', '35.00', 1168),
(3398, '0.25', '0.50', '45.00', 1168),
(3399, '0.00', '0.10', '10.00', 1169),
(3400, '0.10', '0.25', '12.00', 1169),
(3401, '0.25', '0.50', '15.00', 1169),
(3402, '0.00', '0.10', '15.00', 1170),
(3403, '0.10', '0.25', '18.00', 1170),
(3404, '0.25', '0.50', '20.00', 1170),
(3405, '0.00', '0.10', '25.00', 1171),
(3406, '0.10', '0.25', '30.00', 1171),
(3407, '0.25', '0.50', '40.00', 1171),
(3408, '0.00', '0.10', '25.00', 1172),
(3409, '0.10', '0.25', '30.00', 1172),
(3410, '0.25', '0.50', '40.00', 1172),
(3411, '0.00', '0.10', '25.00', 1173),
(3412, '0.10', '0.25', '30.00', 1173),
(3413, '0.25', '0.50', '40.00', 1173),
(3414, '0.00', '0.10', '25.00', 1174),
(3415, '0.10', '0.25', '30.00', 1174),
(3416, '0.25', '0.50', '40.00', 1174),
(3417, '0.00', '0.10', '6.00', 1175),
(3418, '0.10', '0.25', '8.00', 1175),
(3419, '0.25', '0.50', '13.00', 1175),
(3420, '0.50', '1.00', '23.00', 1175),
(3421, '0.00', '0.10', '10.00', 1176),
(3422, '0.10', '0.25', '15.00', 1176),
(3423, '0.25', '0.50', '25.00', 1176),
(3424, '0.50', '1.00', '45.00', 1176),
(3425, '0.00', '0.10', '20.00', 1177),
(3426, '0.10', '0.25', '25.00', 1177),
(3427, '0.25', '0.50', '45.00', 1177),
(3428, '0.50', '1.00', '80.00', 1177),
(3429, '0.00', '0.10', '20.00', 1178),
(3430, '0.10', '0.25', '25.00', 1178),
(3431, '0.25', '0.50', '45.00', 1178),
(3432, '0.50', '1.00', '80.00', 1178),
(3433, '0.00', '0.10', '20.00', 1179),
(3434, '0.10', '0.25', '25.00', 1179),
(3435, '0.25', '0.50', '45.00', 1179),
(3436, '0.50', '1.00', '80.00', 1179),
(3437, '0.00', '0.10', '20.00', 1180),
(3438, '0.10', '0.25', '25.00', 1180),
(3439, '0.25', '0.50', '45.00', 1180),
(3440, '0.50', '1.00', '80.00', 1180),
(3441, '0.10', '0.25', '10.00', 1181),
(3442, '0.25', '0.50', '15.00', 1181),
(3445, '0.10', '0.25', '20.00', 1183),
(3446, '0.25', '0.50', '40.00', 1183),
(3447, '0.10', '0.25', '20.00', 1184),
(3448, '0.25', '0.50', '40.00', 1184),
(3453, '0.10', '0.25', '20.00', 1187),
(3454, '0.25', '0.50', '40.00', 1187),
(3455, '0.10', '0.25', '20.00', 1188),
(3456, '0.25', '0.50', '40.00', 1188),
(3471, '0.10', '0.25', '10.00', 1196),
(3472, '0.25', '0.50', '15.00', 1196),
(3473, '0.10', '0.25', '15.00', 1197),
(3474, '0.25', '0.50', '20.00', 1197),
(3475, '0.10', '0.25', '25.00', 1198),
(3476, '0.25', '0.50', '40.00', 1198),
(3477, '0.10', '0.25', '25.00', 1199),
(3478, '0.25', '0.50', '40.00', 1199),
(3479, '0.10', '0.25', '25.00', 1200),
(3480, '0.25', '0.50', '40.00', 1200),
(3481, '0.10', '0.25', '25.00', 1201),
(3482, '0.25', '0.50', '40.00', 1201),
(3483, '0.00', '0.10', '6.00', 1202),
(3484, '0.10', '0.25', '8.00', 1202),
(3485, '0.25', '0.50', '13.00', 1202),
(3486, '0.50', '1.00', '23.00', 1202),
(3487, '0.00', '0.10', '10.00', 1203),
(3488, '0.10', '0.25', '15.00', 1203),
(3489, '0.25', '0.50', '25.00', 1203),
(3490, '0.50', '1.00', '45.00', 1203),
(3491, '0.00', '0.10', '20.00', 1204),
(3492, '0.10', '0.25', '25.00', 1204),
(3493, '0.25', '0.50', '45.00', 1204),
(3494, '0.50', '1.00', '80.00', 1204),
(3495, '0.00', '0.10', '20.00', 1205),
(3496, '0.10', '0.25', '25.00', 1205),
(3497, '0.25', '0.50', '45.00', 1205),
(3498, '0.50', '1.00', '80.00', 1205),
(3499, '0.00', '0.10', '20.00', 1206),
(3500, '0.10', '0.25', '25.00', 1206),
(3501, '0.25', '0.50', '45.00', 1206),
(3502, '0.50', '1.00', '80.00', 1206),
(3503, '0.00', '0.10', '20.00', 1207),
(3504, '0.10', '0.25', '25.00', 1207),
(3505, '0.25', '0.50', '45.00', 1207),
(3506, '0.50', '1.00', '80.00', 1207),
(3507, '0.10', '0.25', '10.00', 1208),
(3508, '0.10', '0.25', '20.00', 1209),
(3509, '0.10', '0.25', '30.00', 1210),
(3510, '0.25', '0.50', '60.00', 1210),
(3511, '0.10', '0.25', '30.00', 1211),
(3512, '0.25', '0.50', '60.00', 1211),
(3513, '0.10', '0.25', '30.00', 1212),
(3514, '0.25', '0.50', '60.00', 1212),
(3515, '0.10', '0.25', '30.00', 1213),
(3516, '0.25', '0.50', '60.00', 1213),
(3533, '0.00', '0.10', '15.00', 1220),
(3534, '0.10', '0.25', '20.00', 1220),
(3535, '0.25', '0.50', '35.00', 1220),
(3536, '0.00', '0.10', '15.00', 1221),
(3537, '0.10', '0.25', '20.00', 1221),
(3538, '0.25', '0.50', '35.00', 1221),
(3539, '0.00', '0.10', '20.00', 1222),
(3540, '0.10', '0.25', '35.00', 1222),
(3541, '0.25', '0.50', '55.00', 1222),
(3542, '0.00', '0.10', '20.00', 1223),
(3543, '0.10', '0.25', '35.00', 1223),
(3544, '0.25', '0.50', '55.00', 1223),
(3545, '0.00', '0.10', '20.00', 1224),
(3546, '0.10', '0.25', '35.00', 1224),
(3547, '0.25', '0.50', '55.00', 1224),
(3548, '0.00', '0.10', '20.00', 1225),
(3549, '0.10', '0.25', '35.00', 1225),
(3550, '0.25', '0.50', '55.00', 1225),
(3551, '1.00', '1.00', '12.00', 1226),
(3552, '1.00', '1.00', '14.00', 1227),
(3553, '0.10', '0.25', '70.00', 1228),
(3554, '0.10', '0.25', '70.00', 1229),
(3555, '0.10', '0.25', '70.00', 1230),
(3556, '0.10', '0.25', '70.00', 1231),
(3560, '0.00', '0.10', '10.00', 1233),
(3561, '0.10', '0.25', '12.00', 1233),
(3562, '0.25', '0.50', '15.00', 1233),
(3563, '0.00', '0.10', '17.00', 1234),
(3564, '0.10', '0.25', '22.00', 1234),
(3565, '0.25', '0.50', '30.00', 1234),
(3566, '0.00', '0.10', '17.00', 1235),
(3567, '0.10', '0.25', '22.00', 1235),
(3568, '0.25', '0.50', '30.00', 1235),
(3569, '0.00', '0.10', '17.00', 1236),
(3570, '0.10', '0.25', '22.00', 1236),
(3571, '0.25', '0.50', '30.00', 1236),
(3572, '0.00', '0.10', '17.00', 1237),
(3573, '0.10', '0.25', '22.00', 1237),
(3574, '0.25', '0.50', '30.00', 1237),
(3575, '0.00', '0.10', '7.00', 1232),
(3576, '0.10', '0.25', '8.00', 1232),
(3577, '0.25', '0.50', '10.00', 1232),
(3578, '0.00', '0.10', '3.00', 1238),
(3579, '0.10', '0.25', '3.00', 1238),
(3580, '0.25', '0.50', '6.00', 1238),
(3581, '0.00', '0.10', '6.00', 1239),
(3582, '0.10', '0.25', '6.00', 1239),
(3583, '0.25', '0.50', '12.00', 1239),
(3584, '0.00', '0.10', '30.00', 1240),
(3585, '0.10', '0.25', '30.00', 1240),
(3586, '0.25', '0.50', '45.00', 1240),
(3587, '0.00', '0.10', '30.00', 1241),
(3588, '0.10', '0.25', '30.00', 1241),
(3589, '0.25', '0.50', '45.00', 1241),
(3593, '0.00', '0.10', '30.00', 1243),
(3594, '0.10', '0.25', '30.00', 1243),
(3595, '0.25', '0.50', '45.00', 1243),
(3596, '0.10', '0.25', '30.00', 1244),
(3597, '0.25', '0.50', '60.00', 1244),
(3598, '0.10', '0.25', '10.00', 1245),
(3599, '0.25', '0.50', '15.00', 1245),
(3600, '0.10', '0.25', '15.00', 1246),
(3601, '0.25', '0.50', '20.00', 1246),
(3602, '0.10', '0.25', '30.00', 1247),
(3603, '0.25', '0.50', '50.00', 1247),
(3604, '0.10', '0.25', '30.00', 1248),
(3605, '0.25', '0.50', '50.00', 1248),
(3606, '0.10', '0.25', '30.00', 1249),
(3607, '0.25', '0.50', '50.00', 1249),
(3608, '0.10', '0.25', '30.00', 1250),
(3609, '0.25', '0.50', '50.00', 1250),
(3610, '0.10', '0.25', '9.00', 1251),
(3611, '0.10', '0.25', '9.00', 1252),
(3612, '0.10', '0.25', '18.00', 1253),
(3613, '0.10', '0.25', '18.00', 1254),
(3614, '0.10', '0.25', '18.00', 1255),
(3615, '0.10', '250.00', '18.00', 1256),
(3616, '0.00', '0.10', '10.00', 1257),
(3617, '0.10', '0.25', '12.00', 1257),
(3618, '0.25', '0.50', '15.00', 1257),
(3619, '0.00', '0.10', '15.00', 1258),
(3620, '0.10', '0.25', '15.00', 1258),
(3621, '0.25', '0.50', '20.00', 1258),
(3622, '0.00', '0.10', '25.00', 1259),
(3623, '0.10', '0.25', '30.00', 1259),
(3624, '0.25', '0.50', '40.00', 1259),
(3625, '0.00', '0.10', '25.00', 1260),
(3626, '0.10', '0.25', '30.00', 1260),
(3627, '0.25', '0.50', '40.00', 1260),
(3628, '0.00', '0.10', '25.00', 1261),
(3629, '0.10', '0.25', '30.00', 1261),
(3630, '0.25', '0.50', '40.00', 1261),
(3631, '0.00', '0.10', '25.00', 1262),
(3632, '0.10', '0.25', '30.00', 1262),
(3633, '0.25', '0.50', '40.00', 1262),
(3634, '0.00', '0.10', '6.00', 1263),
(3635, '0.10', '0.25', '8.00', 1263),
(3636, '0.25', '0.50', '13.00', 1263),
(3637, '0.50', '1.00', '23.00', 1263),
(3638, '0.00', '0.10', '10.00', 1264),
(3639, '0.10', '0.25', '15.00', 1264),
(3640, '0.25', '0.50', '25.00', 1264),
(3641, '0.50', '1.00', '45.00', 1264),
(3642, '0.00', '0.10', '18.00', 1265),
(3643, '0.10', '0.25', '23.00', 1265),
(3644, '0.25', '0.50', '45.00', 1265),
(3645, '0.50', '1.00', '80.00', 1265),
(3646, '0.00', '0.10', '18.00', 1266),
(3647, '0.10', '0.25', '23.00', 1266),
(3648, '0.25', '0.50', '45.00', 1266),
(3649, '0.50', '1.00', '80.00', 1266),
(3650, '0.00', '0.10', '18.00', 1267),
(3651, '0.10', '0.25', '23.00', 1267),
(3652, '0.25', '0.50', '45.00', 1267),
(3653, '0.50', '1.00', '80.00', 1267),
(3654, '0.00', '0.10', '18.00', 1268),
(3655, '0.10', '0.25', '23.00', 1268),
(3656, '0.25', '0.50', '45.00', 1268),
(3657, '0.50', '1.00', '80.00', 1268),
(3658, '0.00', '0.10', '18.00', 1269),
(3659, '0.10', '0.25', '23.00', 1269),
(3660, '0.25', '0.50', '45.00', 1269),
(3661, '0.50', '1.00', '80.00', 1269),
(3662, '0.00', '0.10', '8.00', 1270),
(3663, '0.25', '0.50', '15.00', 1270),
(3664, '0.00', '0.10', '10.00', 1271),
(3665, '0.10', '0.25', '12.00', 1271),
(3666, '0.25', '0.50', '15.00', 1271),
(3667, '0.10', '0.25', '25.00', 1272),
(3668, '0.25', '0.50', '40.00', 1272),
(3669, '0.00', '0.10', '20.00', 1273),
(3670, '0.10', '0.25', '25.00', 1273),
(3671, '0.25', '0.50', '40.00', 1273),
(3672, '0.10', '0.25', '25.00', 1274),
(3673, '0.25', '0.50', '40.00', 1274),
(3674, '0.00', '0.10', '20.00', 1275),
(3675, '0.10', '0.25', '25.00', 1275),
(3676, '0.25', '0.50', '40.00', 1275),
(3677, '0.00', '0.10', '7.00', 1276),
(3678, '0.10', '0.25', '10.00', 1276),
(3679, '0.25', '0.50', '12.00', 1276),
(3680, '0.00', '0.10', '10.00', 1277),
(3681, '0.10', '0.25', '12.00', 1277),
(3682, '0.25', '0.50', '15.00', 1277),
(3683, '0.00', '0.10', '15.00', 1278),
(3684, '0.10', '0.25', '20.00', 1278),
(3685, '0.25', '0.50', '35.00', 1278),
(3686, '0.00', '0.10', '15.00', 1279),
(3687, '0.10', '0.25', '20.00', 1279),
(3688, '0.25', '0.50', '35.00', 1279),
(3689, '0.00', '0.10', '15.00', 1280),
(3690, '0.10', '0.25', '20.00', 1280),
(3691, '0.25', '0.50', '35.00', 1280),
(3692, '0.00', '0.10', '15.00', 1281),
(3693, '0.10', '0.25', '20.00', 1281),
(3694, '0.25', '0.50', '35.00', 1281),
(3695, '0.10', '0.25', '25.00', 1282),
(3696, '0.25', '0.50', '40.00', 1282),
(3697, '0.10', '0.25', '25.00', 1283),
(3698, '0.25', '0.50', '40.00', 1283),
(3699, '0.10', '0.25', '25.00', 1284),
(3700, '0.25', '0.50', '40.00', 1284),
(3701, '0.10', '0.25', '25.00', 1285),
(3702, '0.25', '0.50', '40.00', 1285),
(3708, '0.00', '0.10', '10.00', 53),
(3709, '0.10', '0.25', '12.00', 53),
(3710, '0.25', '0.50', '15.00', 53),
(3711, '0.50', '0.75', '20.00', 53),
(3712, '0.75', '1.00', '25.00', 53),
(3713, '0.00', '0.10', '8.00', 1286),
(3714, '0.10', '0.25', '12.00', 1286),
(3715, '0.25', '0.50', '20.00', 1286),
(3716, '0.50', '1.00', '20.00', 1286),
(3717, '0.00', '0.10', '15.00', 1287),
(3718, '0.10', '0.25', '20.00', 1287),
(3719, '0.25', '0.50', '30.00', 1287),
(3720, '0.50', '1.00', '30.00', 1287),
(3721, '0.00', '0.10', '20.00', 1288),
(3722, '0.10', '0.25', '40.00', 1288),
(3723, '0.25', '0.50', '50.00', 1288),
(3724, '0.50', '1.00', '50.00', 1288),
(3725, '0.00', '0.10', '20.00', 1289),
(3726, '0.10', '0.25', '40.00', 1289),
(3727, '0.25', '0.50', '50.00', 1289),
(3728, '0.50', '1.00', '50.00', 1289),
(3729, '0.00', '0.10', '20.00', 1290),
(3730, '0.10', '0.25', '40.00', 1290),
(3731, '0.25', '0.50', '50.00', 1290),
(3732, '0.50', '1.00', '50.00', 1290),
(3733, '0.00', '0.10', '20.00', 1291),
(3734, '0.10', '0.25', '40.00', 1291),
(3735, '0.25', '0.50', '50.00', 1291),
(3736, '0.50', '1.00', '50.00', 1291),
(3737, '0.00', '0.10', '20.00', 1292),
(3738, '0.10', '0.25', '40.00', 1292),
(3739, '0.25', '0.50', '50.00', 1292),
(3740, '0.50', '1.00', '50.00', 1292),
(3741, '0.00', '0.10', '8.00', 1293),
(3742, '0.10', '0.25', '12.00', 1293),
(3743, '0.25', '0.50', '20.00', 1293),
(3744, '0.50', '1.00', '20.00', 1293),
(3745, '0.00', '0.10', '15.00', 1294),
(3746, '0.10', '0.25', '20.00', 1294),
(3747, '0.25', '0.50', '30.00', 1294),
(3748, '0.50', '1.00', '30.00', 1294),
(3749, '0.00', '0.10', '20.00', 1295),
(3750, '0.10', '0.25', '40.00', 1295),
(3751, '0.25', '0.50', '50.00', 1295),
(3752, '0.50', '1.00', '50.00', 1295),
(3753, '0.00', '0.10', '20.00', 1296),
(3754, '0.10', '0.25', '40.00', 1296),
(3755, '0.25', '0.50', '50.00', 1296),
(3756, '0.50', '1.00', '50.00', 1296),
(3757, '0.00', '0.10', '20.00', 1297),
(3758, '0.10', '0.25', '40.00', 1297),
(3759, '0.25', '0.50', '50.00', 1297),
(3760, '0.50', '1.00', '50.00', 1297),
(3761, '0.00', '0.10', '20.00', 1298),
(3762, '0.10', '0.25', '40.00', 1298),
(3763, '0.25', '0.50', '50.00', 1298),
(3764, '0.50', '1.00', '50.00', 1298),
(3765, '1.00', '1.00', '18.00', 1299),
(3766, '1.00', '1.00', '18.00', 1300),
(3767, '1.00', '1.00', '30.00', 1301),
(3768, '1.00', '1.00', '30.00', 1302),
(3769, '1.00', '1.00', '30.00', 1303),
(3770, '1.00', '1.00', '30.00', 1304),
(3771, '0.00', '0.50', '10.00', 1305),
(3772, '0.50', '1.00', '20.00', 1305),
(3773, '0.00', '0.10', '15.00', 1306),
(3774, '0.10', '0.25', '20.00', 1306),
(3775, '0.25', '0.50', '20.00', 1306),
(3776, '0.50', '1.00', '40.00', 1306),
(3792, '0.00', '0.10', '7.00', 1312),
(3793, '0.10', '0.25', '7.00', 1312),
(3794, '0.25', '0.50', '10.00', 1312),
(3795, '0.50', '1.00', '30.00', 1312),
(3796, '0.00', '0.10', '20.00', 1313),
(3797, '0.10', '0.25', '20.00', 1313),
(3798, '0.25', '0.50', '30.00', 1313),
(3799, '0.50', '1.00', '50.00', 1313),
(3800, '0.00', '0.10', '25.00', 1314),
(3801, '0.10', '0.25', '25.00', 1314),
(3802, '0.25', '0.50', '40.00', 1314),
(3803, '0.50', '1.00', '70.00', 1314),
(3804, '0.00', '0.10', '25.00', 1315),
(3805, '0.10', '0.25', '25.00', 1315),
(3806, '0.25', '0.50', '40.00', 1315),
(3807, '0.50', '1.00', '70.00', 1315),
(3808, '0.00', '0.10', '25.00', 1316),
(3809, '0.10', '0.25', '25.00', 1316),
(3810, '0.25', '0.50', '40.00', 1316),
(3811, '0.50', '1.00', '70.00', 1316),
(3812, '0.00', '0.10', '25.00', 1317),
(3813, '0.10', '0.25', '25.00', 1317),
(3814, '0.25', '0.50', '40.00', 1317),
(3815, '0.50', '1.00', '70.00', 1317),
(3816, '0.00', '0.10', '25.00', 1318),
(3817, '0.10', '0.25', '25.00', 1318),
(3818, '0.25', '0.50', '40.00', 1318),
(3819, '0.50', '1.00', '70.00', 1318),
(3820, '0.00', '0.10', '10.00', 1319),
(3821, '0.10', '0.25', '10.00', 1319),
(3822, '0.25', '0.50', '12.00', 1319),
(3823, '0.50', '1.00', '22.00', 1319),
(3824, '0.00', '0.10', '15.00', 1320),
(3825, '0.10', '0.25', '15.00', 1320),
(3826, '0.25', '0.50', '18.00', 1320),
(3827, '0.50', '1.00', '40.00', 1320),
(3828, '0.00', '0.10', '20.00', 1321),
(3829, '0.10', '0.25', '30.00', 1321),
(3830, '0.25', '0.50', '40.00', 1321),
(3831, '0.50', '1.00', '70.00', 1321),
(3832, '0.00', '0.10', '20.00', 1322),
(3833, '0.10', '0.25', '30.00', 1322),
(3834, '0.25', '0.50', '40.00', 1322),
(3835, '0.50', '1.00', '70.00', 1322),
(3836, '0.00', '0.10', '20.00', 1323),
(3837, '0.10', '0.25', '30.00', 1323),
(3838, '0.25', '0.50', '40.00', 1323),
(3839, '0.50', '1.00', '70.00', 1323),
(3840, '0.00', '0.10', '20.00', 1324),
(3841, '0.10', '0.25', '30.00', 1324),
(3842, '0.25', '0.50', '40.00', 1324),
(3843, '0.50', '1.00', '70.00', 1324),
(3844, '0.00', '0.10', '20.00', 1325),
(3845, '0.10', '0.25', '30.00', 1325),
(3846, '0.25', '0.50', '40.00', 1325),
(3847, '0.50', '1.00', '70.00', 1325),
(3848, '0.00', '0.10', '10.00', 1326),
(3849, '0.10', '0.25', '15.00', 1326),
(3850, '0.25', '0.50', '20.00', 1326),
(3851, '0.50', '1.00', '30.00', 1326),
(3852, '0.00', '0.10', '20.00', 1327),
(3853, '0.10', '0.25', '30.00', 1327),
(3854, '0.25', '0.50', '50.00', 1327),
(3855, '0.50', '1.00', '60.00', 1327),
(3856, '0.00', '0.10', '70.00', 1328),
(3857, '0.10', '0.25', '100.00', 1328),
(3858, '0.25', '0.50', '150.00', 1328),
(3859, '0.50', '1.00', '200.00', 1328),
(3860, '0.00', '0.10', '70.00', 1329),
(3861, '0.10', '0.25', '100.00', 1329),
(3862, '0.25', '0.50', '150.00', 1329),
(3863, '0.50', '1.00', '200.00', 1329),
(3864, '0.00', '0.10', '70.00', 1330),
(3865, '0.10', '0.25', '100.00', 1330),
(3866, '0.25', '0.50', '150.00', 1330),
(3867, '0.50', '1.00', '200.00', 1330),
(3868, '0.00', '0.10', '70.00', 1331),
(3869, '0.10', '0.25', '100.00', 1331),
(3870, '0.25', '0.50', '150.00', 1331),
(3871, '0.50', '1.00', '200.00', 1331),
(3872, '0.00', '0.10', '70.00', 1332),
(3873, '0.10', '0.25', '100.00', 1332),
(3874, '0.25', '0.50', '150.00', 1332),
(3875, '0.50', '1.00', '200.00', 1332),
(3884, '0.00', '0.25', '40.00', 1334),
(3885, '0.25', '0.50', '60.00', 1334),
(3886, '0.50', '1.00', '120.00', 1334),
(3887, '0.00', '0.25', '40.00', 1335),
(3888, '0.25', '0.50', '60.00', 1335),
(3889, '0.50', '1.00', '120.00', 1335),
(3890, '0.00', '0.25', '40.00', 1336),
(3891, '0.25', '0.50', '60.00', 1336),
(3892, '0.50', '1.00', '120.00', 1336),
(3893, '0.00', '0.25', '40.00', 1337),
(3894, '0.25', '0.50', '60.00', 1337),
(3895, '0.50', '1.00', '120.00', 1337),
(3896, '0.00', '0.25', '40.00', 1338),
(3897, '0.25', '0.50', '60.00', 1338),
(3898, '0.50', '1.00', '120.00', 1338),
(3899, '0.00', '0.10', '10.00', 558),
(3900, '0.10', '0.25', '15.00', 558),
(3901, '0.25', '0.50', '25.00', 558),
(3902, '0.50', '1.00', '45.00', 558),
(3955, '0.10', '0.25', '14.00', 1340),
(3956, '0.25', '0.50', '28.00', 1340),
(3957, '0.10', '0.25', '14.00', 1346),
(3958, '0.25', '0.50', '28.00', 1346),
(3959, '0.10', '0.25', '14.00', 1352),
(3960, '0.25', '0.50', '28.00', 1352),
(3961, '0.10', '0.25', '14.00', 1358),
(3962, '0.25', '0.50', '28.00', 1358),
(3965, '0.10', '0.25', '14.00', 1364),
(3966, '0.25', '0.50', '28.00', 1364),
(3969, '0.10', '0.25', '17.00', 1366),
(3970, '0.25', '0.50', '34.00', 1366),
(3971, '0.10', '0.25', '17.00', 1367),
(3972, '0.25', '0.50', '34.00', 1367),
(3973, '0.10', '0.25', '17.00', 1368),
(3974, '0.25', '0.50', '34.00', 1368),
(3975, '0.10', '0.25', '17.00', 1365),
(3976, '0.25', '0.50', '34.00', 1365),
(3977, '0.10', '0.25', '17.00', 1341),
(3978, '0.25', '0.50', '34.00', 1341),
(3979, '0.10', '0.25', '17.00', 1342),
(3980, '0.25', '0.50', '34.00', 1342),
(3981, '0.10', '0.25', '17.00', 1343),
(3982, '0.25', '0.50', '34.00', 1343),
(3983, '0.10', '0.25', '17.00', 1344),
(3984, '0.25', '0.50', '34.00', 1344),
(3985, '0.10', '0.25', '17.00', 1347),
(3986, '0.25', '0.50', '34.00', 1347),
(3987, '0.10', '0.25', '17.00', 1348),
(3988, '0.25', '0.50', '34.00', 1348),
(3989, '0.10', '0.25', '17.00', 1349),
(3990, '0.25', '0.50', '34.00', 1349),
(3991, '0.10', '0.25', '17.00', 1350),
(3992, '0.25', '0.50', '34.00', 1350),
(3993, '0.10', '0.25', '17.00', 1353),
(3994, '0.25', '0.50', '34.00', 1353),
(3995, '0.10', '0.25', '17.00', 1354),
(3996, '0.25', '0.50', '34.00', 1354),
(3997, '0.10', '0.25', '17.00', 1355),
(3998, '0.25', '0.50', '34.00', 1355),
(3999, '0.10', '0.25', '17.00', 1356),
(4000, '0.25', '0.50', '34.00', 1356),
(4001, '0.10', '0.25', '17.00', 1359),
(4002, '0.25', '0.50', '34.00', 1359),
(4003, '0.10', '0.25', '17.00', 1360),
(4004, '0.25', '0.50', '34.00', 1360),
(4005, '0.10', '0.25', '17.00', 1361),
(4006, '0.25', '0.50', '34.00', 1361),
(4007, '0.10', '0.25', '17.00', 1362),
(4008, '0.25', '0.50', '34.00', 1362),
(4011, '0.10', '0.25', '14.00', 1370),
(4012, '0.25', '0.50', '28.00', 1370),
(4013, '0.10', '0.25', '17.00', 1371),
(4014, '0.25', '0.50', '34.00', 1371),
(4015, '0.10', '0.25', '17.00', 1372),
(4016, '0.25', '0.50', '34.00', 1372),
(4017, '0.10', '0.25', '17.00', 1373),
(4018, '0.25', '0.50', '34.00', 1373),
(4019, '0.10', '0.25', '17.00', 1374),
(4020, '0.25', '0.50', '34.00', 1374),
(4023, '0.10', '0.25', '14.00', 1376),
(4024, '0.25', '0.50', '28.00', 1376),
(4025, '0.10', '0.25', '17.00', 1377),
(4026, '0.25', '0.50', '34.00', 1377),
(4027, '0.10', '0.25', '17.00', 1378),
(4028, '0.25', '0.50', '34.00', 1378),
(4029, '0.10', '0.25', '17.00', 1379),
(4030, '0.25', '0.50', '34.00', 1379),
(4031, '0.10', '0.25', '17.00', 1380),
(4032, '0.25', '0.50', '34.00', 1380),
(4033, '0.10', '0.25', '14.00', 1381),
(4034, '0.25', '0.50', '28.00', 1381),
(4035, '0.10', '0.25', '14.00', 1382),
(4036, '0.25', '0.50', '28.00', 1382),
(4037, '0.10', '0.25', '17.00', 1383),
(4038, '0.25', '0.50', '34.00', 1383),
(4039, '0.10', '0.25', '17.00', 1384),
(4040, '0.25', '0.50', '34.00', 1384),
(4041, '0.10', '0.25', '17.00', 1385),
(4042, '0.25', '0.50', '34.00', 1385),
(4043, '0.10', '0.25', '17.00', 1386),
(4044, '0.25', '0.50', '34.00', 1386),
(4045, '0.10', '0.25', '14.00', 1387),
(4046, '0.25', '0.50', '28.00', 1387),
(4047, '0.10', '0.25', '14.00', 1388),
(4048, '0.25', '0.50', '28.00', 1388),
(4049, '0.10', '0.25', '17.00', 1389),
(4050, '0.25', '0.50', '34.00', 1389),
(4051, '0.10', '0.25', '17.00', 1390),
(4052, '0.25', '0.50', '34.00', 1390),
(4053, '0.10', '0.25', '17.00', 1391),
(4054, '0.25', '0.50', '34.00', 1391),
(4055, '0.10', '0.25', '17.00', 1392),
(4056, '0.25', '0.50', '34.00', 1392),
(4057, '0.10', '0.25', '14.00', 1393),
(4058, '0.25', '0.50', '28.00', 1393),
(4059, '0.10', '0.25', '14.00', 1394),
(4060, '0.25', '0.50', '28.00', 1394),
(4061, '0.10', '0.25', '17.00', 1395),
(4062, '0.25', '0.50', '34.00', 1395),
(4063, '0.10', '0.25', '17.00', 1396),
(4064, '0.25', '500.00', '34.00', 1396),
(4065, '0.10', '0.25', '17.00', 1397),
(4066, '0.25', '0.50', '34.00', 1397),
(4067, '0.10', '0.25', '17.00', 1398),
(4068, '0.25', '0.50', '34.00', 1398),
(4069, '0.10', '0.25', '14.00', 1399),
(4070, '0.25', '0.50', '28.00', 1399),
(4071, '0.10', '0.25', '14.00', 1400),
(4072, '0.25', '0.50', '28.00', 1400),
(4073, '0.10', '0.25', '17.00', 1401),
(4074, '0.25', '0.50', '34.00', 1401),
(4075, '0.10', '0.25', '17.00', 1402),
(4076, '0.25', '0.50', '34.00', 1402),
(4077, '0.10', '0.25', '17.00', 1403),
(4078, '0.25', '0.50', '34.00', 1403),
(4079, '0.10', '0.25', '17.00', 1404),
(4080, '0.25', '0.50', '34.00', 1404),
(4081, '0.10', '0.25', '14.00', 1339),
(4082, '0.25', '0.50', '28.00', 1339),
(4083, '0.10', '0.25', '14.00', 1345),
(4084, '0.25', '0.50', '28.00', 1345),
(4085, '0.10', '0.25', '14.00', 1351),
(4086, '0.25', '0.50', '28.00', 1351),
(4087, '0.10', '0.25', '14.00', 1357),
(4088, '0.25', '0.50', '28.00', 1357),
(4089, '0.10', '0.25', '14.00', 1363),
(4090, '0.25', '0.50', '28.00', 1363),
(4091, '0.10', '0.25', '14.00', 1369),
(4092, '0.25', '0.50', '28.00', 1369),
(4093, '0.10', '0.25', '14.00', 1375),
(4094, '0.25', '0.50', '28.00', 1375),
(4095, '0.00', '0.10', '55.00', 907),
(4096, '0.10', '0.25', '55.00', 907),
(4097, '0.25', '0.50', '55.00', 907),
(4112, '0.10', '0.25', '6.00', 1405),
(4113, '0.10', '0.25', '8.00', 1406),
(4114, '0.10', '0.25', '20.00', 1407),
(4115, '0.10', '0.25', '20.00', 1408),
(4116, '0.10', '0.25', '20.00', 1409),
(4117, '0.10', '0.25', '20.00', 1410),
(4118, '1.00', '1.00', '50.00', 1411),
(4119, '1.00', '1.00', '50.00', 1412),
(4120, '1.00', '1.00', '50.00', 1413),
(4121, '1.00', '1.00', '50.00', 1414),
(4122, '0.00', '0.10', '30.00', 1242),
(4123, '0.10', '0.25', '30.00', 1242),
(4124, '0.25', '0.50', '45.00', 1242),
(4125, '0.00', '0.10', '12.00', 1415),
(4126, '0.10', '0.25', '15.00', 1415),
(4127, '0.25', '0.50', '15.00', 1415),
(4128, '0.00', '0.10', '15.00', 1416),
(4129, '0.10', '0.25', '20.00', 1416),
(4130, '0.25', '0.50', '25.00', 1416),
(4131, '0.00', '0.10', '25.00', 1417),
(4132, '0.10', '0.25', '30.00', 1417),
(4133, '0.25', '0.50', '50.00', 1417),
(4134, '0.00', '0.10', '25.00', 1418),
(4135, '0.10', '0.25', '30.00', 1418),
(4136, '0.25', '0.50', '50.00', 1418),
(4137, '0.00', '0.10', '25.00', 1419),
(4138, '0.10', '0.25', '30.00', 1419),
(4139, '0.25', '0.50', '50.00', 1419),
(4140, '0.00', '0.10', '25.00', 1420),
(4141, '0.10', '0.25', '30.00', 1420),
(4142, '0.25', '0.50', '50.00', 1420),
(4143, '0.10', '0.25', '60.00', 1421),
(4144, '0.10', '0.25', '60.00', 1422),
(4145, '0.10', '0.25', '60.00', 1423),
(4146, '0.10', '0.25', '60.00', 1424),
(4149, '0.10', '0.25', '35.00', 85),
(4150, '0.25', '0.50', '65.00', 85),
(4151, '0.10', '0.25', '35.00', 83),
(4152, '0.25', '0.50', '65.00', 83),
(4155, '0.00', '0.10', '20.00', 522),
(4156, '0.10', '0.25', '20.00', 522),
(4157, '0.25', '0.50', '30.00', 522),
(4158, '0.00', '0.10', '7.00', 514),
(4159, '0.10', '0.25', '8.00', 514),
(4160, '0.25', '0.50', '10.00', 514),
(4161, '0.00', '0.10', '10.00', 517),
(4162, '0.10', '0.25', '12.00', 517),
(4163, '0.25', '0.50', '15.00', 517),
(4164, '0.00', '0.10', '15.00', 1425),
(4165, '0.10', '0.25', '20.00', 1425),
(4166, '0.25', '0.50', '25.00', 1425),
(4167, '0.00', '0.10', '15.00', 1426),
(4168, '0.10', '0.25', '20.00', 1426),
(4169, '0.25', '0.50', '25.00', 1426),
(4170, '0.00', '0.10', '25.00', 1427),
(4171, '0.10', '0.25', '35.00', 1427),
(4172, '0.25', '0.50', '50.00', 1427),
(4173, '0.00', '0.10', '25.00', 1428),
(4174, '0.10', '0.25', '35.00', 1428),
(4175, '0.25', '0.50', '50.00', 1428),
(4176, '0.00', '0.10', '25.00', 1429),
(4177, '0.10', '0.25', '35.00', 1429),
(4178, '0.25', '0.50', '50.00', 1429),
(4179, '0.00', '0.10', '25.00', 1430),
(4180, '0.10', '0.25', '35.00', 1430),
(4181, '0.25', '0.50', '50.00', 1430),
(4182, '0.00', '0.10', '15.00', 1431),
(4183, '0.10', '0.25', '20.00', 1431),
(4184, '0.25', '0.50', '25.00', 1431),
(4185, '0.00', '0.10', '15.00', 1432),
(4186, '0.10', '0.25', '20.00', 1432),
(4187, '0.25', '0.50', '25.00', 1432),
(4188, '0.00', '0.10', '25.00', 1433),
(4189, '0.10', '0.25', '35.00', 1433),
(4190, '0.25', '0.50', '50.00', 1433),
(4191, '0.00', '0.10', '25.00', 1434),
(4192, '0.10', '0.25', '35.00', 1434),
(4193, '0.25', '0.50', '50.00', 1434),
(4194, '0.00', '0.10', '25.00', 1435),
(4195, '0.10', '0.25', '35.00', 1435),
(4196, '0.25', '0.50', '50.00', 1435),
(4197, '0.00', '0.10', '25.00', 1436),
(4198, '0.10', '0.25', '35.00', 1436),
(4199, '0.25', '0.50', '50.00', 1436),
(4200, '1.00', '1.00', '35.00', 1437),
(4201, '1.00', '1.00', '35.00', 1438),
(4202, '1.00', '1.00', '35.00', 1439),
(4203, '1.00', '1.00', '35.00', 1440),
(4206, '0.00', '0.10', '30.00', 1333),
(4207, '0.10', '1.00', '60.00', 1333),
(4208, '0.00', '0.10', '30.00', 1441),
(4209, '0.10', '1.00', '60.00', 1441),
(4214, '0.10', '0.25', '60.00', 1446),
(4215, '0.10', '0.25', '60.00', 1447),
(4216, '0.10', '0.25', '60.00', 1448),
(4217, '0.10', '0.25', '60.00', 1449),
(4218, '0.10', '0.25', '10.00', 1450),
(4219, '0.10', '0.25', '12.00', 1451),
(4220, '0.10', '0.25', '20.00', 1452),
(4221, '0.10', '0.25', '20.00', 1453),
(4222, '0.10', '0.25', '20.00', 1454),
(4223, '0.10', '0.25', '20.00', 1455),
(4224, '0.10', '0.25', '20.00', 1456),
(4225, '0.10', '0.25', '10.00', 1457),
(4227, '0.10', '0.25', '20.00', 1459),
(4228, '0.10', '0.25', '20.00', 1460),
(4229, '0.10', '0.25', '20.00', 1461),
(4230, '0.10', '0.25', '20.00', 1462),
(4231, '0.10', '0.25', '20.00', 1463),
(4232, '0.10', '0.25', '12.00', 1458),
(4233, '0.10', '0.25', '10.00', 1464),
(4234, '0.10', '0.25', '12.00', 1465),
(4235, '0.10', '0.25', '20.00', 1466),
(4236, '0.10', '0.25', '20.00', 1467),
(4237, '0.10', '0.25', '20.00', 1468),
(4238, '0.10', '0.25', '20.00', 1469),
(4239, '0.10', '0.25', '20.00', 1470),
(4240, '0.10', '0.25', '10.00', 1471),
(4241, '0.10', '0.25', '12.00', 1472),
(4242, '0.10', '0.25', '20.00', 1473),
(4243, '0.10', '0.25', '20.00', 1474),
(4244, '0.10', '0.25', '20.00', 1475),
(4245, '0.10', '0.25', '20.00', 1476),
(4246, '0.10', '0.25', '20.00', 1477),
(4247, '0.10', '0.25', '6.00', 1478),
(4248, '0.25', '0.50', '15.00', 1478),
(4249, '0.50', '1.00', '20.00', 1478),
(4250, '0.10', '0.25', '15.00', 1479),
(4251, '0.25', '0.50', '25.00', 1479),
(4252, '0.50', '1.00', '40.00', 1479),
(4265, '0.10', '0.25', '25.00', 1484),
(4266, '0.25', '0.50', '50.00', 1484),
(4267, '0.50', '1.00', '100.00', 1484),
(4268, '0.10', '0.25', '25.00', 1485),
(4269, '0.25', '0.50', '50.00', 1485),
(4270, '0.50', '1.00', '100.00', 1485),
(4271, '0.10', '0.25', '25.00', 1486),
(4272, '0.25', '0.50', '50.00', 1486),
(4273, '0.50', '1.00', '100.00', 1486),
(4274, '0.10', '0.25', '25.00', 1487),
(4275, '0.25', '0.50', '50.00', 1487),
(4276, '0.50', '1.00', '100.00', 1487),
(4281, '1.00', '1.00', '60.00', 1492),
(4282, '1.00', '1.00', '60.00', 1493),
(4283, '1.00', '1.00', '60.00', 1494),
(4284, '1.00', '1.00', '60.00', 1495),
(4285, '0.10', '100.00', '10.00', 1496),
(4286, '101.00', '0.50', '15.00', 1496),
(4287, '0.50', '1000.00', '20.00', 1496),
(4288, '0.10', '100.00', '15.00', 1497),
(4289, '101.00', '500.00', '25.00', 1497),
(4290, '501.00', '1000.00', '40.00', 1497),
(4291, '0.10', '100.00', '25.00', 1498),
(4292, '101.00', '0.50', '50.00', 1498),
(4293, '501.00', '1000.00', '100.00', 1498),
(4294, '0.10', '100.00', '25.00', 1499),
(4295, '101.00', '0.50', '50.00', 1499),
(4296, '501.00', '1000.00', '100.00', 1499),
(4297, '0.10', '100.00', '25.00', 1500),
(4298, '101.00', '500.00', '50.00', 1500),
(4299, '501.00', '1000.00', '100.00', 1500),
(4300, '0.10', '100.00', '25.00', 1501),
(4301, '101.00', '500.00', '50.00', 1501),
(4302, '501.00', '1000.00', '100.00', 1501),
(4303, '0.10', '100.00', '25.00', 1502),
(4304, '101.00', '500.00', '50.00', 1502),
(4305, '501.00', '1000.00', '100.00', 1502),
(4306, '101.00', '500.00', '50.00', 1503),
(4307, '501.00', '1000.00', '100.00', 1503),
(4308, '0.10', '0.25', '10.00', 1504),
(4314, '0.10', '0.25', '20.00', 1510),
(4315, '0.10', '0.25', '30.00', 1511),
(4316, '0.10', '0.25', '30.00', 1512),
(4317, '0.10', '0.25', '30.00', 1513),
(4318, '0.10', '0.25', '30.00', 1514),
(4319, '0.00', '0.10', '6.00', 1515),
(4320, '0.10', '0.25', '8.00', 1515),
(4321, '0.25', '0.50', '13.00', 1515),
(4322, '0.50', '1.00', '23.00', 1515),
(4323, '0.00', '0.10', '10.00', 1516),
(4324, '0.10', '0.25', '15.00', 1516),
(4325, '0.25', '0.50', '25.00', 1516),
(4326, '0.50', '1.00', '45.00', 1516),
(4327, '0.00', '0.10', '18.00', 1517),
(4328, '0.10', '0.25', '23.00', 1517),
(4329, '0.25', '0.50', '45.00', 1517),
(4330, '0.50', '1.00', '80.00', 1517),
(4331, '0.00', '0.10', '18.00', 1518),
(4332, '0.10', '0.25', '23.00', 1518),
(4333, '0.25', '0.50', '45.00', 1518),
(4334, '0.50', '1.00', '80.00', 1518),
(4335, '0.00', '0.10', '18.00', 1519),
(4336, '0.10', '0.25', '23.00', 1519),
(4337, '0.25', '0.50', '45.00', 1519),
(4338, '0.50', '1.00', '80.00', 1519),
(4339, '0.00', '0.10', '18.00', 1520),
(4340, '0.10', '0.25', '23.00', 1520),
(4341, '0.25', '0.50', '45.00', 1520),
(4342, '0.50', '1.00', '80.00', 1520),
(4343, '0.00', '0.10', '15.00', 1521),
(4344, '0.10', '0.25', '20.00', 1521),
(4345, '0.25', '0.50', '25.00', 1521),
(4346, '0.00', '0.10', '15.00', 1522),
(4347, '0.10', '0.25', '20.00', 1522),
(4348, '0.25', '0.50', '25.00', 1522),
(4361, '0.00', '0.10', '25.00', 1527),
(4362, '0.10', '0.25', '35.00', 1527),
(4363, '0.25', '0.50', '50.00', 1527),
(4364, '0.00', '0.10', '25.00', 1528),
(4365, '0.10', '0.25', '35.00', 1528),
(4366, '0.25', '0.50', '50.00', 1528),
(4367, '0.00', '0.10', '25.00', 1529),
(4368, '0.10', '0.25', '35.00', 1529),
(4369, '0.25', '0.50', '50.00', 1529),
(4370, '0.00', '0.10', '25.00', 1530),
(4371, '0.10', '0.25', '35.00', 1530),
(4372, '0.25', '0.50', '50.00', 1530),
(4373, '0.00', '0.10', '12.00', 647),
(4374, '0.10', '0.25', '12.00', 647),
(4375, '0.25', '0.50', '22.00', 647),
(4376, '0.00', '0.10', '12.00', 648),
(4377, '0.10', '0.25', '12.00', 648),
(4378, '0.25', '0.50', '22.00', 648),
(4379, '0.00', '0.10', '22.00', 649),
(4380, '0.10', '0.25', '22.00', 649),
(4381, '0.25', '0.50', '45.00', 649),
(4382, '0.00', '0.10', '22.00', 650),
(4383, '0.10', '0.25', '22.00', 650),
(4384, '0.25', '0.50', '45.00', 650),
(4385, '0.00', '0.10', '22.00', 651),
(4386, '0.10', '0.25', '22.00', 651),
(4387, '0.25', '0.50', '45.00', 651),
(4388, '0.00', '0.10', '22.00', 652),
(4389, '0.10', '0.25', '22.00', 652),
(4390, '0.25', '0.50', '45.00', 652),
(4391, '1.00', '1.00', '50.00', 1531),
(4392, '1.00', '1.00', '50.00', 1532),
(4393, '1.00', '1.00', '50.00', 1533),
(4394, '1.00', '1.00', '50.00', 1534),
(4416, '0.10', '100.00', '10.00', 1542),
(4417, '101.00', '500.00', '15.00', 1542),
(4418, '501.00', '1000.00', '20.00', 1542),
(4419, '0.10', '100.00', '15.00', 1543),
(4420, '101.00', '500.00', '25.00', 1543),
(4421, '501.00', '1000.00', '40.00', 1543),
(4422, '0.10', '100.00', '25.00', 1544),
(4423, '101.00', '500.00', '50.00', 1544),
(4424, '501.00', '1000.00', '100.00', 1544),
(4425, '0.10', '100.00', '25.00', 1545),
(4426, '101.00', '500.00', '50.00', 1545),
(4427, '501.00', '1000.00', '100.00', 1545),
(4428, '0.10', '100.00', '25.00', 1546),
(4429, '101.00', '500.00', '50.00', 1546),
(4430, '501.00', '1000.00', '100.00', 1546),
(4431, '0.10', '100.00', '25.00', 1547),
(4432, '101.00', '500.00', '50.00', 1547),
(4433, '501.00', '1000.00', '100.00', 1547),
(4434, '0.10', '100.00', '25.00', 1548),
(4435, '101.00', '500.00', '50.00', 1548),
(4436, '501.00', '1000.00', '100.00', 1548),
(4437, '0.10', '0.25', '15.00', 1549),
(4438, '0.00', '0.10', '10.00', 1550),
(4439, '0.10', '0.25', '15.00', 1550),
(4440, '0.00', '0.10', '25.00', 1551),
(4441, '0.10', '0.25', '50.00', 1551),
(4442, '0.00', '0.10', '25.00', 1552),
(4443, '0.10', '0.25', '50.00', 1552),
(4444, '0.00', '0.10', '25.00', 1553),
(4445, '0.10', '0.25', '50.00', 1553),
(4446, '0.00', '0.10', '25.00', 1554),
(4447, '0.10', '0.25', '50.00', 1554),
(4448, '0.00', '0.10', '6.00', 130),
(4449, '0.10', '0.25', '6.00', 130),
(4450, '0.25', '0.50', '12.00', 130),
(4451, '0.00', '0.10', '10.00', 131),
(4452, '0.10', '0.25', '10.00', 131),
(4453, '0.25', '0.50', '20.00', 131),
(4454, '0.00', '0.10', '20.00', 132),
(4455, '0.10', '0.25', '20.00', 132),
(4456, '0.25', '0.50', '40.00', 132),
(4457, '0.00', '0.10', '20.00', 133),
(4458, '0.10', '0.25', '20.00', 133),
(4459, '0.25', '0.50', '40.00', 133),
(4460, '0.00', '0.10', '20.00', 134),
(4461, '0.10', '0.25', '20.00', 134),
(4462, '0.25', '0.50', '40.00', 134),
(4466, '0.00', '0.10', '20.00', 135),
(4467, '0.10', '0.25', '20.00', 135),
(4468, '0.25', '0.50', '40.00', 135),
(4469, '1.00', '1.00', '35.00', 1555),
(4470, '1.00', '1.00', '35.00', 1556),
(4471, '1.00', '1.00', '35.00', 1557),
(4472, '1.00', '1.00', '35.00', 1558),
(5082, '0.00', '0.10', '10.00', 1559),
(5083, '0.10', '0.50', '15.00', 1559),
(5084, '0.50', '1.00', '20.00', 1559),
(5085, '0.00', '0.10', '15.00', 1560),
(5086, '0.10', '0.50', '25.00', 1560),
(5087, '0.50', '1.00', '30.00', 1560),
(5088, '0.00', '0.10', '25.00', 1561),
(5089, '0.10', '0.50', '50.00', 1561),
(5090, '0.50', '1.00', '100.00', 1561),
(5091, '0.00', '0.10', '25.00', 1562),
(5092, '0.10', '0.50', '50.00', 1562),
(5093, '0.50', '1.00', '100.00', 1562),
(5094, '0.00', '0.10', '25.00', 1563),
(5095, '0.10', '0.50', '50.00', 1563),
(5096, '0.50', '1.00', '100.00', 1563),
(5097, '0.00', '0.10', '25.00', 1564),
(5098, '0.10', '0.50', '50.00', 1564),
(5099, '0.50', '1.00', '100.00', 1564),
(5100, '0.00', '0.10', '25.00', 1565),
(5101, '0.10', '0.50', '50.00', 1565),
(5102, '0.50', '1.00', '100.00', 1565),
(5103, '0.00', '0.10', '10.00', 654),
(5104, '0.10', '0.25', '15.00', 654),
(5105, '0.25', '0.50', '25.00', 654),
(5106, '0.00', '0.10', '15.00', 655),
(5107, '0.10', '0.25', '20.00', 655),
(5108, '0.25', '0.50', '25.00', 655),
(5109, '0.00', '0.10', '25.00', 657),
(5110, '0.10', '0.25', '35.00', 657),
(5111, '0.25', '0.50', '50.00', 657),
(5112, '0.00', '0.10', '25.00', 658),
(5113, '0.10', '0.25', '35.00', 658),
(5114, '0.25', '0.50', '50.00', 658),
(5115, '0.00', '0.10', '25.00', 660),
(5116, '0.10', '0.25', '35.00', 660),
(5117, '0.25', '0.50', '50.00', 660),
(5118, '0.00', '0.10', '25.00', 661),
(5119, '0.10', '0.25', '35.00', 661),
(5120, '0.25', '0.50', '50.00', 661),
(5121, '0.00', '0.10', '25.00', 662),
(5122, '0.10', '0.25', '35.00', 662),
(5123, '0.25', '0.50', '50.00', 662),
(5124, '0.00', '0.10', '10.00', 689),
(5125, '0.10', '0.25', '15.00', 689),
(5126, '0.25', '0.50', '25.00', 689),
(5127, '0.00', '0.10', '10.00', 691),
(5128, '0.10', '0.25', '15.00', 691),
(5129, '0.25', '0.50', '25.00', 691),
(5130, '0.00', '0.10', '25.00', 692),
(5131, '0.10', '0.25', '35.00', 692),
(5132, '0.25', '0.50', '50.00', 692),
(5133, '0.00', '0.10', '25.00', 694),
(5134, '0.10', '0.25', '35.00', 694),
(5135, '0.25', '0.50', '50.00', 694),
(5139, '0.00', '0.10', '25.00', 695),
(5140, '0.10', '0.25', '35.00', 695),
(5141, '0.25', '0.50', '50.00', 695),
(5142, '0.00', '0.10', '25.00', 697),
(5143, '0.10', '0.25', '35.00', 697),
(5144, '0.25', '0.50', '50.00', 697),
(5145, '0.00', '0.10', '25.00', 699),
(5146, '0.10', '0.25', '35.00', 699),
(5147, '0.25', '0.50', '50.00', 699),
(5151, '0.00', '0.10', '15.00', 702),
(5152, '0.10', '0.25', '20.00', 702),
(5153, '0.25', '0.50', '25.00', 702),
(5154, '0.00', '0.10', '10.00', 701),
(5155, '0.10', '0.25', '15.00', 701),
(5156, '0.25', '0.50', '25.00', 701),
(5157, '0.00', '0.10', '25.00', 703),
(5158, '0.10', '0.25', '35.00', 703),
(5159, '0.25', '0.50', '50.00', 703),
(5160, '0.00', '0.10', '25.00', 704),
(5161, '0.10', '0.25', '35.00', 704),
(5162, '0.25', '0.50', '50.00', 704),
(5163, '0.00', '0.10', '25.00', 705),
(5164, '0.10', '0.25', '35.00', 705),
(5165, '0.25', '0.50', '50.00', 705),
(5166, '0.00', '0.10', '25.00', 706),
(5167, '0.10', '0.25', '35.00', 706),
(5168, '0.25', '0.50', '50.00', 706),
(5169, '0.00', '0.10', '25.00', 707),
(5170, '0.10', '0.25', '35.00', 707),
(5171, '0.25', '0.50', '50.00', 707),
(5172, '0.00', '0.10', '10.00', 762),
(5173, '0.10', '0.25', '15.00', 762),
(5174, '0.25', '0.50', '25.00', 762),
(5175, '0.00', '0.10', '15.00', 763),
(5176, '0.10', '0.25', '20.00', 763),
(5177, '0.25', '0.50', '25.00', 763),
(5178, '0.00', '0.10', '25.00', 764),
(5179, '0.10', '0.25', '35.00', 764),
(5180, '0.25', '0.50', '50.00', 764),
(5181, '0.00', '0.10', '25.00', 765),
(5182, '0.10', '0.25', '35.00', 765),
(5183, '0.25', '0.50', '50.00', 765),
(5184, '0.00', '0.10', '25.00', 766),
(5185, '0.10', '0.25', '35.00', 766),
(5186, '0.25', '0.50', '50.00', 766),
(5187, '0.00', '0.10', '25.00', 767),
(5188, '0.10', '0.25', '35.00', 767),
(5189, '0.25', '0.50', '50.00', 767),
(5190, '0.00', '0.10', '25.00', 1096),
(5191, '0.10', '0.25', '35.00', 1096),
(5192, '0.25', '0.50', '50.00', 1096),
(5238, '0.00', '0.10', '10.00', 893),
(5239, '0.10', '0.25', '15.00', 893),
(5240, '0.25', '0.50', '25.00', 893),
(5241, '0.00', '0.10', '15.00', 895),
(5242, '0.10', '0.25', '20.00', 895),
(5243, '0.25', '0.50', '25.00', 895),
(5244, '0.00', '0.10', '25.00', 896),
(5245, '0.10', '0.25', '35.00', 896),
(5246, '0.25', '0.50', '50.00', 896),
(5376, '0.00', '0.10', '25.00', 898),
(5377, '0.10', '0.25', '35.00', 898),
(5378, '0.25', '0.50', '50.00', 898),
(5379, '0.00', '0.10', '25.00', 900),
(5380, '0.10', '0.25', '35.00', 900),
(5381, '0.25', '0.50', '50.00', 900),
(5382, '0.00', '0.10', '25.00', 901),
(5383, '0.10', '0.25', '35.00', 901),
(5384, '0.25', '0.50', '50.00', 901),
(5385, '0.00', '0.10', '25.00', 902),
(5386, '0.10', '0.25', '35.00', 902),
(5387, '0.25', '0.50', '50.00', 902),
(5397, '0.00', '0.10', '10.00', 1566),
(5398, '0.10', '0.25', '15.00', 1566),
(5399, '0.25', '0.50', '25.00', 1566),
(5400, '0.00', '0.10', '15.00', 1567),
(5401, '0.10', '0.25', '20.00', 1567),
(5402, '0.25', '0.50', '25.00', 1567),
(5403, '0.00', '0.10', '25.00', 1568),
(5404, '0.10', '0.25', '35.00', 1568),
(5405, '0.25', '0.50', '50.00', 1568),
(5406, '0.00', '0.10', '25.00', 1569),
(5407, '0.10', '0.25', '35.00', 1569),
(5408, '0.25', '0.50', '50.00', 1569),
(5409, '0.00', '0.10', '25.00', 1570),
(5410, '0.10', '0.25', '35.00', 1570),
(5411, '0.25', '0.50', '50.00', 1570),
(5412, '0.00', '0.10', '25.00', 1571),
(5413, '0.10', '0.25', '35.00', 1571),
(5414, '0.25', '0.50', '50.00', 1571),
(5415, '0.00', '0.10', '25.00', 1572),
(5416, '0.10', '0.25', '35.00', 1572),
(5417, '0.25', '0.50', '50.00', 1572),
(5418, '0.00', '0.10', '6.00', 1573),
(5419, '0.10', '0.25', '8.00', 1573),
(5420, '0.25', '0.50', '13.00', 1573),
(5421, '0.00', '0.10', '10.00', 1574),
(5422, '0.10', '0.25', '15.00', 1574),
(5423, '0.25', '0.50', '25.00', 1574),
(5428, '0.00', '0.50', '4.50', 1575),
(5429, '0.50', '1.00', '12.00', 1575),
(5430, '0.00', '0.50', '7.50', 1576),
(5431, '0.50', '1.00', '15.00', 1576),
(5432, '0.00', '0.20', '20.00', 1577),
(5433, '0.20', '0.50', '30.00', 1577),
(5434, '0.50', '1.00', '30.00', 1577),
(5435, '0.00', '0.20', '20.00', 1578),
(5436, '0.20', '0.50', '30.00', 1578),
(5437, '0.50', '1.00', '60.00', 1578),
(5438, '0.00', '0.20', '20.00', 1579),
(5439, '0.20', '0.50', '30.00', 1579),
(5440, '0.50', '1.00', '60.00', 1579),
(5441, '0.00', '0.20', '20.00', 1580),
(5442, '0.20', '0.50', '30.00', 1580),
(5443, '0.50', '1.00', '60.00', 1580),
(5444, '0.00', '0.20', '20.00', 1581),
(5445, '0.20', '0.50', '30.00', 1581),
(5446, '0.50', '1.00', '60.00', 1581),
(5447, '0.00', '0.10', '8.00', 1582),
(5448, '0.10', '0.25', '10.00', 1582),
(5449, '0.25', '0.50', '12.00', 1582),
(5450, '0.00', '0.10', '10.00', 1583),
(5451, '0.10', '0.25', '12.00', 1583),
(5452, '0.25', '0.50', '15.00', 1583),
(5453, '0.00', '0.10', '20.00', 1584),
(5454, '0.10', '0.25', '30.00', 1584),
(5455, '0.25', '0.50', '45.00', 1584),
(5456, '0.00', '0.10', '20.00', 1585),
(5457, '0.10', '0.25', '30.00', 1585),
(5458, '0.25', '0.50', '45.00', 1585),
(5459, '0.00', '0.10', '20.00', 1586),
(5460, '0.10', '0.25', '30.00', 1586),
(5461, '0.25', '0.50', '45.00', 1586),
(5462, '0.00', '0.10', '20.00', 1587),
(5463, '0.10', '0.25', '30.00', 1587),
(5464, '0.25', '0.50', '45.00', 1587),
(5465, '0.00', '0.10', '20.00', 1588),
(5466, '0.10', '0.25', '30.00', 1588),
(5467, '0.25', '0.50', '45.00', 1588),
(5468, '0.00', '0.10', '8.00', 1589),
(5469, '0.10', '0.25', '10.00', 1589),
(5470, '0.25', '0.50', '15.00', 1589),
(5471, '0.00', '0.10', '12.00', 1590),
(5472, '0.10', '0.25', '15.00', 1590),
(5473, '0.25', '0.50', '20.00', 1590),
(5474, '0.00', '0.10', '22.00', 1591),
(5475, '0.10', '0.25', '27.00', 1591),
(5476, '0.25', '0.50', '40.00', 1591),
(5477, '0.00', '0.10', '22.00', 1592),
(5478, '0.10', '0.25', '27.00', 1592),
(5479, '0.25', '0.50', '40.00', 1592),
(5480, '0.00', '0.10', '22.00', 1593),
(5481, '0.10', '0.25', '27.00', 1593),
(5482, '0.25', '0.50', '40.00', 1593),
(5483, '0.00', '0.10', '22.00', 1594),
(5484, '0.10', '0.25', '27.00', 1594),
(5485, '0.25', '0.50', '40.00', 1594),
(5486, '0.00', '0.10', '22.00', 1595),
(5487, '0.10', '0.25', '27.00', 1595),
(5488, '0.25', '0.50', '40.00', 1595),
(5489, '0.00', '0.10', '10.00', 1596),
(5490, '0.10', '0.25', '10.00', 1596),
(5491, '0.25', '0.50', '20.00', 1596),
(5492, '0.00', '0.10', '15.00', 1597),
(5493, '0.10', '0.25', '20.00', 1597),
(5494, '0.25', '0.50', '25.00', 1597),
(5495, '0.00', '0.10', '20.00', 1598),
(5496, '0.10', '0.25', '25.00', 1598),
(5497, '0.25', '0.50', '35.00', 1598),
(5498, '0.00', '0.10', '20.00', 1599),
(5499, '0.10', '0.25', '25.00', 1599),
(5500, '0.25', '0.50', '35.00', 1599),
(5501, '0.00', '0.10', '20.00', 1600),
(5502, '0.10', '0.25', '25.00', 1600),
(5503, '0.25', '0.50', '35.00', 1600),
(5504, '0.00', '0.10', '20.00', 1601),
(5505, '0.10', '0.25', '25.00', 1601),
(5506, '0.25', '0.50', '35.00', 1601),
(5507, '0.00', '0.10', '20.00', 1602),
(5508, '0.10', '0.25', '25.00', 1602),
(5509, '0.25', '0.50', '35.00', 1602),
(5510, '0.00', '0.10', '10.00', 1603),
(5511, '0.10', '0.25', '10.00', 1603),
(5512, '0.25', '0.50', '15.00', 1603),
(5513, '0.00', '0.10', '12.00', 1604),
(5514, '0.10', '0.25', '12.00', 1604),
(5515, '0.25', '0.50', '17.00', 1604),
(5516, '0.00', '0.10', '25.00', 1605),
(5517, '0.10', '0.25', '35.00', 1605),
(5518, '0.25', '0.50', '45.00', 1605),
(5519, '0.00', '0.10', '25.00', 1606),
(5520, '0.10', '0.25', '35.00', 1606),
(5521, '0.25', '0.50', '45.00', 1606),
(5522, '0.00', '0.10', '25.00', 1607),
(5523, '0.10', '0.25', '35.00', 1607),
(5524, '0.25', '0.50', '45.00', 1607),
(5525, '0.00', '0.10', '25.00', 1608),
(5526, '0.10', '0.25', '35.00', 1608),
(5527, '0.25', '0.50', '45.00', 1608),
(5528, '0.00', '0.10', '25.00', 1609),
(5529, '0.10', '0.25', '35.00', 1609),
(5530, '0.25', '0.50', '45.00', 1609),
(5531, '0.00', '0.10', '12.00', 1610),
(5532, '0.10', '0.25', '12.00', 1610),
(5533, '0.25', '0.50', '22.00', 1610),
(5534, '0.00', '0.10', '12.00', 1611),
(5535, '0.10', '0.25', '12.00', 1611),
(5536, '0.25', '0.50', '22.00', 1611),
(5537, '0.00', '0.10', '22.00', 1612),
(5538, '0.10', '0.25', '22.00', 1612),
(5539, '0.25', '0.50', '45.00', 1612),
(5540, '0.00', '0.10', '22.00', 1613),
(5541, '0.10', '0.25', '22.00', 1613),
(5542, '0.25', '0.50', '45.00', 1613),
(5543, '0.00', '0.10', '22.00', 1614),
(5544, '0.10', '0.25', '22.00', 1614),
(5545, '0.25', '0.50', '45.00', 1614),
(5546, '0.00', '0.10', '22.00', 1615),
(5547, '0.10', '0.25', '22.00', 1615),
(5548, '0.25', '0.50', '45.00', 1615),
(5549, '0.00', '0.10', '22.00', 1616),
(5550, '0.10', '0.25', '22.00', 1616),
(5551, '0.25', '0.50', '45.00', 1616),
(5552, '0.00', '0.10', '7.00', 1617),
(5553, '0.10', '0.25', '8.00', 1617),
(5554, '0.25', '0.50', '10.00', 1617),
(5555, '0.00', '0.10', '10.00', 1618),
(5556, '0.10', '0.25', '12.00', 1618),
(5557, '0.25', '0.50', '15.00', 1618),
(5558, '0.00', '0.10', '20.00', 1619),
(5559, '0.10', '0.25', '20.00', 1619),
(5560, '0.25', '0.50', '30.00', 1619),
(5561, '0.00', '0.10', '20.00', 1620),
(5562, '0.10', '0.25', '20.00', 1620),
(5563, '0.25', '0.50', '30.00', 1620),
(5564, '0.00', '0.10', '20.00', 1621),
(5565, '0.10', '0.25', '20.00', 1621),
(5566, '0.25', '0.50', '30.00', 1621),
(5567, '0.00', '0.10', '20.00', 1622),
(5568, '0.10', '0.25', '20.00', 1622),
(5569, '0.25', '0.50', '30.00', 1622),
(5570, '0.00', '0.10', '20.00', 1623),
(5571, '0.10', '0.25', '20.00', 1623),
(5572, '0.25', '0.50', '30.00', 1623),
(5573, '0.00', '0.10', '7.00', 1624),
(5574, '0.10', '0.25', '7.00', 1624),
(5575, '0.25', '0.50', '10.00', 1624),
(5576, '0.00', '0.10', '10.00', 1625),
(5577, '0.10', '0.25', '10.00', 1625),
(5578, '0.25', '0.50', '15.00', 1625),
(5579, '0.00', '0.10', '25.00', 1626),
(5580, '0.10', '0.25', '30.00', 1626),
(5581, '0.25', '0.50', '35.00', 1626),
(5582, '0.00', '0.10', '25.00', 1627),
(5583, '0.10', '0.25', '30.00', 1627),
(5584, '0.25', '0.50', '35.00', 1627),
(5585, '0.00', '0.10', '25.00', 1628),
(5586, '0.10', '0.25', '30.00', 1628),
(5587, '0.25', '0.50', '35.00', 1628),
(5588, '0.00', '0.10', '25.00', 1629),
(5589, '0.10', '0.25', '30.00', 1629),
(5590, '0.25', '0.50', '35.00', 1629),
(5591, '0.00', '0.10', '25.00', 1630),
(5592, '0.10', '0.25', '30.00', 1630),
(5593, '0.25', '0.50', '35.00', 1630),
(5594, '0.00', '0.10', '8.00', 1631),
(5595, '0.10', '0.25', '10.00', 1631),
(5596, '0.25', '0.50', '12.00', 1631),
(5597, '0.00', '0.10', '10.00', 1632),
(5598, '0.10', '0.25', '12.00', 1632),
(5599, '0.25', '0.50', '15.00', 1632),
(5600, '0.00', '0.10', '16.00', 1633),
(5601, '0.10', '0.25', '22.00', 1633),
(5602, '0.25', '0.50', '30.00', 1633),
(5603, '0.00', '0.10', '16.00', 1634),
(5604, '0.10', '0.25', '22.00', 1634),
(5605, '0.25', '0.50', '30.00', 1634),
(5606, '0.00', '0.10', '16.00', 1635),
(5607, '0.10', '0.25', '22.00', 1635),
(5608, '0.25', '0.50', '30.00', 1635),
(5609, '0.00', '0.10', '16.00', 1636),
(5610, '0.10', '0.25', '22.00', 1636),
(5611, '0.25', '0.50', '30.00', 1636),
(5612, '0.00', '0.10', '16.00', 1637),
(5613, '0.10', '0.25', '22.00', 1637),
(5614, '0.25', '0.50', '30.00', 1637),
(5615, '0.00', '0.10', '10.00', 1638),
(5616, '0.10', '0.25', '10.00', 1638),
(5617, '0.25', '0.50', '20.00', 1638),
(5618, '0.00', '0.10', '10.00', 1639),
(5619, '0.10', '0.25', '15.00', 1639),
(5620, '0.25', '0.50', '20.00', 1639),
(5621, '0.00', '0.10', '20.00', 1640),
(5622, '0.10', '0.25', '30.00', 1640),
(5623, '0.25', '0.50', '50.00', 1640),
(5624, '0.00', '0.10', '20.00', 1641),
(5625, '0.10', '0.25', '30.00', 1641),
(5626, '0.25', '0.50', '50.00', 1641),
(5627, '0.00', '0.10', '20.00', 1642),
(5628, '0.10', '0.25', '30.00', 1642),
(5629, '0.25', '0.50', '50.00', 1642),
(5630, '0.00', '0.10', '20.00', 1643),
(5631, '0.10', '0.25', '30.00', 1643),
(5632, '0.25', '0.50', '50.00', 1643),
(5633, '0.00', '0.10', '20.00', 1644),
(5634, '0.10', '0.25', '30.00', 1644),
(5635, '0.25', '0.50', '50.00', 1644),
(5636, '0.00', '0.10', '10.00', 1645),
(5637, '0.10', '0.25', '10.00', 1645),
(5638, '0.25', '0.50', '10.00', 1645),
(5642, '0.00', '0.10', '10.00', 1646),
(5643, '0.10', '0.25', '15.00', 1646),
(5644, '0.25', '0.50', '20.00', 1646),
(5645, '0.00', '0.10', '20.00', 1647),
(5646, '0.10', '0.25', '25.00', 1647),
(5647, '0.25', '0.50', '30.00', 1647),
(5648, '0.00', '0.10', '20.00', 1648),
(5649, '0.10', '0.25', '25.00', 1648),
(5650, '0.25', '0.50', '30.00', 1648),
(5651, '0.00', '0.10', '20.00', 1649),
(5652, '0.10', '0.25', '25.00', 1649),
(5653, '0.25', '0.50', '30.00', 1649),
(5654, '0.00', '0.10', '20.00', 1650),
(5655, '0.10', '0.25', '25.00', 1650),
(5656, '0.25', '0.50', '30.00', 1650),
(5657, '0.00', '0.10', '20.00', 1651),
(5658, '0.10', '0.25', '25.00', 1651),
(5659, '0.25', '0.50', '30.00', 1651),
(5660, '0.00', '0.10', '10.00', 1652),
(5661, '0.10', '0.25', '10.00', 1652),
(5662, '0.25', '0.50', '20.00', 1652),
(5663, '0.00', '0.10', '15.00', 1653),
(5664, '0.10', '0.25', '20.00', 1653),
(5665, '0.25', '0.50', '30.00', 1653),
(5666, '0.00', '0.10', '30.00', 1654),
(5667, '0.10', '0.25', '35.00', 1654),
(5668, '0.25', '0.50', '40.00', 1654),
(5669, '0.00', '0.10', '30.00', 1655),
(5670, '0.10', '0.25', '35.00', 1655),
(5671, '0.25', '0.50', '40.00', 1655),
(5672, '0.00', '0.10', '30.00', 1656),
(5673, '0.10', '0.25', '35.00', 1656),
(5674, '0.25', '0.50', '40.00', 1656),
(5675, '0.00', '0.10', '30.00', 1657),
(5676, '0.10', '0.25', '35.00', 1657),
(5677, '0.25', '0.50', '40.00', 1657),
(5678, '0.00', '0.10', '30.00', 1658),
(5679, '0.10', '0.25', '35.00', 1658),
(5680, '0.25', '0.50', '40.00', 1658),
(5681, '0.00', '0.10', '10.00', 1659),
(5682, '0.10', '0.25', '10.00', 1659),
(5683, '0.25', '0.50', '20.00', 1659),
(5684, '0.00', '0.10', '10.00', 1660),
(5685, '0.10', '0.25', '13.00', 1660),
(5686, '0.25', '0.50', '15.00', 1660),
(5687, '0.00', '0.10', '20.00', 1661),
(5688, '0.10', '0.25', '30.00', 1661),
(5689, '0.25', '0.50', '50.00', 1661),
(5690, '0.00', '0.10', '20.00', 1662),
(5691, '0.10', '0.25', '30.00', 1662),
(5692, '0.25', '0.50', '50.00', 1662),
(5693, '0.00', '0.10', '20.00', 1663),
(5694, '0.10', '0.25', '30.00', 1663),
(5695, '0.25', '0.50', '50.00', 1663),
(5696, '0.00', '0.10', '20.00', 1664),
(5697, '0.10', '0.25', '30.00', 1664),
(5698, '0.25', '0.50', '50.00', 1664),
(5699, '0.00', '0.10', '20.00', 1665),
(5700, '0.10', '0.25', '30.00', 1665),
(5701, '0.25', '0.50', '50.00', 1665),
(5702, '0.00', '0.10', '10.00', 1666),
(5703, '0.10', '0.25', '15.00', 1666),
(5704, '0.25', '0.50', '25.00', 1666),
(5705, '0.00', '0.10', '15.00', 1667),
(5706, '0.10', '0.25', '20.00', 1667),
(5707, '0.25', '0.50', '25.00', 1667),
(5708, '0.00', '0.10', '25.00', 1668),
(5709, '0.10', '0.25', '35.00', 1668),
(5710, '0.25', '0.50', '50.00', 1668),
(5711, '0.00', '0.10', '25.00', 1669),
(5712, '0.10', '0.25', '35.00', 1669),
(5713, '0.25', '0.50', '50.00', 1669),
(5714, '0.00', '0.10', '25.00', 1670),
(5715, '0.10', '0.25', '35.00', 1670),
(5716, '0.25', '0.50', '50.00', 1670),
(5717, '0.00', '0.10', '25.00', 1671),
(5718, '0.10', '0.25', '35.00', 1671),
(5719, '0.25', '0.50', '50.00', 1671),
(5720, '0.00', '0.10', '25.00', 1672),
(5721, '0.10', '0.25', '35.00', 1672),
(5722, '0.25', '0.50', '50.00', 1672),
(5723, '0.00', '0.10', '10.00', 1673),
(5724, '0.10', '0.25', '15.00', 1673),
(5725, '0.25', '0.50', '25.00', 1673),
(5726, '0.00', '0.10', '15.00', 1674),
(5727, '0.10', '0.25', '20.00', 1674),
(5728, '0.25', '0.50', '25.00', 1674),
(5729, '0.00', '0.10', '25.00', 1675),
(5730, '0.10', '0.25', '35.00', 1675),
(5731, '0.25', '0.50', '50.00', 1675),
(5732, '0.00', '0.10', '25.00', 1676),
(5733, '0.10', '0.25', '35.00', 1676),
(5734, '0.25', '0.50', '50.00', 1676),
(5735, '0.00', '0.10', '25.00', 1677),
(5736, '0.10', '0.25', '35.00', 1677),
(5737, '0.25', '0.50', '50.00', 1677),
(5738, '0.00', '0.10', '25.00', 1678),
(5739, '0.10', '0.25', '35.00', 1678),
(5740, '0.25', '0.50', '50.00', 1678),
(5741, '0.00', '0.10', '25.00', 1679),
(5742, '0.10', '0.25', '35.00', 1679),
(5743, '0.25', '0.50', '50.00', 1679),
(5744, '0.00', '0.10', '10.00', 1680),
(5745, '0.10', '0.25', '15.00', 1680),
(5746, '0.25', '0.50', '25.00', 1680),
(5750, '0.00', '0.10', '15.00', 1681),
(5751, '0.10', '0.25', '20.00', 1681),
(5752, '0.25', '0.50', '25.00', 1681),
(5753, '0.00', '0.10', '25.00', 1682);
INSERT INTO `tbl_weight_rate_relation` (`Weight_Id`, `Weight_From`, `Weight_To`, `Amount`, `Rate_Id`) VALUES
(5754, '0.10', '0.25', '35.00', 1682),
(5755, '0.25', '0.50', '50.00', 1682),
(5756, '0.00', '0.10', '25.00', 1683),
(5757, '0.10', '0.25', '35.00', 1683),
(5758, '0.25', '0.50', '50.00', 1683),
(5759, '0.00', '0.10', '25.00', 1684),
(5760, '0.10', '0.25', '35.00', 1684),
(5761, '0.25', '0.50', '50.00', 1684),
(5762, '0.00', '0.10', '25.00', 1685),
(5763, '0.10', '0.25', '35.00', 1685),
(5764, '0.25', '0.50', '50.00', 1685),
(5765, '0.00', '0.10', '25.00', 1686),
(5766, '0.10', '0.25', '35.00', 1686),
(5767, '0.25', '0.50', '50.00', 1686),
(5768, '0.00', '0.10', '10.00', 1687),
(5769, '0.10', '0.25', '15.00', 1687),
(5770, '0.25', '0.50', '25.00', 1687),
(5771, '0.00', '0.10', '10.00', 1688),
(5772, '0.10', '0.25', '15.00', 1688),
(5773, '0.25', '0.50', '25.00', 1688),
(5774, '0.00', '0.10', '25.00', 1689),
(5775, '0.10', '0.25', '35.00', 1689),
(5776, '0.25', '0.50', '50.00', 1689),
(5777, '0.00', '0.10', '25.00', 1690),
(5778, '0.10', '0.25', '35.00', 1690),
(5779, '0.25', '0.50', '50.00', 1690),
(5780, '0.00', '0.10', '25.00', 1691),
(5781, '0.10', '0.25', '35.00', 1691),
(5782, '0.25', '0.50', '50.00', 1691),
(5783, '0.00', '0.10', '25.00', 1692),
(5784, '0.10', '0.25', '35.00', 1692),
(5785, '0.25', '0.50', '50.00', 1692),
(5786, '0.00', '0.10', '25.00', 1693),
(5787, '0.10', '0.25', '35.00', 1693),
(5788, '0.25', '0.50', '50.00', 1693),
(5789, '0.00', '0.10', '10.00', 1694),
(5790, '0.10', '0.25', '15.00', 1694),
(5791, '0.25', '0.50', '25.00', 1694),
(5792, '0.00', '0.10', '15.00', 1695),
(5793, '0.10', '0.25', '20.00', 1695),
(5794, '0.25', '0.50', '25.00', 1695),
(5795, '0.00', '0.10', '25.00', 1696),
(5796, '0.10', '0.25', '35.00', 1696),
(5797, '0.25', '0.50', '50.00', 1696),
(5798, '0.00', '0.10', '25.00', 1697),
(5799, '0.10', '0.25', '35.00', 1697),
(5800, '0.25', '0.50', '50.00', 1697),
(5801, '0.00', '0.10', '25.00', 1698),
(5802, '0.10', '0.25', '35.00', 1698),
(5803, '0.25', '0.50', '50.00', 1698),
(5804, '0.00', '0.10', '25.00', 1699),
(5805, '0.10', '0.25', '35.00', 1699),
(5806, '0.25', '0.50', '50.00', 1699),
(5807, '0.00', '0.10', '25.00', 1700),
(5808, '0.10', '0.25', '35.00', 1700),
(5809, '0.25', '0.50', '50.00', 1700),
(5810, '0.00', '0.10', '10.00', 1701),
(5811, '0.10', '0.25', '15.00', 1701),
(5812, '0.25', '0.50', '25.00', 1701),
(5813, '0.00', '0.10', '15.00', 1702),
(5814, '0.10', '0.25', '20.00', 1702),
(5815, '0.25', '0.50', '25.00', 1702),
(5816, '0.00', '0.10', '25.00', 1703),
(5817, '0.10', '0.25', '35.00', 1703),
(5818, '0.25', '0.50', '50.00', 1703),
(5819, '0.00', '0.10', '25.00', 1704),
(5820, '0.10', '0.25', '35.00', 1704),
(5821, '0.25', '0.50', '50.00', 1704),
(5822, '0.00', '0.10', '25.00', 1705),
(5823, '0.10', '0.25', '35.00', 1705),
(5824, '0.25', '0.50', '50.00', 1705),
(5825, '0.00', '0.10', '25.00', 1706),
(5826, '0.10', '0.25', '35.00', 1706),
(5827, '0.25', '0.50', '50.00', 1706),
(5828, '0.00', '0.10', '25.00', 1707),
(5829, '0.10', '0.25', '35.00', 1707),
(5830, '0.25', '0.50', '50.00', 1707),
(5831, '0.00', '0.10', '10.00', 1708),
(5832, '0.10', '0.25', '12.00', 1708),
(5833, '0.25', '0.50', '15.00', 1708),
(5834, '0.00', '0.10', '10.00', 1709),
(5835, '0.10', '0.25', '15.00', 1709),
(5836, '0.25', '0.50', '25.00', 1709),
(5837, '0.00', '0.10', '20.00', 1710),
(5838, '0.10', '0.25', '25.00', 1710),
(5839, '0.25', '0.50', '35.00', 1710),
(5840, '0.00', '0.10', '20.00', 1711),
(5841, '0.10', '0.25', '25.00', 1711),
(5842, '0.25', '0.50', '35.00', 1711),
(5843, '0.00', '0.10', '20.00', 1712),
(5844, '0.10', '0.25', '25.00', 1712),
(5845, '0.25', '0.50', '35.00', 1712),
(5846, '0.00', '0.10', '20.00', 1713),
(5847, '0.10', '0.25', '25.00', 1713),
(5848, '0.25', '0.50', '35.00', 1713),
(5849, '0.00', '0.10', '20.00', 1714),
(5850, '0.10', '0.25', '25.00', 1714),
(5851, '0.25', '0.50', '35.00', 1714),
(5852, '0.10', '0.25', '10.00', 1715),
(5853, '0.25', '0.50', '15.00', 1715),
(5854, '0.10', '0.25', '15.00', 1716),
(5855, '0.25', '0.50', '20.00', 1716),
(5858, '0.10', '0.25', '25.00', 1718),
(5859, '0.25', '0.50', '40.00', 1718),
(5860, '0.10', '0.25', '25.00', 1719),
(5861, '0.25', '0.50', '40.00', 1719),
(5862, '0.10', '0.25', '25.00', 1720),
(5863, '0.25', '0.50', '40.00', 1720),
(5864, '0.10', '0.25', '25.00', 1721),
(5865, '0.25', '0.50', '40.00', 1721),
(5866, '0.10', '0.25', '25.00', 1717),
(5867, '0.25', '0.50', '40.00', 1717),
(5868, '0.10', '0.25', '15.00', 1182),
(5869, '0.25', '0.50', '20.00', 1182),
(5874, '0.00', '0.10', '10.00', 1722),
(5875, '0.10', '0.25', '10.00', 1722),
(5876, '0.25', '0.50', '12.00', 1722),
(5877, '0.50', '1.00', '20.00', 1722),
(5878, '0.00', '0.10', '15.00', 1723),
(5879, '0.10', '0.25', '15.00', 1723),
(5880, '0.25', '0.50', '18.00', 1723),
(5881, '0.50', '1.00', '40.00', 1723),
(5882, '0.00', '0.10', '20.00', 1724),
(5883, '0.10', '0.25', '30.00', 1724),
(5884, '0.25', '0.50', '40.00', 1724),
(5885, '0.50', '1.00', '70.00', 1724),
(5886, '0.00', '0.10', '20.00', 1725),
(5887, '0.10', '0.25', '30.00', 1725),
(5888, '0.25', '0.50', '40.00', 1725),
(5889, '0.50', '1.00', '70.00', 1725),
(5890, '0.00', '0.10', '20.00', 1726),
(5891, '0.10', '0.25', '30.00', 1726),
(5892, '0.25', '0.50', '40.00', 1726),
(5893, '0.50', '1.00', '70.00', 1726),
(5894, '0.00', '0.10', '20.00', 1727),
(5895, '0.10', '0.25', '30.00', 1727),
(5896, '0.25', '0.50', '40.00', 1727),
(5897, '0.50', '1.00', '70.00', 1727),
(5898, '0.00', '0.10', '20.00', 1728),
(5899, '0.10', '0.25', '30.00', 1728),
(5900, '0.25', '0.50', '40.00', 1728),
(5901, '0.50', '1.00', '70.00', 1728),
(5902, '0.10', '0.25', '30.00', 1729),
(5903, '0.50', '1.00', '40.00', 1729),
(5904, '0.10', '0.25', '30.00', 1730),
(5905, '0.50', '1.00', '40.00', 1730),
(5906, '0.10', '0.25', '30.00', 1731),
(5907, '0.50', '1.00', '40.00', 1731),
(5908, '0.10', '0.25', '30.00', 1732),
(5909, '0.50', '1.00', '40.00', 1732),
(5910, '0.10', '0.25', '30.00', 1733),
(5911, '0.50', '1.00', '30.00', 1733),
(5912, '0.50', '1.00', '30.00', 1734),
(5913, '0.10', '0.25', '30.00', 1735),
(5914, '0.50', '1.00', '30.00', 1735),
(5915, '0.10', '0.25', '30.00', 1736),
(5916, '0.50', '1.00', '30.00', 1736),
(5917, '0.00', '1.00', '4.00', 1737),
(5918, '1.00', '2.00', '8.00', 1737),
(5919, '0.00', '1.00', '8.00', 1738),
(5920, '1.00', '2.00', '16.00', 1738),
(5926, '0.00', '1.00', '4.00', 1744),
(5927, '0.00', '1.00', '8.00', 1745),
(5928, '0.00', '1.00', '40.00', 1746),
(5929, '0.00', '1.00', '40.00', 1747),
(5930, '0.00', '1.00', '40.00', 1748),
(5931, '0.00', '1.00', '40.00', 1749),
(5932, '0.00', '1.00', '40.00', 1750),
(5933, '0.10', '0.25', '10.00', 1751),
(5934, '0.10', '0.25', '30.00', 1752),
(5935, '0.10', '0.25', '70.00', 1753),
(5936, '0.10', '0.25', '70.00', 1754),
(5938, '0.10', '0.25', '70.00', 1756),
(5939, '0.10', '0.25', '70.00', 1757),
(5940, '0.10', '0.25', '70.00', 1755),
(5941, '0.10', '0.25', '20.00', 1758),
(5942, '0.10', '0.25', '20.00', 1759),
(5943, '0.10', '0.25', '30.00', 1760),
(5944, '0.10', '0.25', '30.00', 1761),
(5945, '0.10', '0.25', '30.00', 1762),
(5946, '0.10', '0.25', '30.00', 1763),
(5953, '0.00', '0.10', '25.00', 1766),
(5954, '0.10', '0.25', '35.00', 1766),
(5955, '0.25', '0.50', '50.00', 1766),
(5956, '0.00', '0.10', '25.00', 1767),
(5957, '0.10', '0.25', '35.00', 1767),
(5958, '0.25', '0.50', '50.00', 1767),
(5959, '0.00', '0.10', '25.00', 1768),
(5960, '0.10', '0.25', '35.00', 1768),
(5961, '0.25', '0.50', '50.00', 1768),
(5962, '0.00', '0.10', '25.00', 1769),
(5963, '0.10', '0.25', '35.00', 1769),
(5964, '0.25', '0.50', '50.00', 1769),
(5965, '0.00', '0.10', '15.00', 1764),
(5966, '0.10', '0.25', '20.00', 1764),
(5967, '0.25', '0.50', '25.00', 1764),
(5968, '0.00', '0.10', '15.00', 1765),
(5969, '0.10', '0.25', '20.00', 1765),
(5970, '0.25', '0.50', '25.00', 1765),
(5971, '0.00', '0.10', '15.00', 1770),
(5972, '0.10', '0.25', '20.00', 1770),
(5973, '0.25', '0.50', '25.00', 1770),
(5974, '0.00', '0.10', '15.00', 1771),
(5975, '0.10', '0.25', '20.00', 1771),
(5976, '0.25', '0.50', '25.00', 1771),
(5977, '0.00', '0.10', '25.00', 1772),
(5978, '0.10', '0.25', '35.00', 1772),
(5979, '0.25', '0.50', '50.00', 1772),
(5980, '0.00', '0.10', '25.00', 1773),
(5981, '0.10', '0.25', '35.00', 1773),
(5982, '0.25', '0.50', '50.00', 1773),
(5983, '0.00', '0.10', '25.00', 1774),
(5984, '0.10', '0.25', '35.00', 1774),
(5985, '0.25', '0.50', '50.00', 1774),
(5986, '0.00', '0.10', '25.00', 1775),
(5987, '0.10', '0.25', '35.00', 1775),
(5988, '0.25', '0.50', '50.00', 1775),
(5989, '0.00', '0.10', '8.00', 1776),
(5990, '0.10', '0.25', '10.00', 1776),
(5991, '0.25', '0.50', '10.00', 1776),
(5992, '0.00', '0.10', '10.00', 1777),
(5993, '0.10', '0.25', '12.00', 1777),
(5994, '0.25', '0.50', '15.00', 1777),
(5995, '0.00', '0.10', '20.00', 1778),
(5996, '0.10', '0.25', '25.00', 1778),
(5997, '0.25', '0.50', '30.00', 1778),
(5998, '0.00', '0.10', '20.00', 1779),
(5999, '0.10', '0.25', '25.00', 1779),
(6000, '0.25', '0.50', '30.00', 1779),
(6001, '0.00', '0.10', '20.00', 1780),
(6002, '0.10', '0.25', '25.00', 1780),
(6003, '0.25', '0.50', '30.00', 1780),
(6004, '0.00', '0.10', '20.00', 1781),
(6005, '0.10', '0.25', '25.00', 1781),
(6006, '0.25', '0.50', '30.00', 1781),
(6007, '0.00', '0.10', '20.00', 1782),
(6008, '0.10', '0.25', '25.00', 1782),
(6009, '0.25', '0.50', '30.00', 1782),
(6010, '0.10', '0.25', '20.00', 1783),
(6011, '0.00', '0.10', '10.00', 1784),
(6012, '0.10', '0.50', '15.00', 1784),
(6013, '0.50', '1.00', '20.00', 1784),
(6014, '0.00', '0.10', '15.00', 1785),
(6015, '0.10', '0.50', '20.00', 1785),
(6016, '0.50', '1.00', '30.00', 1785),
(6017, '0.00', '0.10', '30.00', 1786),
(6018, '0.10', '0.50', '45.00', 1786),
(6019, '0.50', '1.00', '80.00', 1786),
(6020, '0.00', '0.10', '30.00', 1787),
(6021, '0.10', '0.50', '45.00', 1787),
(6022, '0.50', '1.00', '80.00', 1787),
(6023, '0.00', '0.10', '30.00', 1788),
(6024, '0.10', '0.50', '45.00', 1788),
(6025, '0.50', '1.00', '80.00', 1788),
(6026, '0.00', '0.10', '30.00', 1789),
(6027, '0.10', '0.50', '45.00', 1789),
(6028, '0.50', '1.00', '80.00', 1789),
(6029, '1.00', '1.00', '26.00', 1790),
(6032, '0.00', '0.25', '20.00', 1792),
(6033, '0.25', '0.50', '40.00', 1792),
(6498, '0.00', '0.10', '10.00', 1793),
(6499, '0.10', '0.25', '12.00', 1793),
(6500, '0.25', '0.50', '15.00', 1793),
(6501, '0.50', '1.00', '20.00', 1793),
(6502, '0.00', '0.10', '15.00', 1794),
(6503, '0.10', '0.25', '20.00', 1794),
(6504, '0.25', '0.50', '25.00', 1794),
(6505, '0.50', '1.00', '40.00', 1794),
(6506, '0.00', '0.10', '25.00', 1795),
(6507, '0.10', '0.25', '30.00', 1795),
(6508, '0.25', '0.50', '50.00', 1795),
(6509, '0.50', '1.00', '100.00', 1795),
(6510, '0.00', '0.10', '25.00', 1796),
(6511, '0.10', '0.25', '30.00', 1796),
(6512, '0.25', '0.50', '50.00', 1796),
(6513, '0.50', '1.00', '100.00', 1796),
(6514, '0.00', '0.10', '25.00', 1797),
(6515, '0.10', '0.25', '30.00', 1797),
(6516, '0.25', '0.50', '50.00', 1797),
(6517, '0.50', '1.00', '100.00', 1797),
(6518, '0.00', '0.10', '25.00', 1798),
(6519, '0.10', '0.25', '30.00', 1798),
(6520, '0.25', '0.50', '50.00', 1798),
(6521, '0.50', '1.00', '100.00', 1798),
(6522, '0.00', '0.10', '25.00', 1799),
(6523, '0.10', '0.25', '30.00', 1799),
(6524, '0.25', '0.50', '50.00', 1799),
(6525, '0.50', '1.00', '100.00', 1799);

-- --------------------------------------------------------

--
-- Table structure for table `tbl_zones`
--

CREATE TABLE `tbl_zones` (
  `Zone_Id` tinyint(4) NOT NULL,
  `Zone_Code` varchar(30) NOT NULL,
  `Zone_Name` varchar(50) NOT NULL
) ENGINE=InnoDB DEFAULT CHARSET=latin1;

--
-- Dumping data for table `tbl_zones`
--

INSERT INTO `tbl_zones` (`Zone_Id`, `Zone_Code`, `Zone_Name`) VALUES
(1, 'ZONE1', 'WITHIN CITY'),
(2, 'ZONE2', 'WITHIN STATE'),
(3, 'ZONE3', 'EAST'),
(4, 'ZONE4', 'WEST'),
(10, 'ZONE5', 'NORTH'),
(11, 'ZONE6', 'SOUTH'),
(12, 'ZONE7', 'NORTH EAST'),
(13, 'ZONE8', 'CRITICAL AREA');

--
-- Indexes for dumped tables
--

--
-- Indexes for table `tbl_admin_login`
--
ALTER TABLE `tbl_admin_login`
  ADD PRIMARY KEY (`Admin_Id`);

--
-- Indexes for table `tbl_banks`
--
ALTER TABLE `tbl_banks`
  ADD PRIMARY KEY (`Bank_Id`),
  ADD KEY `IX_Relationship17` (`Branch_Id`);

--
-- Indexes for table `tbl_branchs`
--
ALTER TABLE `tbl_branchs`
  ADD PRIMARY KEY (`Branch_Id`),
  ADD UNIQUE KEY `Branch Name` (`Branch_Name`);

--
-- Indexes for table `tbl_clients`
--
ALTER TABLE `tbl_clients`
  ADD PRIMARY KEY (`Client_Id`),
  ADD KEY `Destination_Id` (`Destination_Id`),
  ADD KEY `Branch_Id` (`Branch_Id`);

--
-- Indexes for table `tbl_consignments`
--
ALTER TABLE `tbl_consignments`
  ADD PRIMARY KEY (`Consignment_Id`),
  ADD KEY `IX_Relationship26` (`Client_id`),
  ADD KEY `IX_Relationship27` (`Branch_Id`),
  ADD KEY `IX_Relationship29` (`Operator_Id`);

--
-- Indexes for table `tbl_destinations`
--
ALTER TABLE `tbl_destinations`
  ADD PRIMARY KEY (`Destination_Id`),
  ADD KEY `State_Id` (`State_Id`);

--
-- Indexes for table `tbl_invoices`
--
ALTER TABLE `tbl_invoices`
  ADD PRIMARY KEY (`Invoice_Id`),
  ADD KEY `Operator_Id` (`Operator_Id`),
  ADD KEY `Branch_Id` (`Branch_Id`),
  ADD KEY `Client_Id` (`Client_Id`);

--
-- Indexes for table `tbl_operators`
--
ALTER TABLE `tbl_operators`
  ADD PRIMARY KEY (`Operator_Id`),
  ADD KEY `IX_Relationship9` (`Branch_Id`),
  ADD KEY `State_Id` (`State_Id`);

--
-- Indexes for table `tbl_operator_permissions`
--
ALTER TABLE `tbl_operator_permissions`
  ADD PRIMARY KEY (`Permission_ID`),
  ADD KEY `IX_Relationship14` (`Operator_Id`);

--
-- Indexes for table `tbl_rates`
--
ALTER TABLE `tbl_rates`
  ADD PRIMARY KEY (`Rate_Id`),
  ADD KEY `Client_Id` (`Client_Id`),
  ADD KEY `Zone_Id` (`Zone_Id`);

--
-- Indexes for table `tbl_received_amt`
--
ALTER TABLE `tbl_received_amt`
  ADD PRIMARY KEY (`RID`);

--
-- Indexes for table `tbl_received_amt_details`
--
ALTER TABLE `tbl_received_amt_details`
  ADD PRIMARY KEY (`S_No`);

--
-- Indexes for table `tbl_states`
--
ALTER TABLE `tbl_states`
  ADD PRIMARY KEY (`State_Id`),
  ADD KEY `Zone_Id` (`Zone_Id`);

--
-- Indexes for table `tbl_weight_rate_relation`
--
ALTER TABLE `tbl_weight_rate_relation`
  ADD PRIMARY KEY (`Weight_Id`),
  ADD KEY `Rate_Id` (`Rate_Id`);

--
-- Indexes for table `tbl_zones`
--
ALTER TABLE `tbl_zones`
  ADD PRIMARY KEY (`Zone_Id`);

--
-- AUTO_INCREMENT for dumped tables
--

--
-- AUTO_INCREMENT for table `tbl_admin_login`
--
ALTER TABLE `tbl_admin_login`
  MODIFY `Admin_Id` tinyint(4) NOT NULL AUTO_INCREMENT, AUTO_INCREMENT=2;
--
-- AUTO_INCREMENT for table `tbl_banks`
--
ALTER TABLE `tbl_banks`
  MODIFY `Bank_Id` int(11) NOT NULL AUTO_INCREMENT, AUTO_INCREMENT=3;
--
-- AUTO_INCREMENT for table `tbl_branchs`
--
ALTER TABLE `tbl_branchs`
  MODIFY `Branch_Id` smallint(6) NOT NULL AUTO_INCREMENT, AUTO_INCREMENT=27;
--
-- AUTO_INCREMENT for table `tbl_clients`
--
ALTER TABLE `tbl_clients`
  MODIFY `Client_Id` int(11) NOT NULL AUTO_INCREMENT, AUTO_INCREMENT=260;
--
-- AUTO_INCREMENT for table `tbl_consignments`
--
ALTER TABLE `tbl_consignments`
  MODIFY `Consignment_Id` int(11) NOT NULL AUTO_INCREMENT, AUTO_INCREMENT=48445;
--
-- AUTO_INCREMENT for table `tbl_destinations`
--
ALTER TABLE `tbl_destinations`
  MODIFY `Destination_Id` smallint(6) NOT NULL AUTO_INCREMENT, AUTO_INCREMENT=1438;
--
-- AUTO_INCREMENT for table `tbl_invoices`
--
ALTER TABLE `tbl_invoices`
  MODIFY `Invoice_Id` int(11) NOT NULL AUTO_INCREMENT, AUTO_INCREMENT=867;
--
-- AUTO_INCREMENT for table `tbl_operators`
--
ALTER TABLE `tbl_operators`
  MODIFY `Operator_Id` smallint(6) NOT NULL AUTO_INCREMENT, AUTO_INCREMENT=3;
--
-- AUTO_INCREMENT for table `tbl_rates`
--
ALTER TABLE `tbl_rates`
  MODIFY `Rate_Id` int(11) NOT NULL AUTO_INCREMENT, AUTO_INCREMENT=1800;
--
-- AUTO_INCREMENT for table `tbl_received_amt`
--
ALTER TABLE `tbl_received_amt`
  MODIFY `RID` int(11) NOT NULL AUTO_INCREMENT, AUTO_INCREMENT=170;
--
-- AUTO_INCREMENT for table `tbl_received_amt_details`
--
ALTER TABLE `tbl_received_amt_details`
  MODIFY `S_No` int(11) NOT NULL AUTO_INCREMENT, AUTO_INCREMENT=202;
--
-- AUTO_INCREMENT for table `tbl_states`
--
ALTER TABLE `tbl_states`
  MODIFY `State_Id` tinyint(4) NOT NULL AUTO_INCREMENT, AUTO_INCREMENT=36;
--
-- AUTO_INCREMENT for table `tbl_weight_rate_relation`
--
ALTER TABLE `tbl_weight_rate_relation`
  MODIFY `Weight_Id` int(11) NOT NULL AUTO_INCREMENT, AUTO_INCREMENT=6526;
--
-- AUTO_INCREMENT for table `tbl_zones`
--
ALTER TABLE `tbl_zones`
  MODIFY `Zone_Id` tinyint(4) NOT NULL AUTO_INCREMENT, AUTO_INCREMENT=14;
--
-- Constraints for dumped tables
--

--
-- Constraints for table `tbl_destinations`
--
ALTER TABLE `tbl_destinations`
  ADD CONSTRAINT `tbl_destinations_ibfk_1` FOREIGN KEY (`State_Id`) REFERENCES `tbl_states` (`State_Id`);

--
-- Constraints for table `tbl_invoices`
--
ALTER TABLE `tbl_invoices`
  ADD CONSTRAINT `tbl_invoices_ibfk_2` FOREIGN KEY (`Operator_Id`) REFERENCES `tbl_operators` (`Operator_Id`),
  ADD CONSTRAINT `tbl_invoices_ibfk_3` FOREIGN KEY (`Branch_Id`) REFERENCES `tbl_branchs` (`Branch_Id`),
  ADD CONSTRAINT `tbl_invoices_ibfk_4` FOREIGN KEY (`Client_Id`) REFERENCES `tbl_clients` (`Client_Id`);

--
-- Constraints for table `tbl_operators`
--
ALTER TABLE `tbl_operators`
  ADD CONSTRAINT `Relationship9` FOREIGN KEY (`Branch_Id`) REFERENCES `tbl_branchs` (`Branch_Id`),
  ADD CONSTRAINT `tbl_operators_ibfk_1` FOREIGN KEY (`State_Id`) REFERENCES `tbl_states` (`State_Id`);

--
-- Constraints for table `tbl_operator_permissions`
--
ALTER TABLE `tbl_operator_permissions`
  ADD CONSTRAINT `tbl_operator_permissions_ibfk_1` FOREIGN KEY (`Operator_Id`) REFERENCES `tbl_operators` (`Operator_Id`);

--
-- Constraints for table `tbl_rates`
--
ALTER TABLE `tbl_rates`
  ADD CONSTRAINT `tbl_rates_ibfk_1` FOREIGN KEY (`Client_Id`) REFERENCES `tbl_clients` (`Client_Id`),
  ADD CONSTRAINT `tbl_rates_ibfk_2` FOREIGN KEY (`Zone_Id`) REFERENCES `tbl_zones` (`Zone_Id`);

--
-- Constraints for table `tbl_states`
--
ALTER TABLE `tbl_states`
  ADD CONSTRAINT `tbl_states_ibfk_1` FOREIGN KEY (`Zone_Id`) REFERENCES `tbl_zones` (`Zone_Id`);

--
-- Constraints for table `tbl_weight_rate_relation`
--
ALTER TABLE `tbl_weight_rate_relation`
  ADD CONSTRAINT `tbl_weight_rate_relation_ibfk_1` FOREIGN KEY (`Rate_Id`) REFERENCES `tbl_rates` (`Rate_Id`);

/*!40101 SET CHARACTER_SET_CLIENT=@OLD_CHARACTER_SET_CLIENT */;
/*!40101 SET CHARACTER_SET_RESULTS=@OLD_CHARACTER_SET_RESULTS */;
/*!40101 SET COLLATION_CONNECTION=@OLD_COLLATION_CONNECTION */;
